{"type": "blog", "blog_name": "دلنوشت های یک دلداده", "blog_url": "http://tanhayihayeman.blog.ir/", "post_url_1": "http://tanhayihayeman.blog.ir/1396/10/30/%D8%AA%DA%AF-%D8%A7%D8%B3%D8%AA%D8%A7%D8%B1-%D8%A7%DB%8C%D9%86%D8%B3%D8%AA%D8%A7%DA%AF%D8%B1%D8%A7%D9%85", "post_title_1": "تگ استار اینستاگرام", "post_content_1": "این روزها تو اینستاگرام خیلی زیاد شده عکس هاشون\nتگ استارها\nهمون شاخ های اینستاگرام\nیه جشن برگزار کردن و تقدیر کردن از این شاخ های.....\nاقای رامبد جوان باهمشون عکس گرفته و کلی خوشحال\nبری پیج هاشون و ببینی خندت میگیره\nاز زندگی های مسخره و فانتزیشون دم به ثانیه عکس میگیرن  و زندگی هاشون و به نمایش میذارن ازشون تقدیر هم میشه\nواقعا نمیفهمم ملاکشون چیه؟!!!!!!\nمعیارشون تعداد فالورهاشونه \nادم های خول وضعی که چندصدهزار تا ادم بیکار صفحه هاشون دنبال میکنن و براشون مهمه که امروز اینا ناهار چی خوردن کجا رفتن و چی پوشیدن\nو هزارتا تبریک بهشون بگن\nخودمون خیلی هارو بزرگ کردیم خیلی هارو\nنمیفهممشون\nوقتی الگوهای زندگیمون بشن بازیگرا و این شاخای اینستا بایدم آمار طلاق روز به روز بیشتر بشه و اخلاق افت کنه\nگندزده شده به زندگی ها\nخیلی طرح بیخودی بود خلاصه...\nکسایی که انتخاب شدن زن و شوهر های بی قید و بندی هستن که ...\nمردایی که با بی غیرتی تمام عکس خانمشون و گذاشتن تا افتخار کسب کنند\nدوتا خواهر دوقلو که با دو برادر دوقلو ازدواج کردن و عکس های عروسیشون و میذارن\nو همه لحظه ها تو هم میلولن\nبچه یه کچلیک گفت همه جا دعوتش میکنن و میگن بگو کچلیک بذارید زندگیشو کنه...\nمتاسفم برای بشریت.\nهمین\nرقابت بر سره هرزگی\nصفحه های این ستاره های فضای مجازی \n\n\n\n", "post_url_2": "http://tanhayihayeman.blog.ir/1396/10/29/%D8%B1%DB%8C%D8%A7%D8%B6%DB%8C-%D8%A8%D9%87-%DA%86%D9%87-%D8%AF%D8%B1%D8%AF-%D8%B2%D9%86%D8%AF%DA%AF%DB%8C-%D9%85%DB%8C%D8%AE%D9%88%D8%B1%D9%87", "post_title_2": "ریاضی به چه درد زندگی میخوره", "post_content_2": "هوالعلیم\nوقتی تو سنی بودیم که دنبال کشف حقایق و دنبال درست زندگی کردن بودیم \nباید رشته تحصیلیمون و انتخاب میکردیم و ایندمون گره میخورد به این انتخاب\nبچه های فنی تکلیفشون مشخص بود یه حرفه ای یاد میگرفتن\nبچه های انسانی اهل شعر و فلسفه و منطق میشدن\nبچه های تجربی چهارتا چیز پزشکی و زیست و آناتومی بدن میخوندن به یه دردی میخورد\nما ریاضی ها هیچوقت نفهمیدیم ریاضی و فیزیک و شیمی و انتگرال به چه درد زندگیمون میخورد\nبنابراین سر هر درس با معلم دعوا داشتیم که اینا به چه درد زندگیمون میخوره\nیه مثلث میکشیدن تو صفحه نه عددی داشت نه چیزی میگفتن ثابت کن abcمثلث است!\nیا نیوتون خدا بیامرز یه جیزایی کشف کرده بود ما باید اثباتش میکردیم\nزنگای شیمی دلمون میخواست بریم ازمایشگاه و چهارتا محلول و بریزیم تو شیشه و یه چی بترکه یه ذوقی کنیم\nمینشستیم و همش اثبات میکردیم\n3سال دنبال این بودیم که به یه زخمی بزنیم اون درس ها و مزخرفاتی که خوندیم و\nمن از عمری که برای این رشته گذاشتم فقط از یه قضیه استفاده کردم که این قضیه را به اسم حیوان عزیز حمار ثبت کردن\nمثلا شما یه مثلث قائم الزاویه رو فرض کن\nاگر خر و بذاری نوک مثلث از اون خط وسط میره به اون اخر\nیعنی از سه تا ضلع نمیگذره\nمن چیکار میکنم همیشه وقتی تو جاده راه میرم دنبال یه راهیم که میانبر بزنم و راهم و کوتاه کنم و کوتاهترین مسیر و انتخاب کنم و یاد حمارجان میفتم\nو قانون های نیوتون هم به کارم میاد\nمثلا وقتی سوار اتوبوس یا ماشینم \nمیام خونه میبینم هنوز احساس تکون خوردن دارم\nفکر کنم طبق قانون سوم نیوتون میگم اگر یه جسم در حال حرکت باشه تمایل داره به حرکت ادامه بده\nو این تکون ها بخاطر تمایله\nجندول مندلیف هم همینو فهمیدم که هرچی تو جدول مندلیف هست تو بدن انسان وجود داره راست یا دروغشو نمیدونم حالا\nمثلا فوسفر کلسیم منیزیم و آهن و اینارو داریم....\nولی ذهنم خیلی باز شد انصافا\nو یه خاصیت دیگه این که از ریاضی نمیترسم\nاگه یه بچه بگه مسئله ریاضی دارم ه راحتی براش حل میکنم....\nمحاله بچه ریاضی باشی و سرکلاس از معلم نپرسیده باشی این به چه درد ما میخوره...\nپ ن:البته درس های دانشگاه هم خیلی بدردمون نمیخوره\nاکثر رشته ها بی فایدست...\nقدیما از هرچی ترشی درست میکردن الان رشته دانشگاهی:)\n", "post_url_3": "http://tanhayihayeman.blog.ir/1396/10/29/%D8%A8%DA%86%D9%87-%D9%87%D8%A7%DB%8C-%D8%A8%DB%8C%D8%A7%D9%86", "post_title_3": "بچه های بیان", "post_content_3": "فضای اینجا رو خیلی دوست دارم\nبا شادی های هم شاد میشیم\nبا غم های هم غمگین\nصادقانه برای هم دعا میکنیم\nهمدیگه رو راهنمایی میکنیم\nتو لحظه های هم شریکیم\nشاید اصلا همدیگه رو نشناسیم\nکسی به کسی حسادت نمیکنه،پشت سرهم غیبت نمیکنیم،بهم تهمت نمیزنیم\nکسایی و دنبال میکنیم که دوست داریم وبلاگایی که خوشمون نمیاد راحت لغو میکنیم\nزندگی حقیقی اینطور نیست بعضیا واقعا چشم دیدنه خوشی هات و ندارن\nبا غمات خوشحال میشن\nعده کمی هستن که اینطور نیستن \nادما یه رو نیستن تا وقتی بهت نیاز دارن باهات خوبن\nبه هم حسادت میکنن\nغیبت تهمت\nوقتی میگی برام دعا کن دلش میخواد اونطوری بشه که خودش دلش میخواد....\nدلم میخواد یکسری هازو برای همیشه از زندگیم حذف کنم...\nخیلی  برام عزیزید بیانی های نازنین\nدخترای گل شمارو واقعا دوست دارم بهترین دوستامین\nاقایون هم برام محترمن \nخیلی چیزا از همتون یادمیگیرم همیشه", "post_url_4": "http://tanhayihayeman.blog.ir/1396/10/28/%D8%AE%DB%8C%D9%84%DB%8C-%D8%AE%DB%8C%D9%84%DB%8C-%D8%AE%DB%8C%D9%84%DB%8C-%D8%A8%D8%B1%D8%A7%D9%85-%D8%AF%D8%B9%D8%A7-%DA%A9%D9%86%DB%8C%D8%AF", "post_title_4": "خیلی خیلی خیلی برام دعا کنید", "post_content_4": "سلام بچه ها\nخیلی خیلی خیلی محتاج دعام\nتو رو خدا یه دعا از ته ته دلتون بکنید خدا حتنا صدای شمارو میشنوه\nدعاهای خودم دیگه به زندگیم اثر نداره دعا کنید فقط یه نگاه کوچیک به زندگیم بندازه نمیکشم.....", "post_url_5": "http://tanhayihayeman.blog.ir/1396/10/28/%D8%AD%D9%81%D8%B8-%D9%82%D8%B1%D8%A2%D9%86", "post_title_5": "حفظ قرآن", "post_content_5": "بسم الله الرحمن الرحیم\nروش موثر برای حفظ قران \nخدایا خودت کمک کن\nبرای حفظ یه قران بدون معنی داشته باشید و یک قران با معنی\n\nادامه مطلب"}