{"type": "blog", "blog_name": "گاه نوشت های من", "blog_url": "http://best-world.blog.ir/", "post_url_1": "http://best-world.blog.ir/1396/11/01/%D8%AA%D8%B9%D9%87%D8%AF", "post_title_1": "تعهد", "post_content_1": "استاد میگه\nتعهد به امضا نیست! همین که بگی دوستت دارم یعنی سند احساسش رو زدی به نامت. مسئولی!", "post_url_2": "http://best-world.blog.ir/1396/10/23/%D8%AF%D9%88%D8%B3%D8%AA%D8%B4-%D8%AF%D8%A7%D8%B1%D9%85", "post_title_2": "دوستش دارم :-)", "post_content_2": "بودنش برام آرامشه\nخدایا شکرت :-)", "post_url_3": "http://best-world.blog.ir/1396/08/22/%D8%A8%D8%A7%D9%84%D8%A7%D8%AE%D8%B1%D9%87-%DA%AF%D9%81%D8%AA%D9%85", "post_title_3": "بالاخره گفتم :-|", "post_content_3": "گفتم :-|\nنگام کرد\nسکوت کرد\nرفت", "post_url_4": "http://best-world.blog.ir/1396/08/15/%D9%85%DB%8C%D8%AA%D9%88%D9%86%D9%85", "post_title_4": "میتونم؟؟", "post_content_4": "حس میکنم اونم از من خوشش میاد. البته فقط یه حسه که امیدوارم درست باشه. :-))) نمیخوام بی گدار به آب بزنم!! اینو میدونم که وقتی به یه دختر میگی دوستت دارم کل وجودش پر از احساس میشه. این رو استادمون گفت. تو این مدتی که به بحث احساس و علاقه رسیدیم خیلی چیزا یاد گرفتم!! در کل کلاس مفیدیه!! :-| استاد میگه در برابر دوستت دارم هایی که قراره به دختری بگید مسئولید! باید تا اخرش پای جمله ای که میگین بمونین! حتی اگه یه روزی اون دختر دچار مشکل شد. مثلا تصادف کرد و واسه همیشه ویلچرنشین شد! (خدایی نکرده!) باید تا اخرش پای همون دوستت دارم بمونی! تا آخرش!!\nمیتونم بمونم؟؟ :-//", "post_url_5": "http://best-world.blog.ir/1396/08/14/....", "post_title_5": ".", "post_content_5": "لعنت به پروژه :-|"}