{"type": "blog", "blog_name": "به وسعت اسمان", "blog_url": "http://bevosat-asman.blog.ir/", "post_url_1": "http://bevosat-asman.blog.ir/post/1-2-3%DA%A9%D9%88%D8%B2%D8%AA-%D8%B5%D8%AD%D8%A8%D8%AA-%D9%85%DB%8C%DA%A9%D9%86%D9%87", "post_title_1": "1.2.3کوزت صحبت میکنه:))", "post_content_1": "این پست صرفا غرغرهای اسمان میباشد وارزش محتوایی ندارد:))\n+گفتم  درجریان باشید:)\n \nساعت 12شب و همچنان تا همین الان داشتم ظررررررف می شستم نه ازاین ظرف شستن های که 4تا بشقاب میوه خوری هستاااا\nازاین ظرف شستن ها که سینک تا سقف پرظرف به علاوه ازاین سر کابینت تا اون سر کابینت بازهم پرظرف اونم همش قابلمه وتابه های بزرگ که\nهم قدوقواره خودم هستن\nاگه دخترهستید وظیفه عزیز ظرف شستن باشماست که #همدردی\nاگه هم پسرهستید  که ظرف نمی شورید روزی 7بار سجده شکر به جابیارید  بازم کمه..مگه کم کار مزخرف وچرتی هست\nازاین طرف چون بنده  ادم کلا خوش شانسیم امروز اول ماه جدید بود کلی کرفس وسبزی واسفناج خریده شدبود همه اونا روهم شستم\nالان بس که سرپا ایستادم دارم  کم کم جان به جان افرین  تسلیم میکنم\nچه قدر غر زدماا ...ولی خیلی لازم بود:))\n \n \n ", "post_url_2": "http://bevosat-asman.blog.ir/post/%D8%A8%D9%87-%D9%88%D9%82%D8%AA-%D8%B4%D9%86%D8%A8%D9%87", "post_title_2": "به وقت شنبه...", "post_content_2": "شنبه ها رو دوست  دارم\nیه حس شروع  دوباره بهم دست میده\nیه حسی که هرچی هفته پیش گذشت خوب یا بد بزارش کنار ..حتی از ذهنت و هفته جدیدت رو شروع کن\nاکثر ماها جمعه هارو اختصاص میدیم به رسیدگی خودمون واتاق هامون وخونه یا....\nولی من شنبه هارو انتخاب میکنم برای اماده کردن خودم واتاقم برای هفته جدید\nبرگ  وگلبرگ های خشک گلدون ها که پله رو پرکردن جمع میکنم  ودرحالی که به گل های دوست داشتنیم اب یا کود میدم  از هفته ای که گذشت  براشون حرف میزنم\nسبد لباس های کثیفی که در طول هفته پرشدن می ریزم داخل لباسشویی\nملافه های تخت رو عوض میکنم\nچندساعت پنجره   رو باز میزارم تا   اتاق نفس تازه ای بکشه\nکیسه های زباله که پرشدن پایین میبرم (مزخرف ترین قسمتش همینه:)\n خرید ها وکارهایی که در هفته باید انجام بشه  به دیوار کنار میز میزنم\nکتاب وفیلم ها وانیمیشن هایی که در طول هفته دیدم واهنگ های که گوش کردم(منظورم اهنگ هایی هست که سعی کردم ترجمه کنم وبفهمم)داخل لیستم مینویسم\nلباس هارو اتو میکنم داخل کمدخودشون میزارم\nکفش هارو تمیزمی کنم\nاتاق رو طی می کشم وگردگیری میکنم\nواماده میشم برای اغاز هفته دیگه ی که پراز اتفاق های جالب میتونه باشه\nکار های تکراری به وقت شنبه رو دوست دارم\nیه حس خوبی بهم میده\nحس اینکه\nقلب زندگی هنوز داره میتپه\nهفته ای پراز لحظه های دوست داشتنی  براتون ارزومیکنم\n \n+ممنون از اینکه براتون مهمه ومیپرسید ولی  همین الان سازمان سنجش اطلاعیه داد نتیجه ها سشنبه میاد...انگار نه انگار 22هزار نفر منتطرن:/", "post_url_3": "http://bevosat-asman.blog.ir/post/%D8%AF%DB%8C%D8%AF%DB%8C%D9%86-%D9%85%DB%8C%DA%AF%D9%86-%D8%A7%D8%AF%D9%85-%D8%A7%D8%B2-%D9%81%D8%B1%D8%AF%D8%A7%DB%8C-%D8%AE%D9%88%D8%AF%D8%B4-%D9%87%D9%85-%D8%AE%D8%A8%D8%B1-%D9%86%D8%AF%D8%A7%D8%B1%D9%87", "post_title_3": "دیدین میگن ادم از فردای خودش هم خبر نداره:))", "post_content_3": "\nبرای نمایش مطلب باید رمز عبور را وارد کنید\n\t\n\n\n\n", "post_url_4": "http://bevosat-asman.blog.ir/post/%D9%86%D8%B0%D8%B1-%DA%A9%D8%B1%D8%AF%D9%87-%D8%A7%D9%85", "post_title_4": "نذر کرده ام...", "post_content_4": "نذر کرده امیک روزی که خوشحال تر بودمبیایم و بنویسم کهزندگی را باید با لذت خوردکه ضربه های روی سر را باید آرام بوسیدو بعد لبخند زد و دوباره با شوق راه افتاد\nیک روزی که خوشحال تر بودممی آیم و می نویسم کهاین نیز بگذردمثل همیشه که همه چیز گذشته است وآب از آسیاب و طبل طوفان از نوا افتاده است\nیک روزی که خوشحال تر بودمیک نقاشی از پاییز میگذارم , که یادم بیاید زمستان تنها فصل زندگی نیستزندگی پاییز هم می شود , رنگارنگ , از همه رنگ , بخر و ببر\nیک روزی که خوشحال تر بودمنذرم را ادا می کنم\nتا روزهایی مثل حالاکه خستگی و ناتوانی لای دست و پایم پیچیده استبخوانمشانو یادم بیاید کههیچ بهار و پاییزی بی زمستان مزه نمی دهدوهیچ آسیاب آرامی بی طوفان\nمهدی اخون ثالث\nکپی از وبلاگ حصار اسمان عزیز\n \nپ.ن می شود برای اسمان دعاکنید؟؟!فقط برایم با ان قلب های مهربانتان دعاکنید...", "post_url_5": "http://bevosat-asman.blog.ir/post/**", "post_title_5": "**", "post_content_5": "همه به دیدن دریا می روند \nومن فکرمی کنم \nکه چه قدر دلش می گیرد ساحل.."}