{"type": "blog", "blog_name": "گاه نوشت هایِ یک عددپشت کنکوری📚", "blog_url": "http://l-mydaily-l.blog.ir/", "post_url_1": "http://l-mydaily-l.blog.ir/1396/11/02/%F0%9F%98%8F-%F0%9F%98%8C-%F0%9F%98%B4", "post_title_1": "😏 + 😌 + 😴", "post_content_1": "مهلتِ ثبتِ نامِ کنکورهم رسید! انگارهمین دیروز بود که سپرده بودم خانومِ \"ح\" دفترچمُ چک کنه! سعی میکنم هیچ حسی به ثبتِ نامِ کنکور نداشته باشم! نه استرسی واسش داشته باشم!نه نگران باشم! نه خوشحال! نه ناراحت!\nاینروزا هم روتین وارمیگذرن...\n\nدیگه چیزی به ذهنم نمیرسه بنویسم،شایدم حسش نیست !برم یکی دوساعت هم بخوابم که بعدش شروع کنم بخونم! (ساعت خوابمان یه خرده قاریشمیش! :||| )\n\nعاشقِ عنوانمم اصن! :| خیلیم خوبِ! ^___^", "post_url_2": "http://l-mydaily-l.blog.ir/1396/10/30/1%E2%80%A2", "post_title_2": "۱•", "post_content_2": "بیا دوباره آغاز کنیم...مسیری را که در میانه یِ راهش بریده ایم!\nبیا دوباره به آغازِ راه برگردیم...\nاین بار..؛\nچشم هایمان را نمی بندیم...\nاین بار..؛\nبرایِ رسیدن به مقصدی که در انتهایِ راه نبود گام هایمان را تند نمیکنیم.\n\n\" انوش ترابی \""}