{"type": "blog", "blog_name": "خورشید شب", "blog_url": "http://manamman.blog.ir/", "post_url_1": "http://manamman.blog.ir/1396/11/01/%D8%A7%D8%B2-%D8%A7%D9%88%D9%86-%D8%A8%D8%A7%D9%84%D8%A7-%DA%A9%D9%81%D8%AA%D8%B1-%D9%85%DB%8C%D8%A2%DB%8C%D8%AF-2", "post_title_1": "از اون بالا کفتر میآید 2", "post_content_1": "سلام بچه ها نامه هاتونو بفرستین\n 10بهمن اخرین مهلته\n قرعه کشی نیست\nبه بهترین نامه جایزه میدیم\n ادرس ایمیل:mylifestories@gmail.com", "post_url_2": "http://manamman.blog.ir/1396/10/30/%D8%A7%D8%AF%D8%A7%D9%85%D8%B4%D9%87", "post_title_2": "ادامشه", "post_content_2": "...\nدبیرستان دایره داستانای عشقی ما بیشترو  بیشتر شد!\nادامه مطلب", "post_url_3": "http://manamman.blog.ir/1396/10/27/%D8%B4%D8%A7%DB%8C%D8%AF-%D9%87%D9%85%DB%8C%D9%86%D8%B1%D9%88%D8%B2%D8%A7-%D8%AF%D9%84%DA%A9%D9%86%D8%AF%D9%85%D9%88-%D8%B1%D9%81%D8%AA%D9%85", "post_title_3": "شاید همینروزا دلکندمو رفتم!", "post_content_3": "یک روان‌شناس گفت: اگر از صدای جویدن غذا توسط دیگران، صدای تلویزیون، صدای موبایل اعضای خانواده و مواردی از این دست به‌طور افراطی رنج ببریم، دچار اختلال میسوفونیا هستیم.\nادامه مطلب", "post_url_4": "http://manamman.blog.ir/1396/10/24/nose", "post_title_4": ":---|", "post_content_4": "بابای شمام دماغتونو جوری چپو راس میکنه و میکشتش که میخواد از جا کنده شه؟؟\nادامه مطلب", "post_url_5": "http://manamman.blog.ir/1396/10/20/bagher", "post_title_5": "مامانم میگه باقر کاملا خداخواسته بوده", "post_content_5": "\n2سال و سه ماه از من کوچیکتره\nادامه مطلب"}