{"type": "blog", "blog_name": "افکار معلق", "blog_url": "http://1z1z1.blog.ir/", "post_url_1": "http://1z1z1.blog.ir/1396/11/01/%D8%A7%D8%B1%D9%81%D8%A7%D9%82-%D9%87%D9%85-%D9%86%D9%85%DB%8C%DA%A9%D9%86%D9%85-%D8%AF%DB%8C", "post_title_1": "ارفاق هم نمیکنم :دی", "post_content_1": "ولی خداوکیلی یکی از جذاب ترین بخش های دانشگاه بخش  ارزشیابی اساتیده حالا هر چند که براشون مهم نیست \nحتی قابلیت اینو داره که عقده های دبیرستان و راهنمایی رم توش خالی کرد\n", "post_url_2": "http://1z1z1.blog.ir/1396/11/01/%D8%A8%D9%87-%D9%BE%D8%A7%DB%8C%D8%A7%D9%86-%D8%A2%D9%85%D8%AF-%D8%A7%DB%8C%D9%86-%DA%86%D8%B1%D9%86%D8%AF%DB%8C%D8%A7%D8%AA-%D9%86%D9%87-%D9%85%D8%AB%D9%87-%D8%A7%DB%8C%D9%86%DA%A9%D9%87-%D8%A7%D8%B2-%D8%A7%D8%AA%D8%A7%D9%82-%D9%81%D8%B1%D9%85%D8%A7%D9%86", "post_title_2": "به پایان آمد این چرندیات نه مثه اینکه از اتاق فرمان", "post_content_2": "اشاره میکنن یکی دیگه مونده حکایت همچنان باقیست \nخب دیگه بسه ترمی که گند زده شد دیگه گند زده شد دیگه \nالان خوشحالم که داره تموم میشه اون آخری هم فیزیولوژی هست که روش حساب کردم \nالان چند تا پست قبلیم میخونم خجالت میکشم همش محتواهاش تکراری بودهدیگه تنها راه کم کردن تشنج درونیم همین بود ببخشید \nامروز نمرات آناتومی رو هم زدن\nاز سی تا تست دو تا تست غلط داشتم \nبعد خوشحال و خندان که بالاخره یکی رو خوب دادم  رفتم لیست رو نگاه کردم دیدم با دو تا تست غلط بازم نمره ام جزو نمرات آخر کلاس بود\nچند نفر کامل شده بودن خیل عظیمی هم بیست و نه \nهمه دانشگاه ها از آناتومی میترسن بعد ما آسون ترین درس این ترممون آناتومی بود:))\n+اضافه کرد: با مهدیه رفتم که ببینم استاد امتحان بهداشت رو تصحیح کرده یا نه همینطور که مهدیه داشت به استاد می‌گفت استاد جزوه هاتون رو بدید از این به بعد من براتون تایپ میکنم استاد چقدر خوب درس میدید خلاصه از این گلوکوز بازیا میخواستم بپرسم استاد من چند شدم از قضا چنگیز از یکی از کلاس های اتاق بر این محفل اضافه شد استاد تا چنگیزو دید گل از گلش شکفت و یکی زد رو شونه اش و گفت نمره ات خیلی خوب شده  آقای ف دمت گرم:|\nفرد مذکور لپاش گل انداخت مهدیه در افق محو شد منم قبل از اینکه استاد نمره ام بگه پا به فرار گذاشتم", "post_url_3": "http://1z1z1.blog.ir/1396/10/30/%D8%A8%DB%8C%D9%88%D8%B4%DB%8C%D9%85%DB%8C", "post_title_3": "بیوشیمی", "post_content_3": "خب به سلامتی و میمنت بد نبود امتحانم یعنی خوب بود ولی فقط بخش نظری که با دو تا استاد داشتیم فقط خوب بود اما آزمایشگاه \nمتاسفانه چون عادت به بیدار خوابی نداشتم و دیشب زود خوابیدم و صبح هم که پا شدم آزمایشگاه نخوندم بعله آزمایشگاه رو فاتحه مع الصلوااات\nولی خب مهم نیست دیگه \nپیش به سوی فیزیکی که نمی‌دونم چه منطقی بهشون گفته براش فرجه نذارن\nامشب رو باید بیدار بمونم ... دیگه باید به بیدار خوابی عادت کنم \nخدافظ روزای گل و بلبل ....\nتازه فهمیدم چقدر باید سختی بکشم ", "post_url_4": "http://1z1z1.blog.ir/1396/10/27/%D8%A8%D8%A8%D8%A7%D8%B1-%D8%A8%D8%A7%D8%B1%D9%88%D9%86-%D8%A8%D8%A8%D8%A7%D8%B1-%D8%BA%D9%85-%D8%AF%D8%A7%D8%B1%D9%85-%D8%A7%D9%85%D8%B4%D8%A8", "post_title_4": "ببار بارون ببار غم دارم امشب", "post_content_4": "بهداشت خود را چگونه گذراندید؟\nبه بهترین نحو ممکن گند زدیم\nاز اونجاهایی که نخونده بودم تا تونسته بود سوال داده بود\nخدا ازت نگذره خب حداقل جزوه رو در طول سال می‌دادی نه شب امتحان \nنمرات اندیشه ام رو هم دیدم این دیگه ضربه ی کاری بود برای مرگ مجدد یک مرده ی متحرک\nیعنی خداییش باید برم بمیرم من همش دوتا تستی غلط داشتم و یه تشریحی بعد شدم شونزده و نیم عجب دنیای غریبی\nهر تستی هفتاد و پنج صدم تشریحی هم که جابه‌جا جا نوشتم دو نمره\nپسرای کلاسمون یا اونایی که فکرشم نمی‌کردم از هفده به بالا شدن\nخداییش از چنگیز کم تر شدن یعنی فحش\nهمه اونایی که میگفتن که میفتیم و اینا همه خوب شدن\nدوستم دیشب تا چهار صبح داشته بهداشت می‌خونده بعد اومده میگه هیچی نخوندم.خب به یکی بگو که گوشاش مخملیه \nمن هیچ وقت از کسی نمی‌پرسم چقدر خوندی چون بدم میاد کسی ازم بپرسه که خدایی نکرده چیزی نگم که باعث استرسش بشم اونوقت اینا همش ...\nخدا شاهده میرفتم کتابخونه بعد دوستم میومد من درس می‌خوندم اون تو اینستا با  بوی فرندز هاش چت میکرد اون شده هجده \nاونوقت من فقط یه بوی فرند دارم  که اونم بابامه باید اینقدر کم شم \nالان من چه حسی میتونم داشته باشم\nالان قابلیت اینو دارم که اینستا و تلگرامو وبلاگمو همه رو حذف کنم بعد گوشیمو بندازم تو آتیش بسوزه بعد خودمم یه استامینفون بخورم بمیرم\nهیچی فقط اینکه از این به بعد به جای این حواشی و این تحلیل های مزخرف و این همه ناله و غرغر بتمرگم از ترم بعد خوب درس بخونم ‌‌و از زهرای ترم یک این ترم انتقام بگیرم \nخوبه من هر وقت شکست بخورم بیشتر انگیزه ی پیروزی پیدا میکنم\nالان یه چیزی اینجا می‌نویسم \nمیگم من شنبه امتحان بیوشیمی دارم\nمی‌خوام از همین الان شروع کنم خداروشکر در طول ترم و فرجه ها هم خوندمش\nان شالله که شنبه میام میگم بهترین امتحانم بیوشیمی بوده\nولی اگه سکوت کردم خودتون بفهمید عمق فاجعه رو\nولی بعدش باید در مورد فیزیک پزشکی بگم که بلافاصله بعدش فیزیک داریم که خیلی سخته و واسش نصفه روز وقت گذاشتن  اما اینم میخونم تا جونم در اد باید خوب شم\nخدایا کمکم کن تا خوب بفهمم و برای نمره حرص نخورم \n\n", "post_url_5": "http://1z1z1.blog.ir/1396/10/25/%D9%85%D9%86-%D9%87%D9%85%DA%86%D9%86%D8%A7%D9%86-%D8%AF%D8%B1-%D8%A7%D9%88%D9%84-%D8%A8%D8%B1%DA%AF-%D8%AA%D9%88-%D9%85%D8%A7%D9%86%D8%AF%D9%87-%D8%A7%D9%85", "post_title_5": "من همچنان در اول برگِ تو مانده ام", "post_content_5": "پسمانده های پاتولوژیکی شامل بافت ها ، اندام ها ، اجزای بدن، جنین انسان و جسد جانوران ، خون و چرک و مواد دفعی بدن همچون نمونه های مدفوع و ادرار و غیره می باشد:|\nحالتون بد شد؟ \nحال منم بد شداصن نمیتونم این چیزا رو تحمل کنم و الان دارم میخونم شون \nبهداشت ازت بدم میاد بگو خب \nاز این جزوه ی به این گندگی هنوز یک دوازدهم شو خوندم و الانم تب کردم دیگه حال ندارم ادامه بدم اومدم یکم غر غر کنم بلکه فرجی بشه\nتازه امروز جزوه رو از انتشاراتی گرفتم \nقول میدم تا آخر شب به یک شیشم برسونمش\nمن دختر تنبلی نیستم  غر غر و ام نیستم  در جریانید که\n"}