{"type": "blog", "blog_name": "متحیر", "blog_url": "http://motahayer.blog.ir/", "post_url_1": "http://motahayer.blog.ir/post/44", "post_title_1": "...", "post_content_1": "ای کاش قبل از اینکه حرفی را بزنیم به این فکر میکردیم که این حرف ما ممکن است دل چند نفر را بشکند...حرف هایی که پژواکش روز ها در گوش ادم شنیده می‌شود و سال ها در دلش اثرش... ", "post_url_2": "http://motahayer.blog.ir/post/43", "post_title_2": "تایم اوت", "post_content_2": "قبل تر فصل امتحانات که میشد شوق کتابخواندن تمام وجودم را میگرفت، ایده های ناب بود که می آمد تو ذهن آدم. اصلا توی افکارم طوفان بپا میشد. کلی نرم افزار بود که میخواستم یادبگیرم، کتاب هایی که میخواستم ببخوانم،مطالبی که میخواستم بنویسم و خلاصه یک شوقی همیشه توی وجودم بود.هفته ای که گذشت از سخت ترین هفته هایی بود که میتوانست باشد. چه فشار درس ها چه مشکلات دیگر. امروز که به خودم آمدم دیدم که در تمام این روز ها که درگیر امتحانات بودم فقط به تمام کردن این روز ها فکر میکردم که از شرشان رها شوم ولی دریغ از کوچکترین شوقی برای روز های اینده.دوست دارم دستم را بگذارم روی سرم و بدون اینکه هیچکس سمتم تیر اندازی نکند از زمین بازی بیایم بیرون.آن هم فقط برای چند لحظه...", "post_url_3": "http://motahayer.blog.ir/post/42", "post_title_3": "هیس! سیم کش ها فریاد نمیزنند!!!", "post_content_3": "در میان چارت درسی مان دو درس سه واحدی گنجانده اند که از دروس رشته مهندسی برق است.یکی فیزیک دو و دیگری مبانی مهندسی برق + ازمایشگاه هر کدامجدای از اینکه تا اخر عمرمان هم در رشته مان به هیچ مسیله ی مشترکی با این دو درس نمیرسیم قابل ذکر است که شب امتحان این دو درس به معنی واقعی کلمه به اضطرار رسیدم و رسیده ام!تنها کاربردی که برای این درس به ذهنم میرسد این است که اندکی با دوستان برقی مان مهربان تر و دلسوزانه تر رفتار کنیم و بدانیم که برای گرفتن یک کارشناسی خالی چه شب ها که باید به اضطرار رسید!خدا خودش دستم را گرفت و نگذاشت وگرنه این حقیر بعد از رشته ای که حالا دارم میخوانم، کل مهندسی برق های عالم را زده بودم!", "post_url_4": "http://motahayer.blog.ir/post/40", "post_title_4": "فلش بک", "post_content_4": "وقتی توی اتوبوس نشستم یک مادر به همراه پسر 15-16 ساله اش آمدند و روی صندلی که پشت سرم بود نشستند.تو مسیر شروع کردند به صحبت کردن که ناخواسته حرفهایشان را میشنیدم. آنقدر حرف های نامناسب و ناهنجار را به اسم شوخی و مسخره بازی نثار این و آن کردند که رسما حالت تهوع گرفته بودم و واقعا حالم داشت بهم میخورد هندزفری را به موبایل وصل کردن و همینطور شانسییکی از تِرَک های پوشه موسیقی را باز کردم.ناگهان از میان کلی سیم و کد های اندروید مردی با صدایی که از قدیمی بودن خاک گرفته بود با نوایی حزین و قدیمی دم گرفت که :گوش بکنید داره میااادیه صدایی از مدینه...و او سید جواد ذاکر بود...+با این مداحی پرت شدم به روز های گرم تابستان 81.چهار پنج سالم بیشتر نبود و تصاویر قدیمی قدم قدم با مداحی پیش چشمانم شکل میگرفت.تصاویر قدیمی از روز هایی که مادر بزرگ فوت کرده بود و ذاکر صدایش از هرجای خانه شنیده میشد++اگر لطف کنید و صلواتی نثار روح مرحوم ذاکر و مادر بزرگ کنید ممنون میشوم...+++دانلود مداحی گوش بکنید داره میاد", "post_url_5": "http://motahayer.blog.ir/post/39", "post_title_5": "بخشکی شانس!", "post_content_5": "باید از خانه بروم آن هم درست وقتی که ، ساقه های سبز یکنواختِ توی باغچه، هر صبح یکهو نرگس میشوند! "}