{"type": "blog", "blog_name": "خاطرات رنگی من", "blog_url": "http://pariya84.blog.ir/", "post_url_1": "http://pariya84.blog.ir/1396/05/08/%D8%AE%D8%AF%D8%A7%D8%AD%D8%A7%D9%81%D8%B8", "post_title_1": "خداحافظ", "post_content_1": "دوستان خداحافظ تا سال آینده انشالله همتون به آرزو هاتون برسید\nدعاکنید منم به آرزوم برسم و تو تیزهوشان قبول بشم\nاگه خوبی ،بدی دیدید حلال کنید\nواسه ی داستان هم معذرت می‌خوام \nخداحافظ ", "post_url_2": "http://pariya84.blog.ir/1396/04/26/%D8%AA%DB%8C%D8%B2%D9%87%D9%88%D8%B4%D8%A7%D9%86", "post_title_2": "تیزهوشان", "post_content_2": "سلام\nخیلی وقته نیومده بودم ببخشید\nیه خبر مهم\nامسال تیزهوشان دارم\nو یکی از فامیلامونم تو مدرسه ی منه\nیعنی اگه قبول نشم آبروم که هیچی\nتمام فامیل از من ناامید میشن\nکسی پیشنهادی واسه درس خونده نداره؟؟\nآخه من معمولا هیچی نمی خونم و همیشه به سوالات جواب درست میدم\nاما فکر نکنم دیگه جواب بده\nپس لطفاً کمی پیشنهاد بدید\nخداحافظ \n", "post_url_3": "http://pariya84.blog.ir/1396/03/20/%D8%A7%D8%AA%D9%85%D8%A7%D9%85-%D8%A8%D8%AF%D8%A8%D8%AE%D8%AA%DB%8C-%D9%87%D8%A7", "post_title_3": "اتمام بدبختی ها", "post_content_3": "بهترین زمان توی سال وقتیه که مدرسه تموم میشه و کارنامه رو میدن دستت و یه نگاه عمیق به کارنامه می کنی و میبینی همه ی نمره هات بیست شده و می تونی با خیال راحت کل تابستون رو بخوری و بخوابی و از بیدار شدن ساعت 7 خبری نیست و راحت هستی...\n\n", "post_url_4": "http://pariya84.blog.ir/1396/03/14/%D8%AE%D8%A7%D8%B7%D8%B1%D8%A7%D8%AA-%DB%8C%DA%A9-%D8%A8%DB%8C-%D8%B9%D8%B1%D8%B6%D9%873", "post_title_4": "خاطرات یک بی عرضه3", "post_content_4": "ادامه:-*\nادامه مطلب", "post_url_5": "http://pariya84.blog.ir/1396/02/13/%D8%AE%D8%A7%D8%B7%D8%B1%D8%A7%D8%AA-%DB%8C%DA%A9-%D8%A8%DB%8C-%D8%B9%D8%B1%D8%B6%D9%87-2", "post_title_5": "خاطرات یک بی عرضه 2", "post_content_5": "قسمت دوم ادامه...\nادامه مطلب", "post_full_content_3": "", "post_full_content_4": "", "post_full_content_1": "", "post_full_content_5": "", "post_full_content_2": ""}