{"type": "blog", "blog_name": "پیـــــــــــــــــــــــــــــــــتِک", "blog_url": "http://pitek.blog.ir/", "post_url_1": "http://pitek.blog.ir/1396/10/19/%D8%A7%D8%B2-%D8%AA%D8%B1%D8%A7%D9%86%D9%87-%D8%A8%D8%B1%D8%A7%DB%8C-%D8%AA%D8%B1%D8%A7%D9%86%D9%87-%D9%85%D9%88%D8%B2%DB%8C%DA%A9", "post_title_1": "از ترانه برای ترانه! موزیک!", "post_content_1": "\n\n\n\n\n\n\t\t\t\t\t\tمتاسفانه مرورگر شما، قابیلت پخش فایل های صوتی تصویری را در قالب HTML5 دارا نمی باشد.\n\t\t\t\t\t\tتوصیه ما به شما استفاده از مروگرهای رایج و بروزرسانی آن به آخرین نسخه می باشد\n\t\t\t\t\t\tبا این حال ممکن است مرورگرتان توسط پلاگین خود قابلیت پخش این فایل را برای تان فراهم آورد.\n\n\n\n\t\t\t\t\t\t\t\n\t\t\t\t\t\t\tparam name=\"AutoStart\" value=\"False\"\n\t\t\t\t\t\t\t\n\n\n\n\n\n\n\n\n\nهمین!!", "post_url_2": "http://pitek.blog.ir/1396/08/28/%D8%B4%D8%A7%DB%8C%D8%AF-%D8%B1%D9%81%D8%AA%D9%85", "post_title_2": "شاید رفتم!! پست صوتی بی مخاطب!!!!", "post_content_2": "دوست دارم برم!!\n \nای کاش برم!!\n \nاگه رفتم حلال کنید!\n\n\n\n\n\n\t\t\t\t\t\tمتاسفانه مرورگر شما، قابیلت پخش فایل های صوتی تصویری را در قالب HTML5 دارا نمی باشد.\n\t\t\t\t\t\tتوصیه ما به شما استفاده از مروگرهای رایج و بروزرسانی آن به آخرین نسخه می باشد\n\t\t\t\t\t\tبا این حال ممکن است مرورگرتان توسط پلاگین خود قابلیت پخش این فایل را برای تان فراهم آورد.\n\n\n\n\t\t\t\t\t\t\t\n\t\t\t\t\t\t\tparam name=\"AutoStart\" value=\"False\"\n\t\t\t\t\t\t\t\n\n\n\n\n\n\n\nبی مخاطب", "post_url_3": "http://pitek.blog.ir/1396/08/10/%D9%84%D9%85%D8%B3-%DA%A9%D9%86-%D9%86%D8%A7%D8%B4%D9%86%D8%A7%D8%B3", "post_title_3": "لمس کن..........  ناشناس", "post_content_3": "\n\n\n\nلمس کن کلماتی را که برایت می نویسم\n\n\n\nتا بخوانی و بفهمی چقدرجایت خالیست . . .\n\n\n\nتا بدانی نبودنت آزارم می دهد . . .\n\n\n\nلمس کن نوشته هایی را که لمس ناشدنیست و عریان\n. . .\n\n\n\nکه از قلبم بر قلم و کاغذ می چکد\n\n\n\nلمس کن گونه هایم را که خیس اشک است و پُر شیار\n. . .\n\n\n\nلمس کن لحظه هایم را\n\n\n. . .\n\n\nتویی که نمیدانی من که هستم٬\n\n\n\nلمس کن این با تو نبودن ها را\n\n\n\nلمس کن . . .\n\n\n\n\nناشناس\n\n\n\n", "post_url_4": "http://pitek.blog.ir/1396/06/31/%D8%B3%DB%8C%D9%84-%D8%A7%D8%B4%DA%A9%D9%87%D8%A7", "post_title_4": "سیل اشکها!!!", "post_content_4": "\n\n\nتو رفتی، سیل اشکها ،کشتی ماتم زده را با خود برد\n\nبه دیاری که شود عشق تو را ،از یاد برد\n\nمن دلم بی تو شکست ،غرق غمم\n\nتو کجایی که ببینی ،رفتنت جان  مرا  درخاک برد!!\n\nاز طرف خودم", "post_url_5": "http://pitek.blog.ir/1396/06/14/%D8%A8%D9%87%D8%A7%D9%86%D9%87-%D9%86%D8%AF%D8%A7%D8%B4%D8%AA%D9%87-%D9%87%D8%A7%DB%8C%D9%85", "post_title_5": "بهانه نداشته هایم!!!", "post_content_5": "\n\nبه بهانه  نداشته هایم،قلبم را  ترک کرد\n\nتا به بهای نداشتنش ، قلبم  تَرَک بردارد\n\nاز طرف خودم", "post_full_content_5": "", "post_full_content_4": "", "post_full_content_2": "", "post_full_content_3": "", "post_full_content_1": ""}