{"type": "blog", "blog_name": "یک سرخپوستِ خیال پردازِ کتابخوارِ", "blog_url": "http://sotodeh.blog.ir/", "post_url_1": "http://sotodeh.blog.ir/1396/11/04/%D8%A8%DB%8C%D8%A7%D8%8C%D8%A8%DB%8C%D8%A7-%D8%AA%D8%A7-%D8%B9%D8%A7%D8%B4%D9%82-%D8%A8%D9%85%D8%A7%D9%86%DB%8C%D9%85", "post_title_1": "بیا،بیا تا عاشق بمانیم .", "post_content_1": "بیا مثل پیچک درهم تنیده شویم و رشد کنیم \nبزرگ و بزرگ تر شویم \nآنقدر بزرگ که دستمان به ماه برسد \nبنشینیم روی ماه و شعر ببافیم\nبیا روی ویرانه های این دنیا خوشبختی را بنا کنیم \nو در لاجوردی آسمان غرق شویم \nتو خوب میدانی که درآغوش آسمان رازیست \nبیا آن راز را در آغوش بگیریم\n.بیا جهان را لبریز از شراب زندگی بکنیم \nبیا،بیا تا عاشق بمانیم :)\n", "post_url_2": "http://sotodeh.blog.ir/1396/11/01/%D8%A8%D8%B1%D8%A7%DB%8C-%DB%8C%DA%A9-%DA%A9%D8%AA%D8%A7%D8%A8-%D9%86%D9%88%D8%B4%D8%AA%D9%86-%DB%8C%D8%A7-%D8%AF%D8%B1%D8%A8%D8%A7%D8%B1%D9%87-%DB%8C%DA%A9-%DA%A9%D8%AA%D8%A7%D8%A8-%D9%86%D9%88%D8%B4%D8%AA%D9%86-%D9%85%D8%B3%DB%8C%D9%84%D9%87-%D8%A7%DB%8C%D9%86-%D8%A7%D8%B3%D8%AA", "post_title_2": "برای یک کتاب نوشتن یا درباره یک کتاب نوشتن مسئله این است", "post_content_2": "به نظر شما چطوری میشه برای یک کتاب نوشت ؟", "post_url_3": "http://sotodeh.blog.ir/1396/10/29/%D9%84%D8%B9%D9%86%D8%AA-%D8%A8%D8%B1-%D8%AD%D9%88%D8%A7%D8%B3-%D9%BE%D8%B1%D8%AA%DB%8C", "post_title_3": "لعنت بر حواس پرتی :/", "post_content_3": "فال فروغ گرفتم واسه تولدم در غارهای تنهایی \nبیهودگی بدنیا آمد =)))\n\nتولدم مبارک :)))", "post_url_4": "http://sotodeh.blog.ir/1396/10/14/%D8%A7%D9%85%D8%A7%D9%86-%D8%A7%D8%B2-%D8%AC%D8%A8%D8%B1", "post_title_4": "امان از جبر", "post_content_4": "از وقتی ۱۲سالم شد و دیالوگای مسخره دختر باید خانوم باشه و دختر که اینطوری نمیخنده و این حرفا شروع شد \nسعی کردم با دختر بودنم مبارزه کنم ...موهامو کوتاه کردم ...پیرهن مردونه پوشیدم .و همه ی لاکامو شکستم  لوازم آرایشمو توی عمیق نقطه ی کشوهام پنهون کردم و هیچ وقت توی جمع های خانوادگی برای کمک کردن داوطلب نشدم من با همه ی ویژگی هایی که تو ذهن همه از یک زن یا دختر هست مبارزه کردم  من همه ی سعیمو کردم که   این شخصیت نصفه و نیمم بیشتر از جنسیتم به نظر بیاد تا کسی تنها به واسطه ی زن بودنم نه امتیازی رو بهم بده و نه حقی رو ازم سلب کنه \nمن هیچ وقت از جمله مضخرف ایشالله عروسیت خجالت نکشیدم و گونه هام سرخ نشده \nمن فقط با نفرت به اون فرد نگاه کردم \nچون به نظرم یه بیشعور عوضیه که رسالت یه دختررو فقط تو ازدواج و بچه دار شدن میبینه \nاما حالا دم دمای ۱۷ سالگی دلم میخواد پر رنگ تر از همیشه رژ بزنم ...موهامو بلند کنم و با این شخصیتی که خودم حداقل دوسش دارم بدون توجه به تابو های اطرافم راجب یک زن زنونگی کنم \nتصمیم گرفتم بجای مبارزه با این زن درونم با همه آدمایی که زن رو فقط یک جسم میبینن مبارزه کنم :)", "post_url_5": "http://sotodeh.blog.ir/1396/09/27/%E2%80%8E%D9%84%D8%A7-%D8%AA%D8%BA%D8%B1%D8%A8-%D8%A7%D8%AD%D8%AF%D8%A7-%D8%B1%D8%A2%DA%A9-%D9%88%D8%B7%D9%86%D8%A7", "post_title_5": "..‎لا تُغرِّبْ أحَدًا رَآک وَطَنًا", "post_content_5": "با عشق توست که می‌پیوندم\nبه خدا، زمین، تاریخ، زمان،\nآب، برگ، به کودکان آن‌گاه که می‌خندند،\nبه نان، دریا، صدف، کشتی\nبه ستاره‌ی شب آن‌گاه که دستبندش را به من می‌دهد،\nبه شعر که در آن خانه دارم و به زخم که در من لانه کرده.\nتو سرزمین منی، تو به من هویت می‌دهی\nآن‌که تو را دوست ندارد، بی‌وطن است.\n\n- نزار قبانیِ بی‌نظیر ♥️ -", "post_full_content_5": "", "post_full_content_3": "", "post_full_content_1": "\n\n\nبیا،بیا تا عاشق بمانیم .\n\n\n\nبیا مثل پیچک درهم تنیده شویم و رشد کنیم \nبزرگ و بزرگ تر شویم \nآنقدر بزرگ که دستمان به ماه برسد \nبنشینیم روی ماه و شعر ببافیم\nبیا روی ویرانه های این دنیا خوشبختی را بنا کنیم \nو در لاجوردی آسمان غرق شویم \nتو خوب میدانی که درآغوش آسمان رازیست ", "post_full_content_4": "\n\n\nامان از جبر\n\n\n\nاز وقتی ۱۲سالم شد و دیالوگای مسخره دختر باید خانوم باشه و دختر که اینطوری نمیخنده و این حرفا شروع شد \nسعی کردم با دختر بودنم مبارزه کنم ...موهامو کوتاه کردم ...پیرهن مردونه پوشیدم .و همه ی لاکامو شکستم  لوازم آرایشمو توی عمیق نقطه ی کشوهام پنهون کردم و هیچ وقت توی جمع های خانوادگی برای کمک کردن داوطلب نشدم من با همه ی ویژگی هایی که تو ذهن همه از یک زن یا دختر هست مبارزه کردم  من همه ی سعیمو کردم که   این شخصیت نصفه و نیمم بیشتر از جنسیتم به نظر بیاد تا کسی تنها به واسطه ی زن بودنم نه امتیازی رو بهم بده و نه حقی رو ازم سلب کنه \nمن هیچ وقت از جمله مضخرف ایشالله عروسیت خجالت نکشیدم و گونه هام سرخ نشده ", "post_full_content_2": "\n\n\nبرای یک کتاب نوشتن یا درباره یک کتاب نوشتن مسئله این است\n\n\n\nبه نظر شما چطوری میشه برای یک کتاب نوشت ؟\n\n\n\n\n توکان  سبز\n\n\n يكشنبه ۱ بهمن ۹۶\n\n\n\n\n\n\n\n\n\n۳ \n\n\n\n\n۳ \n\n\n\n\n"}