{"type": "blog", "blog_name": "بحارالعلوم", "blog_url": "http://behar.blog.ir/", "post_url_1": "http://behar.blog.ir/1396/11/04/%D9%81%D8%B7%D8%B1%D8%AA-%D8%AF%D9%88-%D8%AA%D8%A7%D8%B3%D8%AA", "post_title_1": "فطرت دو تاست", "post_content_1": "\n\nبسم الله الرحمن الرحیم\n\nانسان فطرتی دارد به نام فطرة الله که انسانیت با آن اوج می گیرد \nادامه مطلب", "post_url_2": "http://behar.blog.ir/1396/11/04/%D8%AA%D9%88-%D8%A8%D8%AF%DB%8C", "post_title_2": "تو بدی", "post_content_2": "\n\nبسم الله الرحمن الرحیم\n\nیکی از دلخوشی های ایرانیان این است که تاب دبدن انسان حلال خور و صادق را ندارند و به زودی وعده عذاب می دهند\nادامه مطلب", "post_url_3": "http://behar.blog.ir/1396/11/03/%D8%A7%D9%81%D8%B1%D8%A7%D8%B7-%D8%A7%D8%B2-%D8%A7%D8%B5%D9%88%D9%84-%D8%AF%DB%8C%D9%86-%D8%A7%D8%B3%D8%AA", "post_title_3": "افراط از اصول دین است ؟", "post_content_3": "\n\nبسم الله الرحمن الرحیم\n\nما خیلی از حقیقت دوریم ؛ چون دین داریم قبل از اینکه بدانیم چطور باید زندگی کرد ! آیا کسی که نتواند نفس بکشد می تواند راه برود ؟ آیا انسان انرژی حرکت نداشته باشد می تواند کشتی بگیرد البته کشتی سستی را بیرون می کشد اما بنده از نظر واقع عرض کردم .\nادامه مطلب", "post_url_4": "http://behar.blog.ir/1396/11/03/%D8%AC%D8%A7%D9%86-%D9%85%D9%86-%D8%B1%D8%A7-%D8%A8%D9%87%D8%A7-%D8%A7%D8%B3%D8%AA-%D9%88-%D8%AC%D8%A7%D9%86-%D8%AF%DA%AF%D8%B1-%D8%A8%D8%A7%D8%AF-%D9%87%D9%88%D8%A7%D8%B3%D8%AA", "post_title_4": "جان من را بها است و جان دگر باد هواست", "post_content_4": "\n\nبسم الله الرحمن الرحیم\n\nبنده همیشه فکر کردم که چطور امام برای ملتی که حسادت و بی عقلی و فساد در آن موج می زند ؛ از جانش مایه گذاشت و بنده هم با عرض پوزش رک هستم و حرف را صادقانه بیان می کنم .\nادامه مطلب", "post_url_5": "http://behar.blog.ir/1396/11/03/%D8%A8%D8%B2%D8%B1%DA%AF%D8%AA%D8%B1%DB%8C%D9%86-%D8%AF%D8%B1%D9%88%D8%BA-%D9%88%D8%A7%D9%84%D8%AF%DB%8C%D9%86-%D8%A8%D9%87-%D9%81%D8%B1%D8%B2%D9%86%D8%AF", "post_title_5": "بزرگترین دروغ والدین به فرزند", "post_content_5": "\nبسم الله الرحمن الرحیم\n\nبزرگترین دروغ والدین به فرزند نشان دادن آینده و نشان دادن شناسنامه بچه به اوست \nادامه مطلب", "post_full_content_2": "", "post_full_content_5": "", "post_full_content_3": "", "post_full_content_1": "", "post_full_content_4": ""}