{"type": "blog", "blog_name": "مای چنلز : بهترین کانال های تلگرام | معرفی کانال های جدید تلگرام", "blog_url": "http://mychanels.blog.ir/", "post_url_1": "http://mychanels.blog.ir/post/Razavi-Rose-Telegram-Channel", "post_title_1": "کانال تلگرام رز رضوی | کانال رسمی رز رضوی", "post_content_1": "عنوان: Roz Razavi /رز رضوی\n\nتوضیحات کانال: بازیگر/actress\nکدشامد: ندارد\nتعداد ممبر: 850 +\n\nآی دی کانال: @RozRazavi\nلینک کانال: https://telegram.me/RozRazavi\n\nدسته بندی کانال های پرطرفدار:#کانال های فارسی     #خنده دار و طنز     #عاشقانه     #آهنگ و موسیقی     #آموزشی     #آشپزی     #نرم افزار و بازی     #بانوان     #پزشکی و سلامت     #تاریخ     #خانه و خانواده     #خبری     #دینی و مذهبی    #سرگرمی و تفریحی     #سیاسی     #هنرمندان     #ورزشی     #فوتبال     #مد و زیبایی     #فروشگاه ها\n\n\n\n\n\n\n\n\n\n\n\n\n\n\n\n\n\n\n\n\n\n\n\n\n\n\n\n\n\n\n\n\n\n\n\n\n\n\n\n\n\n\n\n\n\n\n\n\nبرچسب ها:\nآدرس کانال رسمی رز رضوی\nآیدی کانال رز رضوی در تلگرام\nعضویت در پیج رسمی رز رضوی در تلگرام\nفن پیج رسمی رز رضوی در اینستاگرام\nلینک سایت رسمی رز رضوی\n\nعکس های جدید رز رضوی در اینستاگرام\n", "post_url_2": "http://mychanels.blog.ir/post/The-official-telegram-channel-of-Shahrzad-Abdul-Majid", "post_title_2": "لینک کانال تلگرام شهرزاد عبدالمجید بازیگر سینما", "post_content_2": "عنوان: شهرزاد عبدالمجید\n\nتوضیحات کانال: تنهاصفحه رسمی شهرزاد عبدالمجید در تلگرام\nکدشامد: ندارد\nتعداد ممبر: 350 +\n\nآی دی کانال: @Shahrzadabdolmajid\nلینک کانال: https://telegram.me/Shahrzadabdolmajid\n\nدسته بندی کانال های پرطرفدار:#کانال های فارسی     #خنده دار و طنز     #عاشقانه     #آهنگ و موسیقی     #آموزشی     #آشپزی     #نرم افزار و بازی     #بانوان     #پزشکی و سلامت     #تاریخ     #خانه و خانواده     #خبری     #دینی و مذهبی    #سرگرمی و تفریحی     #سیاسی     #هنرمندان     #ورزشی     #فوتبال     #مد و زیبایی     #فروشگاه ها\n\n\n\n\n\n\n\n\n\n\n\n\n\n\n\n\n\n\n\n\n\n\n\n\n\n\n\n\n\n\n\n\n\n\n\n\n\n\n\n\n\n\n\n\n\n\n\n\nبرچسب ها:\nکانال رسمی اطلاع رسانی شهرزاد عبدالمجید\nفن پیج رسمی شهرزاد عبدالمجید در اینستاگرام\nکانال تلگرام رسمی شهرزاد عبدالمجید\nبیوگرافی کامل و عکس های جدید شهرزاد عبدالمجید\nلینک پیج رسمی شهرزاد عبدالمجید در اینستاگرام\nآیدی کانال تلگرام شهرزاد عبدالمجید\nکانال خبری رسمی شهرزاد عبدالمجید بازیگر سینما", "post_url_3": "http://mychanels.blog.ir/post/Channel-Telegram-Channel-Maryam-Masoumi", "post_title_3": "لینک کانال مریم معصومی | کانال رسمی مریم معصومی", "post_content_3": "عنوان: Maryam masoumi\n\nتوضیحات کانال: مثل آیینه باشیم، واقعى وشفاف \nکدشامد: ندارد\nتعداد ممبر: 5000 +\n\nآی دی کانال: @maryammasoumi\nلینک کانال: https://telegram.me/maryammasoumi\n\nدسته بندی کانال های پرطرفدار:#کانال های فارسی     #خنده دار و طنز     #عاشقانه     #آهنگ و موسیقی     #آموزشی     #آشپزی     #نرم افزار و بازی     #بانوان     #پزشکی و سلامت     #تاریخ     #خانه و خانواده     #خبری     #دینی و مذهبی    #سرگرمی و تفریحی     #سیاسی     #هنرمندان     #ورزشی     #فوتبال     #مد و زیبایی     #فروشگاه ها\n\n\n\n\n\n\n\n\n\n\n\n\n\n\n\n\n\n\n\n\n\n\n\n\n\n\n\n\n\n\n\n\n\n\n\n\n\n\n\n\n\n\n\n\n\n\n\nبرچسب ها:\nکانال رسمی مریم معصومی در تلگرام\nفن پیج رسمی طرفداران دو آتیشه مریم معصومی\nکانال رسمی هواداران دوآتیشه مریم معصومی در تلگرام\nکانال تلگرام سایت رسمی مریم معصومی\nعکس های جدید مریم معصومی", "post_url_4": "http://mychanels.blog.ir/post/The-official-telegram-channel-of-Roxana-Mohammad-Reza", "post_title_4": "کانال تلگرام رکسانا محمدرضا | لینک کانال رکسانا محمدرضا", "post_content_4": "عنوان: رکسانامحمدرضا(Actress)\n\nتوضیحات کانال: --\nکدشامد: ندارد\nتعداد ممبر: 106 +\n\nآی دی کانال: @RoXanaMohammadReZa\nلینک کانال: https://telegram.me/RoXanaMohammadReZa\n\nدسته بندی کانال های پرطرفدار:#کانال های فارسی     #خنده دار و طنز     #عاشقانه     #آهنگ و موسیقی     #آموزشی     #آشپزی     #نرم افزار و بازی     #بانوان     #پزشکی و سلامت     #تاریخ     #خانه و خانواده     #خبری     #دینی و مذهبی    #سرگرمی و تفریحی     #سیاسی     #هنرمندان     #ورزشی     #فوتبال     #مد و زیبایی     #فروشگاه ها\n\n\n\n\n\n\n\n\n\n\n\n\n\n\n\n\n\n\n\n\n\n\n\n\n\n\n\n\n\n\n\n\n\n\n\n\n\n\n\n\n\n\n\n\n\n\n\nبرچسب ها:\nکانال تلگرام رسمی رکسانا محمدرضا\nپیج اینستاگرام رکسانا محمدرضا\nفن پیج رسمی رکسانا محمدرضا\nعکس های جدید رکسانا محمد رضا\n\nبیوگرافی کامل رکسانا محمدرضا\n", "post_url_5": "http://mychanels.blog.ir/post/Official-channel-of-Roshanak-Ajamiyan-in-the-Telegram", "post_title_5": "لینک کانال رسمی روشنک عجمیان در تلگرام", "post_content_5": "عنوان: Roshanak Ajamian\n\nتوضیحات کانال: کانال رسمی طرفدارهای روشنک عجمیان\nکدشامد: ندارد\nتعداد ممبر: 1900 +\n\nآی دی کانال: @Roshanakajamian\nلینک کانال: https://telegram.me/Roshanakajamian\n\nدسته بندی کانال های پرطرفدار:#کانال های فارسی     #خنده دار و طنز     #عاشقانه     #آهنگ و موسیقی     #آموزشی     #آشپزی     #نرم افزار و بازی     #بانوان     #پزشکی و سلامت     #تاریخ     #خانه و خانواده     #خبری     #دینی و مذهبی    #سرگرمی و تفریحی     #سیاسی     #هنرمندان     #ورزشی     #فوتبال     #مد و زیبایی     #فروشگاه ها\n\n\n\n\n\n\n\n\n\n\n\n\n\n\n\n\n\n\n\n\n\n\n\n\n\n\n\n\n\n\n\n\n\n\n\n\n\n\n\n\n\n\n\n\n\n\nبرچسب ها:\nکانال و پیج رسمی روشنک عجمیان در تلگرام و اینستاگرام\nفن پیج رسمی روشنک عجمیان در اینستاگرام\nکانال های رسمی بازیگران در تلگرام\nلینک کانال رسمی طرفداران روشنک عجمیان\nعکس های جدید روشنک عجمیان در تلگرام\nکانال خبری رسمی روشنک عجمیان\n\nکانال اختصاصی روشنک عجمیان در تلگرام\n", "post_full_content_3": "\n\n\nلینک کانال مریم معصومی | کانال رسمی مریم معصومی\n\n\n\n\n\n\n\n Mah-di 98\n\n\n\nعنوان: Maryam masoumi\n\nتوضیحات کانال: مثل آیینه باشیم، واقعى وشفاف 🎈\nکدشامد: ندارد\nتعداد ممبر: 5000 +\n\nآی دی کانال: @maryammasoumi\nلینک کانال: https://telegram.me/maryammasoumi\n\nدسته بندی کانال های پرطرفدار:", "post_full_content_5": "\n\n\nلینک کانال رسمی روشنک عجمیان در تلگرام\n\n\n\n\n\n\n\n Mah-di 98\n\n\n\nعنوان: Roshanak Ajamian\n\nتوضیحات کانال: کانال رسمی طرفدارهای روشنک عجمیان\nکدشامد: ندارد\nتعداد ممبر: 1900 +\n\nآی دی کانال: @Roshanakajamian\nلینک کانال: https://telegram.me/Roshanakajamian\n\nدسته بندی کانال های پرطرفدار:#کانال های فارسی     #خنده دار و طنز     #عاشقانه     #آهنگ و موسیقی     #آموزشی     #آشپزی     #نرم افزار و بازی     #بانوان     #پزشکی و سلامت     #تاریخ     #خانه و خانواده     #خبری     #دینی و مذهبی    #سرگرمی و تفریحی     #سیاسی     #هنرمندان     #ورزشی     #فوتبال     #مد و زیبایی     #فروشگاه ها", "post_full_content_1": "\n\n\nکانال تلگرام رز رضوی | کانال رسمی رز رضوی\n\n\n\n\n\n\n\n Mah-di 98\n\n\n\nعنوان: Roz Razavi /رز رضوی\n\nتوضیحات کانال: بازیگر/actress\nکدشامد: ندارد\nتعداد ممبر: 850 +\n\nآی دی کانال: @RozRazavi\nلینک کانال: https://telegram.me/RozRazavi\n\nدسته بندی کانال های پرطرفدار:#کانال های فارسی     #خنده دار و طنز     #عاشقانه     #آهنگ و موسیقی     #آموزشی     #آشپزی     #نرم افزار و بازی     #بانوان     #پزشکی و سلامت     #تاریخ     #خانه و خانواده     #خبری     #دینی و مذهبی    #سرگرمی و تفریحی     #سیاسی     #هنرمندان     #ورزشی     #فوتبال     #مد و زیبایی     #فروشگاه ها", "post_full_content_2": "\n\n\nلینک کانال تلگرام شهرزاد عبدالمجید بازیگر سینما\n\n\n\n\n\n\n\n Mah-di 98\n\n\n\nعنوان: شهرزاد عبدالمجید\n\nتوضیحات کانال: تنهاصفحه رسمی شهرزاد عبدالمجید در تلگرام\nکدشامد: ندارد\nتعداد ممبر: 350 +\n\nآی دی کانال: @Shahrzadabdolmajid\nلینک کانال: https://telegram.me/Shahrzadabdolmajid\n\nدسته بندی کانال های پرطرفدار:", "post_full_content_4": "\n\n\nکانال تلگرام رکسانا محمدرضا | لینک کانال رکسانا محمدرضا\n\n\n\n\n\n\n\n Mah-di 98\n\n\n\nعنوان: رکسانامحمدرضا(Actress)\n\nتوضیحات کانال: --\nکدشامد: ندارد\nتعداد ممبر: 106 +\n\nآی دی کانال: @RoXanaMohammadReZa\nلینک کانال: https://telegram.me/RoXanaMohammadReZa\n\nدسته بندی کانال های پرطرفدار:#کانال های فارسی     #خنده دار و طنز     #عاشقانه     #آهنگ و موسیقی     #آموزشی     #آشپزی     #نرم افزار و بازی     #بانوان     #پزشکی و سلامت     #تاریخ     #خانه و خانواده     #خبری     #دینی و مذهبی    #سرگرمی و تفریحی     #سیاسی     #هنرمندان     #ورزشی     #فوتبال     #مد و زیبایی     #فروشگاه ها"}