{"type": "blog", "blog_name": "عکس نوشته مذهبی", "blog_url": "http://pic2017.blog.ir/", "post_url_1": "http://pic2017.blog.ir/1396/10/21/%D8%A7%D9%84%D9%84%D9%87%D9%85-%D8%B9%D8%AC%D9%84-%D9%84%D9%88%D9%84%DB%8C%DA%A9-%D8%A7%D9%84%D9%81%D8%B1%D8%AC3", "post_title_1": "اَللّهُمَّ عَجِّل لِوَلیِّکَ الفَرَج3 ...", "post_content_1": "", "post_url_2": "http://pic2017.blog.ir/1396/10/20/%D8%A7%D9%84%D9%84%D9%87%D9%85-%D8%B9%D8%AC%D9%84-%D9%84%D9%88%D9%84%DB%8C%DA%A9-%D8%A7%D9%84%D9%81%D8%B1%D8%AC-2", "post_title_2": "اللَهم عجَل لولیک الفرج 2...", "post_content_2": "", "post_url_3": "http://pic2017.blog.ir/1396/10/17/%D8%B4%D9%87%D8%A7%D8%AF%D8%AA", "post_title_3": "شهادت", "post_content_3": "", "post_url_4": "http://pic2017.blog.ir/1396/10/14/%D8%A7%D9%84%D9%84%D9%87%D9%85-%D8%B9%D8%AC%D9%84-%D9%84%D9%88%D9%84%DB%8C%DA%A9-%D8%A7%D9%84%D9%81%D8%B1%D8%AC", "post_title_4": "اللّهم عجل لولیک الفرج...", "post_content_4": "", "post_url_5": "http://pic2017.blog.ir/1396/10/14/%D8%AE%D8%AF%D8%A7%DB%8C%D8%A7-%D8%B4%DA%A9%D8%B1%D8%AA", "post_title_5": "خدایا شکرت...", "post_content_5": "", "post_full_content_5": "", "post_full_content_4": "", "post_full_content_3": "", "post_full_content_1": "", "post_full_content_2": ""}