{"type": "blog", "blog_name": "حــــــرف دل", "blog_url": "http://nayedel255.blog.ir/", "post_url_1": "http://nayedel255.blog.ir/1396/10/27/%D8%A7%D8%B2-%D9%87%D8%B1-%D8%AF%D8%B3%D8%AA-%D8%A8%D8%AF%D9%87%DB%8C-%D8%A7%D8%B2-%D9%87%D9%85%D8%A7%D9%86-%D8%AF%D8%B3%D8%AA-%D9%85%DB%8C%DA%AF%DB%8C%D8%B1%DB%8C", "post_title_1": "از هر دست بدهی از همان دست میگیری..", "post_content_1": "تــو بــرای خــدا کـار کــن\nتـا خــدا هــم بـرایـت کـار کـند \nایـن را بـدانیم خـداوند هیـچگاه بـدهکار بنـده اش نمیماند\n \nبیـشتــر مـواظب بـاشیـم\nایـن دنــیا بـی‌قانـون نـیسـت\nاز خـیر و شـر، هـر چـه کـه به ایـن دنـیا داده باشی\n \nروزی بـه طــرف خــودت بازمـی‌گــردد.\n.\n+برای درک بهتر متن فوق کلیپ حتما مشاهده بشه +\n.\n", "post_url_2": "http://nayedel255.blog.ir/1396/10/16/%D8%AA%D8%A7-%D8%AF%DB%8C%D8%B1-%D9%86%D8%B4%D8%AF%D9%87-%D9%82%D8%AF%D8%B1%D8%AF%D8%A7%D9%86%D8%B4%D8%A7%D9%86-%D8%A8%D8%A7%D8%B4%DB%8C%D9%85", "post_title_2": "تـا دیـر نشـده قـدردانشان بـاشیم..", "post_content_2": "پَــدر و مــادر\nمَثـل قــند هسـتـن\nچـای زنـدگی ات را کـه\nشــیریــن کـــردنــد\nخٌــودشــان تــمام میـشــونـد...\n \n", "post_url_3": "http://nayedel255.blog.ir/1396/10/04/%DB%8C%DA%A9%DB%8C-%D9%85%DB%8C%D8%B4%D9%88%D8%AF-%D9%85%D8%AF%D8%A7%D9%81%D8%B9-%D9%85%D8%B1%D8%AF%D9%85-%D8%AF%DB%8C%DA%AF%D8%B1%DB%8C-%D9%85%DB%8C%D8%B4%D9%88%D8%AF-%D8%BA%D8%A7%D8%B1%D8%AA%DA%AF%D8%B1-%D8%A7%D9%85%D9%88%D8%A7%D9%84-%D9%85%D8%B1%D8%AF%D9%85", "post_title_3": "یکی میشود مدافع مَردم ؛دیگری میشود غارتگر اموال مَردم..", "post_content_3": "چـنـد وقــت پـیـش یــکی \n \nاز بیـت المال ۳ هزار میـلیارد ناقابل برداشت و رفت و دیگه برنگشت\nیـکی دیــگرشون ۱۲ هــزار میـلیارد گــرفت و رفــت\nامـا...\n۳۰ سـال پـیش پـشت مَـیدان میـن چـند نـفر میـخواستن\n \nبـا جـونشـون معـبر بــاز کنن یکیــشون چـند قدم که رفت\n \nبـرگشت همه فـکر کردن تـرسیده پوتیـن هاشو درآورد داد \n \nو گـفت تـازه از تــدارکات گرفتمــشون حیـفه مـال بیت الماله\nبـعد پـا بــرهنه رفـت و اتـفاقـا اونــم دیـگه بـرنگشــت\n \n", "post_url_4": "http://nayedel255.blog.ir/1396/09/26/%DA%AF%D9%86%D8%A7%D9%87-%D8%AA%D9%85%D8%AF%DB%8C%D8%AF-%D8%BA%DB%8C%D8%A8%D8%AA", "post_title_4": "گنـاه=تمـدید غیـبت", "post_content_4": "بــرای آمَــدنـت\nبــایــد تـمـام عُــمرم\nروزه ی گــناه نــکـردن بــگیـرم\nانـتـظار یــعنی هَمیــن..\n \n", "post_url_5": "http://nayedel255.blog.ir/1396/09/20/%D8%AE%D8%A7%D9%86%D9%85%D8%AA-%D8%B1%D9%88-%D8%A8%D8%A7-%D8%A8%D9%82%DB%8C%D9%87-%D8%B2%D9%86-%D9%87%D8%A7-%D9%85%D9%82%D8%A7%DB%8C%D8%B3%D9%87-%D9%86%DA%A9%D9%86", "post_title_5": "خـانمت رو با بقـیه زن ها مقایـسه نـکن...", "post_content_5": "آقـایـون مـحتـرم ایـنو خـوب آویـزه گـوشتـون کـنیـد\n \nهـیچـکدام از آنهایی که خـانـمت را با آنها مقـایسه مـیکنی\n \nهـنوز بـا تـو زنـدگی نکردن تا نـقاط ضـعفشان را هم ببینی\n \nکـم کـم ذهـنـتان درگــیر مـقایـسه خـانـمـت با بقیه میشی\n \n   کـه در بــیشتر اوقـات همـسرت در ایــن مقـایسه بـازنده است...\n.\n\n.\n+برای درک بهتر متن فوق کلیپ حتما مشاهده بشه +\n.\nبرگرفته شده از وبلاگ: nayedel255.blog.ir\n\n+برای درک بهتر متن فوق کلیپ حتما مشاهده بشه +\n.\n", "post_full_content_5": "\nخـانمت رو با بقـیه زن ها مقایـسه نـکن...\n\n\n\nآقـایـون مـحتـرم ایـنو خـوب آویـزه گـوشتـون کـنیـد\n \nهـیچـکدام از آنهایی که خـانـمت را با آنها مقـایسه مـیکنی\n \nهـنوز بـا تـو زنـدگی نکردن تا نـقاط ضـعفشان را هم ببینی\n \nکـم کـم ذهـنـتان درگــیر مـقایـسه خـانـمـت با بقیه میشی\n \n   کـه در بــیشتر اوقـات همـسرت در ایــن مقـایسه بـازنده است...\n.\n\n.\n+برای درک بهتر متن فوق کلیپ حتما مشاهده بشه +\n.\nبرگرفته شده از وبلاگ: nayedel255.blog.ir\n\n+برای درک بهتر متن فوق کلیپ حتما مشاهده بشه +\n.\n\n\n", "post_full_content_4": "\nگنـاه=تمـدید غیـبت\n\n\n\nبــرای آمَــدنـت\nبــایــد تـمـام عُــمرم\nروزه ی گــناه نــکـردن بــگیـرم\nانـتـظار یــعنی هَمیــن..\n \n\n\n", "post_full_content_3": "\nیکی میشود مدافع مَردم ؛دیگری میشود غارتگر اموال مَردم..\n\n\n\nچـنـد وقــت پـیـش یــکی \n \nاز بیـت المال ۳ هزار میـلیارد ناقابل برداشت و رفت و دیگه برنگشت\nیـکی دیــگرشون ۱۲ هــزار میـلیارد گــرفت و رفــت\nامـا...\n۳۰ سـال پـیش پـشت مَـیدان میـن چـند نـفر میـخواستن\n \nبـا جـونشـون معـبر بــاز کنن یکیــشون چـند قدم که رفت\n \nبـرگشت همه فـکر کردن تـرسیده پوتیـن هاشو درآورد داد \n \nو گـفت تـازه از تــدارکات گرفتمــشون حیـفه مـال بیت الماله\nبـعد پـا بــرهنه رفـت و اتـفاقـا اونــم دیـگه بـرنگشــت\n \n\n\n", "post_full_content_2": "\nتـا دیـر نشـده قـدردانشان بـاشیم..\n\n\n\nپَــدر و مــادر\nمَثـل قــند هسـتـن\nچـای زنـدگی ات را کـه\nشــیریــن کـــردنــد\nخٌــودشــان تــمام میـشــونـد...\n \n\n\n", "post_full_content_1": "\nاز هر دست بدهی از همان دست میگیری..\n\n\n\nتــو بــرای خــدا کـار کــن\nتـا خــدا هــم بـرایـت کـار کـند \nایـن را بـدانیم خـداوند هیـچگاه بـدهکار بنـده اش نمیماند\n \nبیـشتــر مـواظب بـاشیـم\nایـن دنــیا بـی‌قانـون نـیسـت\nاز خـیر و شـر، هـر چـه کـه به ایـن دنـیا داده باشی\n \nروزی بـه طــرف خــودت بازمـی‌گــردد.\n.\n+برای درک بهتر متن فوق کلیپ حتما مشاهده بشه +\n.\n\n\n"}