{"type": "blog", "blog_name": "ایران ترمز", "blog_url": "http://irantormoz.blog.ir/", "post_url_1": "http://irantormoz.blog.ir/post/%D8%A7%D9%86%D9%88%D8%A7%D8%B9-%D9%84%D9%86%D8%AA-%D8%AA%D8%B1%D9%85%D8%B2-%D9%88-%D8%AF%DB%8C%D8%B3%DA%A9-%DA%86%D8%B1%D8%AE-%D8%A8%D8%A7-%D8%A8%D8%B1%D9%86%D8%AF%D9%87%D8%A7%DB%8C-%D9%85%D8%AA%D9%86%D9%88%D8%B9", "post_title_1": "انواع لنت ترمز و دیسک چرخ با برندهای متنوع", "post_content_1": "فروشگاه اینترنتی ایران ترمز با معرفی برندهای معتبر لنت ترمز سعی در معرفی و ایجاد یک فضای مقایسه ای برای خریداران داشته است.\n\nانواع لنت ترمز برای خودروهای زیر موجود است :\n\n\n\n\n\n\n\n\n\n\n\n\n\n\n\n\nجلو\n  ماکسیما  جوک نیسان تینا\n\n\n\nعقب\n  ماکسیما\n\n\n\nجلو\n  مورانو\n\n\n\nعقب\n  مورانو  نیسان قشقایی  نیسان تینا  سوزوکی ویتارا\n\n\n\nجلو\n  رونیز\n\n\n\nجلو\n  مورانو باریک  رنو کولیوس\n\n\n\nجلو\n  قشقایی  سوزوکی کیزاشی\n\n\n\nجلو\n  تینا\n\n\n\nجلو\n  کمری 2007  لکسوس ES350\n\n\n\nعقب\n  کمری 2007  RAV 4\n\n\n\nجلو\n  کمری 2005\n\n\n\nعقب\n  کمری 2005\n\n\n\nعقب\n  پرادو تویوتا لندکروز 2010  کروزر FJ\n\n\n\nجلو\n  یاریس  وولکس C30  لیفان X50\n\n\n\nعقب\n  یاریس\n\n\n\nعقب\n  کرولا 2007  ولکس C30  سایپا Z300  گریت وال  لیفان X50\n\n\nجلو\n  کرولا\n\n\nجلو\n  لکسوس 2010  RX350\n\n\n\nجلو\n  لندکروز 2010\n\n\n\nعقب\n  کرولا 2011\n\n\n\nعقب\n  لندکروز 2010\n\n\n\nجلو\n  تویوتا RAV 4\n\n\n\nعقب\n  لکسوس 2010/ RX350\n\n\n\nعقب\n  لکسوس 2007\n\n\n\nجلو\n  تویوتا هایلوکس ویگو\n\n\n\nجلو\n  یاریس 2014\n\n\n\n\n\n\n\n\n", "post_url_2": "http://irantormoz.blog.ir/post/%D8%AA%D9%88%D9%84%DB%8C%D8%AF-%D9%84%D9%86%D8%AA-%D8%AA%D8%B1%D9%85%D8%B2-%D8%A7%D9%84%DB%8C%DA%AF-%D8%AF%D8%B1-5-%D8%B1%D8%AF%D9%87-%D8%A8%D9%86%D8%AF%DB%8C-%D9%85%D8%AE%D8%AA%D9%84%D9%81-%D9%85%D8%AE%D8%AA%D8%B5-%D8%A2%D8%A8-%D9%88-%D9%87%D9%88%D8%A7-%D9%88-%D8%B4%D8%B1%D8%A7%DB%8C%D8%B7-%DA%AF%D9%88%D9%86%D8%A7%DA%AF%D9%88%D9%86", "post_title_2": "تولید لنت ترمز الیگ در 5 رده بندی مختلف مختص آب و هوا و شرایط گوناگون", "post_content_2": "", "post_url_3": "http://irantormoz.blog.ir/post/%D9%81%D9%82%D8%B7-%D9%88%D8%A8%D8%B3%D8%A7%DB%8C%D8%AA-%D8%A7%DB%8C%D8%B1%D8%A7%D9%86-%D8%AA%D8%B1%D9%85%D8%B2-%D8%AF%D8%A7%D8%B1%D8%A7%DB%8C-%D9%BE%DB%8C%DA%A9-%D8%B1%D8%A7%DB%8C%DA%AF%D8%A7%D9%86-%D8%A7%D8%B3%D8%AA", "post_title_3": "فقط وبسایت ایران ترمز دارای پیک رایگان است !!!", "post_content_3": "با سلام\nلطفا قیمت لنت ها و دیسک چرخ های ما رو با تمامی فروشگاه ها (حتی نمایندگی های شهرستان خودتان) مقایسه نمایید. در صورتی که قیمت کالا+ارسال آن بیشتر از قیمت اعلامی فروشنده گردید لطفا به ما اطلاع دهید.\n\nفقط ایران ترمز پیک رایگان دارد", "post_url_4": "http://irantormoz.blog.ir/post/%D9%86%D9%85%D8%A7%DB%8C%D9%86%D8%AF%DA%AF%DB%8C-%D8%A8%DA%AF%DB%8C%D8%B1%DB%8C%D8%AF-%D9%88", "post_title_4": "نمایندگی بگیرید و ...", "post_content_4": "", "post_url_5": "http://irantormoz.blog.ir/post/%D8%B3%D9%87%D9%85%DB%8C-%D8%AF%D8%B1-%D9%81%D8%B1%D9%88%D8%B4-%D9%85%D8%A7-%D8%AF%D8%A7%D8%B4%D8%AA%D9%87-%D8%A8%D8%A7%D8%B4%DB%8C%D8%AF", "post_title_5": "سهمی در فروش ما داشته باشید", "post_content_5": "", "post_full_content_5": "", "post_full_content_4": "", "post_full_content_2": "", "post_full_content_1": "", "post_full_content_3": ""}