{"type": "blog", "blog_name": "خندوانه - وبلاگ هواداران خندوانه", "blog_url": "http://khandevaane.blog.ir/", "post_url_1": "http://khandevaane.blog.ir/post/326", "post_title_1": "دانلود برنامه خندوانه امشب | مسابقه خنداننده شو | اعلام نتایج نیمه نهایی", "post_content_1": "در برنامه امشب خندوانه نتایج مرحله نیمه نهایی که بین میثم درویشان پور، محمد معتضدی، مجید افشاری و سیده مریم کشفی برگزار شد اعلام شده و فینالیست های مسابقه خنداننده شو معرفی می شوند. برنامه خندوانه امشب راس ساعت 23 از شبکه نسیم پخش خواهد شد.\n\nپخش زنده، ویدئوها، تصاویر و نظرسنجی این قسمت از برنامه خندوانه در کانال تلگرام ما\n\n\nادامه مطلب", "post_url_2": "http://khandevaane.blog.ir/post/325", "post_title_2": "دانلود برنامه خندوانه امشب با حضور کوروش تهامی", "post_content_2": "کوروش تهامی که این روزها با فیلم سینمایی «رگ‌خواب» روی پرده سینماهاست، مهمان امشب برنامه خندوانه است. برنامه خندوانه امشب راس ساعت 23 از شبکه نسیم پخش خواهد شد.\n\nپخش زنده، ویدئوها، تصاویر و نظرسنجی این قسمت از برنامه خندوانه در کانال تلگرام ما\n\n\nادامه مطلب", "post_url_3": "http://khandevaane.blog.ir/post/324", "post_title_3": "دانلود برنامه خندوانه امشب با حضور نادر مشایخی", "post_content_3": "نادر مشایخی آهنگساز، رهبر ارکستر و فرزند استاد جمشید مشایخی، میهمان امشب برنامه خندوانه است. برنامه خندوانه امشب راس ساعت 23 از شبکه نسیم پخش خواهد شد.\n\nپخش زنده، ویدئوها، تصاویر و نظرسنجی این قسمت از برنامه خندوانه در کانال تلگرام ما\n\n\nادامه مطلب", "post_url_4": "http://khandevaane.blog.ir/post/323", "post_title_4": "دانلود برنامه خندوانه امشب | مرحله نیمه نهایی خنداننده شو | مجید افشاری و سیده مریم کشفی", "post_content_4": "مرحله نیمه نهایی مسابقه خنداننده‌ شو آغاز شد. مجید افشاری و سیده مریم کشفی در مرحله نیمه ‌نهایی خنداننده‌ شو با یکدیگر رقابت می‌کنند. برنامه خندوانه امشب راس ساعت 23 از شبکه نسیم پخش می شود.\n\nپخش زنده، ویدئوها، تصاویر و نظرسنجی این قسمت از برنامه خندوانه در کانال تلگرام ما\n\n\nادامه مطلب", "post_url_5": "http://khandevaane.blog.ir/post/322", "post_title_5": "دانلود برنامه خندوانه امشب | مرحله نیمه نهایی خنداننده شو | میثم درویشان پور و محمد معتضدی", "post_content_5": "مرحله نیمه نهایی مسابقه خنداننده‌ شو آغاز شد. میثم درویشان‌ پور و محمد معتضدی در مرحله نیمه ‌نهایی خنداننده‌ شو با یکدیگر رقابت می‌کنند. برنامه خندوانه امشب راس ساعت 23 از شبکه نسیم پخش می شود.\n\nپخش زنده، ویدئوها، تصاویر و نظرسنجی این قسمت از برنامه خندوانه در کانال تلگرام ما\n\n\nادامه مطلب", "post_full_content_5": "", "post_full_content_4": "", "post_full_content_3": "", "post_full_content_2": "", "post_full_content_1": ""}