{"type": "blog", "blog_name": "پروژه ساخت ECG-دستگاه های سیگنال گیری حیاتی", "blog_url": "http://ecg-co.blog.ir/", "post_url_1": "http://ecg-co.blog.ir/post/%D8%A7%D9%81%D8%AA%D8%AA%D8%AD%D8%A7-%D9%81%D8%B1%D9%88%D8%B4%DA%AF%D8%A7%D9%87-%D9%84%D9%86%D8%AA-%D8%AA%D8%B1%D9%85%D8%B2-%D9%88-%D8%AF%DB%8C%D8%B3%DA%A9-%DA%86%D8%B1%D8%AE-%D9%88-%D9%84%D9%88%D8%A7%D8%B2%D9%85-%DB%8C%D8%AF%DA%A9%DB%8C-%D8%AE%D9%88%D8%AF%D8%B1%D9%88", "post_title_1": "افتتحا فروشگاه لنت ترمز و دیسک چرخ و لوازم یدکی خودرو", "post_content_1": "آدرس فروشگاه :\nWWW.IRANTORMOZ>.com", "post_url_2": "http://ecg-co.blog.ir/post/%D8%AA%D8%B3%D8%AA", "post_title_2": "تست", "post_content_2": "", "post_url_3": "http://ecg-co.blog.ir/post/%D9%84%DB%8C%D8%B3%D8%AA-%D9%82%DB%8C%D9%85%D8%AA-%D9%84%D9%86%D8%AA-%D8%AA%D8%B1%D9%85%D8%B2", "post_title_3": "لیست قیمت لنت ترمز", "post_content_3": "برای دریافت لیست لنت ترمز های ELIG به کانال تلگرام زیر مراجعه نمایید.\nwww.telegram.me/irantormoz\n\n\nسایت اصلی : www.irantormoz.com\n\nوبلاگ : www.irantormoz.blog.ir\n", "post_url_4": "http://ecg-co.blog.ir/post/%D9%88%DB%8C%D8%AF%DB%8C%D9%88-%D8%AA%D8%B3%D9%84%DB%8C%D9%85-%D9%86%D8%B4%D9%88-%D9%BE%DB%8C%D8%A7%D9%85-%D9%84%DB%8C%D9%88%D9%86%D9%84-%D9%85%D8%B3%DB%8C-%D8%A8%D9%87-%D8%AA%D9%85%D8%A7%D9%85%DB%8C-%D8%AF%D9%86%DB%8C%D8%A7", "post_title_4": "ویدئو تسلیم نشو (پیام لیونل مسی به تمامی دنیا)", "post_content_4": "\n.h_iframe-aparat_embed_frame{position:relative;} .h_iframe-aparat_embed_frame .ratio {display:block;width:100%;height:auto;} .h_iframe-aparat_embed_frame iframe {position:absolute;top:0;left:0;width:100%; height:100%;}\n \n", "post_url_5": "http://ecg-co.blog.ir/post/%D8%B4%D9%88%D8%AE%DB%8C-%D8%AC%D8%AF%DB%8C%D8%AF-%D8%B3%D8%B1%D9%88%D8%B4-%D8%B1%D8%B6%D8%A7%DB%8C%DB%8C-%D8%A8%D8%A7-%DA%AF%D8%B2%D8%A7%D8%B1%D8%B4%DA%AF%D8%B1%D8%A7%D9%86-%D9%81%D9%88%D8%AA%D8%A8%D8%A7%D9%84", "post_title_5": "شوخی جدید سروش رضایی با گزارشگران فوتبال", "post_content_5": "\n.h_iframe-aparat_embed_frame{position:relative;} .h_iframe-aparat_embed_frame .ratio {display:block;width:100%;height:auto;} .h_iframe-aparat_embed_frame iframe {position:absolute;top:0;left:0;width:100%; height:100%;}\n \n", "post_full_content_4": "", "post_full_content_5": "", "post_full_content_3": "", "post_full_content_2": "", "post_full_content_1": ""}