{"type": "blog", "blog_name": "פּـاـωــہ בل خـפּــבҐ", "blog_url": "http://maryama75.blog.ir/", "post_url_1": "http://maryama75.blog.ir/1396/11/01/%DA%86%D8%A7%D9%84%D8%B4-%D9%85%D9%86-%D9%88-%D9%88%D8%A8", "post_title_1": "چالش من و وب⚆⚈", "post_content_1": "اهم از طرف خواهری دعوت شدم ب این چالش \n \nخو باید بگم ک اولین وبمو تو بلاگفا زدم شاید 15 سالم بود دقیق یادم نیس یادمه براش از این حبابا گذاشته بودم ک میترکه همه جا قلبی میشه^____^ خیلی بازدیدکننده داشت ولی خب بعضیا یه کارایی کردن ک مجبور شدم پاکش کنم وچقدر تلخ لحظه ی جدایی از وبلاگ دوست داشتنی :|\n تا چندماه پیش ک وبه جدیدمو زدم البته ک خواهری بهم معرفی کرد :)\nقالبشم خودش برام انتخاب کردخیلی پروعه خواهر گرامیم!!وبِ قبلیم تو بیان رهایی بخشیدن بود اما دوستش نداشتم ورهاش کردم:/\nاین وبمو خعلی بیشترتر دوسش دارم با اینکه هنوز جون نگرفته :| وب های دوستامم میخونم تا از احوالاتشون بیشتر باخبر شم بیشترمواقع هم نظرشاید نزارم ولی بدانید و آگاه باشید که میخونمتون :)))\nتجربه هم اینکه درسته اینجا مجازیه ولی اونی ک داره وبتو دنبال میکنه یه ادم از یه گوشه ی دنیا بایه عقیده؛روحیه و خیلی چیزای دیگه ک مثله هم نیستیم \nپس مواظب حرفامون باشیم :)\nدیگه اینکه ببخشید خوب ننوشتم شاید استعداد نویسندگیم کوره ●_______●\nاینم وب چالشِ ایجاد کرده _منصوره :)\nشما هم دعوتید ای خوانندگان جان ^_^\nآلاءجان ، شبگردخان یا جان نمیدونم ،حانی و بقیه ی دوستان :) شما دعوت شدید ✔✅✔\n", "post_url_2": "http://maryama75.blog.ir/1396/10/28/%D8%AE%D9%88%D8%AF%D9%85-%DA%A9-%D8%B0%D9%88%D9%82-%D9%85%D8%B1%DA%AF-%D8%B4%D8%AF%D9%85", "post_title_2": "خودم ک ذوق مرگ شدم^_____^", "post_content_2": "", "post_url_3": "http://maryama75.blog.ir/1396/10/21/%DA%A9%D8%A7%D9%85%D9%84-%D8%B4%D8%AF%F0%9F%98%8A%F0%9F%98%8A%F0%9F%98%8A%F0%9F%98%8D%F0%9F%98%8D%F0%9F%98%8D", "post_title_3": "کامل شد😊😊😊😍😍😍", "post_content_3": "دور گیریش کردم دیگه کامل شد", "post_url_4": "http://maryama75.blog.ir/1396/10/20/%D8%AE%D9%88%DA%86%DA%A9%D9%84%D9%87-%D9%85%D9%86", "post_title_4": "خوچکله من^_____^", "post_content_4": "بعدا کاملشو میزارم^____^", "post_url_5": "http://maryama75.blog.ir/1396/10/13/%D9%85%D9%86%D9%88-%D9%85%DB%8C%D9%86%D8%A7%D8%AC%D9%88%D9%86%DB%8C%D9%85-%D9%87%D9%85%DB%8C%D9%86-%D8%A7%D9%84%D8%A7%D9%86", "post_title_5": "(^_^) منو میناجونیم  همین الان :)", "post_content_5": "", "post_full_content_5": "", "post_full_content_3": "", "post_full_content_1": "\n\nچالش من و وب⚆⚈\n\n", "post_full_content_2": "", "post_full_content_4": ""}