{"type": "blog", "blog_name": "آقــــابـــزرگ:)", "blog_url": "http://aghabozorg.blog.ir/", "post_url_1": "http://aghabozorg.blog.ir/1395/08/03/%DB%8C%DA%A9-%D8%B1%D9%88%D8%B2%D8%A7%D9%86%D9%87-%D8%AF%DB%8C%DA%AF%D8%B1", "post_title_1": "یک روزانه دیگر", "post_content_1": "یک روزانه دیگر\n\n\n\n\nادامه مطلب", "post_url_2": "http://aghabozorg.blog.ir/1395/03/31/%D8%B4%D9%85%D8%A7%D8%B1%D9%87-%D8%A8%DB%8C%D8%B3%D8%AA-%D9%88-%D8%AF%D9%88", "post_title_2": "شماره بیست و دو", "post_content_2": "\nادامه مطلب...\n\nادامه مطلب", "post_url_3": "http://aghabozorg.blog.ir/1395/03/10/7-%D9%86%DA%A9%D8%AA%D9%87", "post_title_3": "7 نکته", "post_content_3": "\n\nادامه مطلب....\n\nادامه مطلب", "post_url_4": "http://aghabozorg.blog.ir/1395/02/18/top-10", "post_title_4": "top 10", "post_content_4": "\nبیا ادامه مطلب بقیه رو بخون ....\n\nادامه مطلب", "post_url_5": "http://aghabozorg.blog.ir/1395/02/15/have-a-good-day", "post_title_5": "have a good day", "post_content_5": "سلام چه خبر؟\n\n\nادامه مطلب", "post_full_content_5": "", "post_full_content_1": "", "post_full_content_4": "", "post_full_content_2": "", "post_full_content_3": ""}