{"type": "blog", "blog_name": "سجده عشق", "blog_url": "http://sajjdeheshgh.blog.ir/", "post_url_1": "http://sajjdeheshgh.blog.ir/post/%D8%AE%D8%B3%D8%AA%DA%AF%DB%8C", "post_title_1": "خستگی...", "post_content_1": " \nسلام دوستان...امیوارم همتون حالتون خوب باشه ودلتون  پرازآرامش وشادی...متأسفانه حالم اینروزا اصلا خوب نیس...برام دعا کنید...توی دعاهاتون برا ما رفقای مجازیم یه جایی بازکنید...خسته ام از همه ی آدمایی که فقط ادعای دوست داشتنمو دارن چه دوست وچه فامیلو خانواده ولی همشون به فکرنفع وغرور خودشونن...که وقتی پای گذشتن از غرور باشه همه چیزو زیر پامیذارن...بدجور خوردم از نزدیکترین آدمای زندگیم:-(\n ", "post_url_2": "http://sajjdeheshgh.blog.ir/post/%D9%85%D9%86-%D8%A8%D8%B1%DA%AF%D8%B4%D8%AA%D9%85-%D8%B3%D9%84%D8%A7%D9%85", "post_title_2": "من برگشتم...سلام...", "post_content_2": " \nسلاااااااااااااااااااااااااام دوستاااای خوبم...دلم تنگ بود برا اینجا اومدن برا سر زدن بهتون...نمیدونم اصلا کسی متوجه شد یا نه...؟!!!!ولی چهارماهی هست نتونستم بیام:-(\nخیلی وقته نه کامنت گذاشتم نه پست...\nولی میخوام دوباره بنویسم...\nمشکلاتم نذاشت بیام...ولی دوباره برگشتم...\nماه رمضانه...طاعات همتون قبول درگاه حق باشه...\nفرداشب،شب قدره...برا حاجت دارایی مثل منم دعاکنید...فعلا خدافظ... به همتون سرمیزنم\n \n \n \n \n ", "post_url_3": "http://sajjdeheshgh.blog.ir/post/%D8%A7%D9%85%D8%AA%D8%AD%D8%A7%D9%86", "post_title_3": "امتحان:(((", "post_content_3": "سلااااااااااااام دوستان...امیدوارم حال همتون خوب باشه...تو این چند ماه اینقدر سرم شلوغ بوده که اصلا نمیتونستم حتی پست بذارم...فقط گهگاه پستای دوستامو میخوندم...به هرحال فشاردرسا وامتحاناس دیگه...مشکلات زندگی ام که جای خود داره...ولی به یادتون هستم...متاسفانه فردام امتحان دارم : ((((((اونم تاریخ ادبیاااات...حوصله خوندنم ندارم...و من اصولا وقتی حوصله نداشته باشم نمیخونم : )))راستی سپندارمذگانتونم پساپس مبااااارک...(همیشه یه روز عقبم)تو شهرمابدجور حالو هوای  انتخابات وتبلیغات انتخاباتیه... جو پرنشاطیه...راااااستی دوستان هرکس که به نظرش میتونه برای انتخابات مجلس خبرگان راهنمایی بده چند تا اصلح معرفی کنه با دلیل؛اطلاع بده...ممنون میشم...", "post_url_4": "http://sajjdeheshgh.blog.ir/post/%D8%B3%D9%84%D8%A7%D9%85", "post_title_4": "سلام", "post_content_4": "سلااااام دوستای خوبم...بالاخره تقریبا حال دلم خوب شد واحساس کردم میتونم بنویسم...خیلی از آدمهای زندگیم رو کنار گذاشتم وحالا دنبال اینم جایگاه یه سری از آدمای زندگیم رو محکم کنم...تو این مدت یاد گرفتم بیشتر رو رفتار آدما تأمل کنم و فکر کنم...یاد گرفتم حضور نداشتنم توی سربالایی های زندگی عزیزانم  همیشه اسمش بیمعرفتی نیست...یاد گرفتم هیچ بایدی وجود نداره که بگه  آدمایی که تو زندگیم فقط انتظار دارنو موقع تنهاییو مشکلاتم تابحال نبودن یاحال بدم براشون مهم نیست،تو زندگیم باشن...یاد گرفتم برا کسی بمیرم که برام تب کنه...وخیلی چیزای دیگه...توی این مدت یه سری ازدوستان سراغمو گرفتن...ممنونم که سکوت ونبودنم  براتون اهمیت داشته...مخصوصا یسناجون...به همتون سر میزنم...پستای نخونده ی همتونم سعی میکنم بخونم...آرزوی لبخند همیشگی برای همتون...", "post_url_5": "http://sajjdeheshgh.blog.ir/post/%D8%B6%D8%B1%D8%A8%D9%87-%D9%87%D8%A7%DB%8C-%D8%B3%D9%87%D9%85%DA%AF%DB%8C%D9%86", "post_title_5": "ضربه های سهمگین...", "post_content_5": "                                               از درد های کوچک است که آدم می نالد ...                                                وقتی ضربه سهمگین باشد لال می شود ...                \n   \nدست ودلم به نوشتن نمیاد ببخشید اگه پست نمیذارم یا اگه سرنزدم...هروقت حالم خوب شد دوباره میام...", "post_full_content_4": "\nسلام\n\n\n\nسلااااام دوستای خوبم...بالاخره تقریبا حال دلم خوب شد واحساس کردم میتونم بنویسم...خیلی از آدمهای زندگیم رو کنار گذاشتم وحالا دنبال اینم جایگاه یه سری از آدمای زندگیم رو محکم کنم...تو این مدت یاد گرفتم بیشتر رو رفتار آدما تأمل کنم و فکر کنم...یاد گرفتم حضور نداشتنم توی سربالایی های زندگی عزیزانم  همیشه اسمش بیمعرفتی نیست...یاد گرفتم هیچ بایدی وجود نداره که بگه  آدمایی که تو زندگیم فقط انتظار دارنو موقع تنهاییو مشکلاتم تابحال نبودن یاحال بدم براشون مهم نیست،تو زندگیم باشن...یاد گرفتم برا کسی بمیرم که برام تب کنه...وخیلی چیزای دیگه...توی این مدت یه سری ازدوستان سراغمو گرفتن...ممنونم که سکوت ونبودنم  براتون اهمیت داشته...مخصوصا یسناجون...به همتون سر میزنم...پستای نخونده ی همتونم سعی میکنم بخونم...آرزوی لبخند همیشگی برای همتون...\n\n", "post_full_content_3": "\nامتحان:(((\n\n\n\nسلااااااااااااام دوستان...امیدوارم حال همتون خوب باشه...تو این چند ماه اینقدر سرم شلوغ بوده که اصلا نمیتونستم حتی پست بذارم...فقط گهگاه پستای دوستامو میخوندم...به هرحال فشاردرسا وامتحاناس دیگه...مشکلات زندگی ام که جای خود داره...ولی به یادتون هستم...متاسفانه فردام امتحان دارم : ((((((اونم تاریخ ادبیاااات...حوصله خوندنم ندارم...و من اصولا وقتی حوصله نداشته باشم نمیخونم : )))راستی سپندارمذگانتونم پساپس مبااااارک...(همیشه یه روز عقبم)تو شهرمابدجور حالو هوای  انتخابات وتبلیغات انتخاباتیه... جو پرنشاطیه...راااااستی دوستان هرکس که به نظرش میتونه برای انتخابات مجلس خبرگان راهنمایی بده چند تا اصلح معرفی کنه با دلیل؛اطلاع بده...ممنون میشم...\n\n", "post_full_content_5": "\nضربه های سهمگین...\n\n\n\n                                               از درد های کوچک است که آدم می نالد ...                                                وقتی ضربه سهمگین باشد لال می شود ...                \n   \nدست ودلم به نوشتن نمیاد ببخشید اگه پست نمیذارم یا اگه سرنزدم...هروقت حالم خوب شد دوباره میام...\n\n", "post_full_content_1": "\nخستگی...\n\n\n\n \nسلام دوستان...امیوارم همتون حالتون خوب باشه ودلتون  پرازآرامش وشادی...متأسفانه حالم اینروزا اصلا خوب نیس...برام دعا کنید...توی دعاهاتون برا ما رفقای مجازیم یه جایی بازکنید...خسته ام از همه ی آدمایی که فقط ادعای دوست داشتنمو دارن چه دوست وچه فامیلو خانواده ولی همشون به فکرنفع وغرور خودشونن...که وقتی پای گذشتن از غرور باشه همه چیزو زیر پامیذارن...بدجور خوردم از نزدیکترین آدمای زندگیم:-(\n \n\n", "post_full_content_2": "\nمن برگشتم...سلام...\n\n\n\n \nسلاااااااااااااااااااااااااام دوستاااای خوبم...دلم تنگ بود برا اینجا اومدن برا سر زدن بهتون...نمیدونم اصلا کسی متوجه شد یا نه...؟!!!!ولی چهارماهی هست نتونستم بیام:-(\nخیلی وقته نه کامنت گذاشتم نه پست...\nولی میخوام دوباره بنویسم...\nمشکلاتم نذاشت بیام...ولی دوباره برگشتم...\nماه رمضانه...طاعات همتون قبول درگاه حق باشه...\nفرداشب،شب قدره...برا حاجت دارایی مثل منم دعاکنید...فعلا خدافظ... به همتون سرمیزنم\n \n \n \n \n \n\n"}