{"type": "blog", "blog_name": "این روزهای من", "blog_url": "http://gisoo766.blog.ir/", "post_url_1": "http://gisoo766.blog.ir/1396/06/19/%D8%AF%D8%B1%D8%A2%D8%B3%D8%AA%D8%A7%D9%86%D9%87-%DB%8C-%D9%81%D8%B5%D9%84-%D8%AF%D9%88%D9%85-%D8%B2%D9%86%D8%AF%DA%AF%DB%8C", "post_title_1": "درآستانه ی فصل دوم زندگی:)", "post_content_1": "گیسوی شهریور\nتاچندساعت دیگرواردفصل جدیدی اززندگی ات میشوی\nدوست دارم عمیقاشادباشی وازته دل بخندی:)\nبه مهربان بودنت ادامه بده.بگذارعشق سراسروجودت رافرابگیرد...\nشهریوری جان^_^\nدلیل شادی دیگران باش:)مرهم باش برای غصه های جانانِ زندگی ات\nهمراه باش برای عشق های دنیایت.کوه باش برای خواهرت:))\nهمراه روزهای بارانی دیگران باش...\nبه خانواده ات عشق بورز.بگذاردوست داشتن راازچشمانت بخوانند:)\nخداوندا\nخودم زندگی ام خانواده ام دوستانم وراه پرپیچ وخم دنیایم رابه خودت می سپارم:))\nپناهم باش ای پناه بندگان...\n20/6/1396\n20ساله شدگانیم:))\n\n+چقدخودموتحویل گرفتم^_^", "post_url_2": "http://gisoo766.blog.ir/1396/06/14/%D9%85%D8%B1%D8%A7%D8%AF%D8%B1%DB%8C%D8%A7%D8%A8", "post_title_2": "مرادریاب", "post_content_2": "وسط تمیزکردن اتاق فکرمی کنم.\nالان مامان بزرگم دوروزخونه ی ماست ومن اصلاحس نمیکنم بودنشو:/چراواقعا:(\nمن الان توخودم حل شدم...\nانقدرنرسیدم ک دیگه فکرمیکنم هیچ رسیدنی درکارنیست...\nراه اشتباه بودیااراده ی من داغون؟!\nکجای پازل زندگیمواشتباه گذاشتم ک نظم زندگیم به هم خورده!\nدلم کسیومیخادکه ساعت هابشینم کنارش وبراش حرف بزنم.کسی ک درجواب حرفانگه عب نداره میگذره تومیتونی واین چیزا..\nیکی باشه بگه ببین منو من هستم .دستات بده تاباهم پیش بریم یکی ک جنس دغدغه هامون یکی باشه یکی ک بفهمه منو.بتونم راحت درموردبرنامه هام رویاهام تصمیم هام باهاش حرف بزنم\nیکی ک همیشه باشه...\nولی نیست یااگه هست دغدغه های من واسش ی شوخیه!!!\nهمین...\n11/6/96", "post_url_3": "http://gisoo766.blog.ir/1396/06/07/%D8%B1%D9%88%D8%B2%D9%85%D8%B1%D9%87", "post_title_3": "روزمره", "post_content_3": "رفتم برای گواهینامه ثبت نام کردم:)\nامروزجلسه ی اولش بود....\nپنجشنبه مصاحبه دارم-_-", "post_url_4": "http://gisoo766.blog.ir/1396/05/31/%D8%A7%D8%AE%D8%B1%DB%8C%D9%86-%D8%B1%D9%88%D8%B2%D9%85%D8%B1%D8%AF%D8%A7%D8%AF", "post_title_4": "اخرین روزمرداد", "post_content_4": "گاهی می مانی بین همه ی این بودن هاونبودن ها..\nنمی دانی باشی یانباشی...کمرنگ باشی یامثل افتاب امروزپررنگ!\nآبی باشی وخالص یاتیره باشی وسرد!!عشق بورزی ودوست بداری یاسنگ باشی ونگاه کنی...\nدنیای عجیبی است...انقدرعجیب که روزی چشم بازمیکنی ومیبینی درانبوهی ازابهام میان آن اتفاق خوب که دلت رااحاطه کرده گیرافتاده ای وشروع میشودشاعرانه سخن گفتن هایت\nوپررنگ میشودنگاه های معنادارت...\n\n+مامان ی چندروزی نیست ومن حسابی درگیرکارهای خونم دیروزواسه ناهارعدس پلوگذاشتم وواسه شام ماکارونی دیگه چیزی درتوانم نیست://چهارروزبعدی روچی کنیم؟!!!\n+تولدحانیه امروزه هنوزچیزی نگرفتم واسش-_-البته مسافرته زنگ زدم تبریک گفتم فعلن:))\nچقدکادوگرفتن سخته خیلی دوس دارم کادوبگیرم واسه بقیه چه بامناسبت چ بی مناسبت ولی همیشه کاره سختیه واسم ک عایاخوشش میادیانه؟!چی بگیرم من-_-", "post_url_5": "http://gisoo766.blog.ir/1396/05/29/%D8%B1%D9%88%DB%8C%D8%A7", "post_title_5": "رویا...", "post_content_5": "نشسته جلوم وداره باذوق واسم حرف میزنه وتعریف میکنه\nومن غرق شدم تورویای خودم اصن نمیفهمم چی میگه فقط باسرتاییدمیکنم...", "post_full_content_5": "", "post_full_content_4": "", "post_full_content_3": "", "post_full_content_2": "", "post_full_content_1": ""}