{"type": "blog", "blog_name": "دل نویسان", "blog_url": "http://delnevisan.blog.ir/", "post_url_1": "http://delnevisan.blog.ir/post/%D8%A8%D8%B1%DA%AF%D8%B4%D8%AA%DB%8C%D9%85-%D9%88%D8%A7%D8%B3%D9%87-%DB%8C%D9%87-%D9%85%D8%AF%D8%AA-%DA%A9%D9%88%D8%AA%D8%A7%D9%87", "post_title_1": "برگشتیم واسه یه مدت کوتاه", "post_content_1": "سلام دوباره خدمت همه دوستان و اشنایان و غریبه ها..یه سلام ویژه هم خدمت وبلاگ نویسا..شرمنده انقدر درگیر زندگی شدیم که نتونستیم وبلاگو به جایگاهی که میخواستیم برسونیم..خلاصه اینکه نشد ک بشه \nپ.ن: ساده ترین پستای وبلاگ ها می ارزه به هزار تو پست اینستاگرامی ", "post_url_2": "http://delnevisan.blog.ir/post/%D8%A7%DB%8C%D9%86-%D8%B4%D9%87%D8%B1-%D9%85%D8%B1%D8%AF%D9%87-%D9%85%D8%AB%D9%84-%D9%86%DA%AF%D8%A7%D9%87-%D9%85%D8%B1%D8%AF%D9%85%D8%B4", "post_title_2": "این شهر مرده مثل نگاه مردمش...", "post_content_2": "خسته تر از اون چیزی ام که بخوام بنویسم....نمیدونم چی بگم شاید اونموقع که هدفی بود با تموم سختی هاشو استرس هاش زندگی برام جداب تر بود حداقل...البته انسان ها نمیدونم چرا کلا ناراضی هستن ولی من ناراضی نیستم...خسته ام...جالب اینجاست همه تلاش میکنن اینو از بین ببرن...کمتر از یک ماه دیگه منو مجید میریم دانشگاه(که به احتمال زیاد دانشگاه گیلانه) نمیدونم چی بگم!!! کلا ادامه زندگی یه حالت کوبیسم برام داره...تو این راه خیلیا باما بودن ولی تهش بدجور حالمونو گرفتن و رفاقت چند سالمونو به هم زدن....جوری که منو مجید اصن باورمون نمیشد...بدتر اینکه اومدن زیراب مجیدو پیشم زدن که بیخیال شم و من همیشه تو دلم میخندیدم و بهشون میگفتم نه...نمیدونم چرا باید اینقدر خود خواه باشیم؟؟...تو این دنیا همه روی هم تاثیر میزاریم شاید یکی که تو جنوبی ترین قسمت دنیا هستش با یه حرکتش که اصن خودشم خبر نداره رو یه انسان در شمالی ترین قسمت دنیا تاثیر بزاره!!! پس چرا ما اینقدر خود خواهیم؟؟ چرا اینقدر خودمون برا خودمون مهم هستیم؟؟ اصن مگه زندگی تو این دنیا چقدر که قرار کلی انسانو ناراحت کنیم از خودمون؟؟ تو اصلا بشو مولتی میلیاردر ترین ادم دنیا!!! که چی؟؟ تهش چی میشه؟؟....نمیدونم و نمیخوام توهینی کنم ولی خیلیا با مغز اکبند به دنیا میانو با همونم از دنیا میرن....به شدت اتفاقات رایج بین مردم برام بی معنی شده....برای رسیدن به خواسته هاشونو حتی خودشون در حد یه حیوون میکشن پایین.......نمیدونم و خیلی گیج شدم فهمیدم که رسالت انسان چیه ولی نمیفهمم رسالت این دنیا چیه....شرمنده طولانی شد....\nپ.ن:نارفیق و آشغالو باهم ساعت ٩ شب بزار دم در شهرداری بیاد ببره!!!\nپ.ن دوم:امیدوارم همیشه موفق باشی بین انسانا نه حیوونا!!\n#پنجره_بازه_ولی_یکی_جلو_آسمونو_سد_زده\n#حق_محفوظ\n", "post_url_3": "http://delnevisan.blog.ir/post/%D8%AA%D8%AC%D8%B1%D8%A8%D9%87-%D9%86%D8%B2%D8%AF%DB%8C%DA%A9-%D8%A8%D9%87-%D8%A2%DA%AF%D8%A7%D9%87%DB%8C", "post_title_3": "تجربه نزدیک به آگاهی......", "post_content_3": "نمیدونم دقیقا باید چی بنویسم....خیلیا این مدلی میشن اصن نمیدونم ته این متن چی میشه....فقط میدونم خیلی مغزم گیره !!! یه مدتی خیلی خودمو گم کرده بودم دنبال جواب سوالی بودم که خوده جوابش سوال بود !!!( اگه بد فهموندم شرمنده !)\nخیلی اتفاقی خوردم به بنیاد NDERF (تجربه نزدیک به مرگ) که من برا خودم اسمشو میزارم تجربه نزدیک به آگاهی....خیلی اتفاقی تجربه بتی ایدای رو خوندم همون خانومی که کتابش در همین زمینه کلی فروش رفت.....\nقبل برخورده من به این آگاهی من احساس میکردم خیلی از محیط دورو برم درک دارم.....ادمی بودم که به یکسری که نمیدونم اسمشو چی بزارم ایمان داشتم.....ینی اونقدر احساس درک میکردم که حرکاتو رفتاره بقیه در مقابل یک احساس یا حادثه برام خنده دار بود که این چرا اینقدر انسان جاهلیه !!! \nیادمه یه اهنگ بود گوش میدادمو و هنوزم میدم که توش میگفت 20 سال پرستیدم حالا میگن از اولش اشتباه بود !! عقاید کنج تابوت باید بره !!....\nهیچی گذشتو من تو کمتر از 2 روز بالای 50 تا تجربه خوندم !!! و البته تحلیل کردم از هر زاویه که میشد به تجربه ها نگاه کردم حتی تجربه ی یکی از مجریان صدا سیما.....\nاونقدر خارق العاده بود که محو بودم به کلی عوض شد دیدم....فهمیدم که من هیچیم هیچی...پوچ...پوچ....ایمانم به خدا(دقت کنین ایمانم به خدا) هزار برابر شده بودو هست....\nدقیقا یادم از شدتِ هیجان رفتم به مجید پی ام دادم که اره فلانو فلانو من خوندم....یادمه اینقدر هول بودم که نمیتونستم درست تعرف کنم انگار یه چیزیو کشف کرده بودم......\nالبته مجید هم تعجب کرده بود حتی بعد از توضیحاتم حتی عکس العمل خاصی هم نشون نداد انگارکه اصن براش مهم نباشه این داستان......\nهیچی...بعضی شبا شاید قبل از خواب 2 3 ساعت فکرمو مشغول میکرد این تجربه ها...... \nخیلی چیزا فهمیدم....فهمیدم که خیلیا از ما سره کاریم....خیلی عقبیم.....فهمیدم که تا درکی از زندگیو انسان بودنت نداشته باشی هیچ لذتی نمیبری....حتی یادمه مجید بهم گفته بود حاظر نیستم تو این دنیا شاد نباشم که چی قرار روحم به کمال برسه....\nنمیدونم چی شد ولی من دیدم به این دنیا و مردن وحتی مشکلات زندگی عوض شد....\nفهمیدم نالیدن از چیزی که خودم خواستمو خودم انتخاب کرد بس کاره احمقانه ایِ.....\nاین اتفاقا گذشت ولی هنوز هیچکی نمیفهمه من چی میگم.....شاید تو دلت بخندی یا بگی نفست از جا گرم بلند میشه ولی میگم یکی فهموندنش سخته.....\nبه قول امیر اثبات تو هم یه روز میفهمی فقط دغدغه نیس صبحگاه اول مهر....\nحالا بیخی اصن نمیدونم چی شد که اینارو نوشتم!!!!...... حتی عنوان هم اول گذاشته بودم \"نمیدونم\"!!!!!....\nاینم یه جمله که برام خیلی ارزش داره....  «مرگ خواب ابدی نیست، بلکه بیداری ابدیست» والتر اسکات\n#کیانوش\n#تجربه_نزدیک_به_اگاهی\n#حق_محفوظ", "post_url_4": "http://delnevisan.blog.ir/post/%D9%85%D8%A7%D8%B1%DA%A9-%D8%B2%D8%A7%DA%A9%D8%B1%D8%A8%D8%B1%DA%AF-%D8%AE%D8%B1-%D8%A7%D8%B3%D8%AA-%F0%9F%98%90", "post_title_4": "مارک زاکربرگ خر است 😐", "post_content_4": "خدایی سیستم بدنم قاطی کرده شب بیدارمو صبا میخوابم  دیشبم از اتاق فرمان خبر رسید اینستا یه چالش!!! بنام سیاه سفید راه افتاده!!! من که نفهمیدم چرا به کسی که عکس سیاه سفید بگیره میگن چالش!!!  همه ی اینا زیر سر مارک زاکربرگه اگه اون چالشو سطل اب یخ بوجود نمیاورد الان ملت غیور ما پیشتاز در عرصه ی چالش نمیشدن!! جوری تو ١ سال ایجاد چالش کردیم که اندازه ١قرن گذشته کل دنیا به گردِ پامون هم نمیرسه\nدیشب که دیگه اون ٢تا نویسنده پست های دِپ گذاشتن !! من تا صبح مونده بودم چی بزارم که توازن بهم نخور \n#کیانوش\n#مارک_زاکربرگ_خر_است\n#حق_محفوظ", "post_url_5": "http://delnevisan.blog.ir/post/%D8%B4%D8%A7%DB%8C%D8%B9-%D8%B2%D9%88%D8%AF-%D8%A8%D8%A7%D9%88%D8%B1-%D8%A7%DB%8C%D8%B3%D9%85-%F0%9F%98%90", "post_title_5": "شایع زود باور ایسم!! 😐", "post_content_5": "اقا دقت کردین هر روز تو تلگرام یک دووور همه ی هنرمنداهووو فوتبالیستا هووو کلا افراد مشهور( اومدم بگم سلبریتی که مثلا من لاکچری ام ولی نگفتم ریااا نشه ) میمیرنو زنده میشن !!! هنرمندای خانوم که در روز یه ٥٠٠٠ باری ازدواج میکنن با ٥٠٠٠ مرده مختلف!!! \nخداییش بسه طرف زده ازدواج فلان بازیگر با یک مرده کوتوله !!! وات دِ فاز مِن؟\nولی خدایی یکم دیر باور باشید ینی با سندو مدرک قبول کنین!! حالا از فردا یه سریا پیدا میشن هزار نوع سند واقعیم بیاری باور نمیکنن !!!  \nکلا میانه باشین....\n#کیانوش\n#میانه_باوریسم\n#حق_محفوظ\n", "post_full_content_3": "", "post_full_content_1": "", "post_full_content_4": "", "post_full_content_2": "", "post_full_content_5": ""}