{"type": "blog", "blog_name": "❄دهــڪدهٔ‌دوســتــے1❄", "blog_url": "http://k-love80.blog.ir/", "post_url_1": "http://k-love80.blog.ir/1395/06/04/%D8%A7%DB%8C%D9%86-%DA%86%D9%87-%D8%AC%D8%A7%D9%85%D8%B9%D9%87-%D8%A7%DB%8C%D8%B3%D8%AA", "post_title_1": "این چه جامعه ایست!", "post_content_1": "\nkimia#", "post_url_2": "http://k-love80.blog.ir/1395/05/30/%D8%A8%D8%B9%D8%B6%DB%8C-%D9%87%D8%A7-%DA%AF%D8%B1%DB%8C%D9%87-%D9%86%D9%85%DB%8C%DA%A9%D9%86%D9%86%D8%AF", "post_title_2": "بعضی ها گریه نمیکنند!", "post_content_2": "\n\nkimia#", "post_url_3": "http://k-love80.blog.ir/1395/05/29/%D8%A7%D9%86%D8%B5%D8%A7%D9%81-%D9%86%DB%8C%D8%B3%D8%AA", "post_title_3": "انصاف نیست!", "post_content_3": "", "post_url_4": "http://k-love80.blog.ir/1395/05/28/%D8%B3%DA%AA%D9%88%D8%AA-%DA%86%DB%81-%D8%B2%DB%8C%D8%A8%D8%A7%D8%B3%D8%AA", "post_title_4": "سڪوت چہ زیباست!", "post_content_4": "\n\nkimia#", "post_url_5": "http://k-love80.blog.ir/1395/05/23/%D8%A8%DB%81%D8%AA%D8%B1%DB%8C%D9%86-%D9%87%D8%A7-%D9%87%D9%85%DB%8C%D8%B4%DB%81-%D8%AE%D9%88%D8%B4%D8%A8%D8%AE%D8%AA-%D9%86%DB%8C%D8%B3%D8%AA%D9%86", "post_title_5": "بہترین ها‌همیشہ‌خوشبخت نیستن!", "post_content_5": "\n\nkimia#", "post_full_content_4": "\nسڪوت چہ زیباست!\n\n\n\n\n\nkimia#\n\n", "post_full_content_2": "\nبعضی ها گریه نمیکنند!\n\n\n\n\n\nkimia#\n\n", "post_full_content_5": "\nبہترین ها‌همیشہ‌خوشبخت نیستن!\n\n\n\n\n\nkimia#\n\n", "post_full_content_1": "\nاین چه جامعه ایست!\n\n\n\n\nkimia#\n\n", "post_full_content_3": "\nانصاف نیست!\n\n\n\n\n\n"}