{"type": "blog", "blog_name": "آریان پی سی", "blog_url": "http://arianpc.blog.ir/", "post_url_1": "http://arianpc.blog.ir/post/%D8%A2%D9%BE%D8%AF%DB%8C%D8%AA-%D9%86%D9%88%D8%AF32", "post_title_1": "آپدیت نود32", "post_content_1": "\n\n\n\nتمامی سریال نامبر ها آپدیت شده در تاریخ : 96/10/23\n\n\nاینترنت سکوریتی :\n\n\n\n\n\n\nA9HN-X3P8-4NFS-9C84-XBA8\n\n\n\n\n\n\n\n\n\n\n\n\nموبایل سکوریتی : \n\n\n\n\n\n\n\n\n\n\n\n\n\n\n\n\n5NUU-XSMF-GKJA-8TXJ-PHN2\n\n\n\nاسمارت سکوریتی پریمیوم : \n3DPG-XE5W-4CKU-NE4F-S9G5\nC8AD-XD4G-SKVX-35EB-PXK4\n\n\n\n\n\nبه زودی بقیه لاینسس ها از جلمه آنتی ویروس و... اضافه خواهد شد\n\n\n\n\n\n\n\n\n", "post_url_2": "http://arianpc.blog.ir/post/%DA%A9%D8%B3%D8%A8%20%D8%AF%D8%B1%20%D8%A7%D9%85%D8%AF%20%D8%A7%D8%B2%20%D8%B7%D8%B1%DB%8C%D9%82%20%DA%A9%D9%88%D8%AA%D8%A7%D9%87%20%DA%A9%D8%B1%D8%AF%D9%86%20%D9%84%DB%8C%D9%86%DA%A9%20%D8%AA%D9%88%D8%B3%D8%B7%20%D8%B3%D8%A7%DB%8C%D8%AA%20OPizo", "post_title_2": "کسب در امد از طریق کوتاه کردن لینک توسط سایت OPizo", "post_content_2": " \nبرای کسب درآمد ازطریق کوتاه کننده لینک توسط OPizo به ادامه مطلب مراجعه کنید\n\nادامه مطلب", "post_full_content_2": ""}