{"type": "blog", "blog_name": "کسب درآمد از اینترنت", "blog_url": "http://make-money2.blog.ir/", "post_url_1": "http://make-money2.blog.ir/1396/10/25/%D8%B3%D8%A7%DB%8C%D8%AA-Aticlix", "post_title_1": "Aticlix", "post_content_1": "سایت Aticlix  یکی از بهترین سایت های کسب درآمد کلیکی و سرمایه گذاری می باشد که در سایت NBR به عنوان سایت معتبر و قانونی برای کاربران شناخته شده می‌باشد درآمد حاصل از فعالیت در این سایت رو می توانید به حساب های پرفکت مانی و بیت کوین و دیگر حساب های مجازی برداشت بزنید.برای کسب درآمد بیشتر زیر مجموعه جذب یا خریداری کنید.\n\nبرای عضویت در این سایت روی لینک زیر کلیک نمایید.\n\n\n\n\n\n", "post_url_2": "http://make-money2.blog.ir/1396/09/02/bitcoindooni", "post_title_2": "Bitcoindooni", "post_content_2": "سایت Bitcoindooni سایت ایرانی همانند سایت فری بیت کوین است که هر یک ساعت به شما اجازه یک رول را میدهد که هر بار متوسط 100 ساتوشی به شما اهدا میشود. شما وقتی به 20 هزار ساتوشی درست یافتید میتوانید به حساب بیت کوینتون برداشت بزنید. \n\n\nبرای عضویت در این سایت روی لینک زیر کلیک نمایید.\n\n\n\n", "post_url_3": "http://make-money2.blog.ir/1396/06/23/facenama", "post_title_3": "Facenama", "post_content_3": "سایت فیس نما سایتی معروف و معتبر ایرانی در بین کاربران صفحات مجازی و کسب درآمد است.این سایت برای کاربرانش قسمتی برای کسب درآمد راه اندازی کرده که حدودا هزار تومن از این سایت روزانه میتوانید کسب کنید.این سایت برای هر فرد که شما به این سایت دعوت میکنید معادل 20% درآمد ان فرد را به شما جایزه میدهد .در این سایت برای مشاهده تبلیغات میتوانید از بازید خودکار استفاده کنید که در وقت و انرژی شما صرفه جویی میشود.\n\n\nتعداد زیر مجموعهشما،درآمد ماهیانه شما\n\n10 زیر مجموعه 45,000 تومان در ماه\n100 زیرمجموعه 450,000 تومان درماه\n1000 زیرمجموعه 4,500,000 تومان درماه\n\nاین سایت بهترین سایت ایرانی برای کسب درآمد از زیر مجموعه میباشد.\n\n             \n\n\n\nبرای عضویت در این سایت اینجا کلیک نمایید.\n\n", "post_url_4": "http://make-money2.blog.ir/1396/06/20/Bitfun", "post_title_4": "Bitfun", "post_content_4": "سایت Bitfun یکی از سایت معتبر برای کسب بیت کوین است که به حساب Coinpot پرداختی دارد که از آنجا میتوانید به حساب بلک چینتون برداشت بزنید .\n\nبرای عضویت در این سایت روی بنر زیر کلیک کنید.\n\n\n\n", "post_url_5": "http://make-money2.blog.ir/1396/06/20/Bonusbitcoin", "post_title_5": "Bonusbitcoin", "post_content_5": "سایت bonusbitcoin یک سایت معتبر برای کسب بیت کوین هست که به حساب Coinpot پرداختی دارد که از آنجا میتوانید به حساب بلک چینتون برداشت بزنید یا به کوین های دیگر تبدیل کنید.\n\nبرای عضویت در این سایت روی بنر زیر کلیک نمایید .\n \n\n\n\n", "post_full_content_5": "\nBonusbitcoin\n\n\n\nسایت bonusbitcoin یک سایت معتبر برای کسب بیت کوین هست که به حساب Coinpot پرداختی دارد که از آنجا میتوانید به حساب بلک چینتون برداشت بزنید یا به کوین های دیگر تبدیل کنید.\n\nبرای عضویت در این سایت روی بنر زیر کلیک نمایید .\n \n", "post_full_content_4": "\nBitfun\n\n\n\nسایت Bitfun یکی از سایت معتبر برای کسب بیت کوین است که به حساب Coinpot پرداختی دارد که از آنجا میتوانید به حساب بلک چینتون برداشت بزنید .\n\nبرای عضویت در این سایت روی بنر زیر کلیک کنید.\n", "post_full_content_3": "\nFacenama\n\n\n\nسایت فیس نما سایتی معروف و معتبر ایرانی در بین کاربران صفحات مجازی و کسب درآمد است.این سایت برای کاربرانش قسمتی برای کسب درآمد راه اندازی کرده که حدودا هزار تومن از این سایت روزانه میتوانید کسب کنید.این سایت برای هر فرد که شما به این سایت دعوت میکنید معادل 20% درآمد ان فرد را به شما جایزه میدهد .در این سایت برای مشاهده تبلیغات میتوانید از بازید خودکار استفاده کنید که در وقت و انرژی شما صرفه جویی میشود.\n\n\nتعداد زیر مجموعهشما،درآمد ماهیانه شما\n\n10 زیر مجموعه 45,000 تومان در ماه\n100 زیرمجموعه 450,000 تومان درماه\n1000 زیرمجموعه 4,500,000 تومان درماه\n\nاین سایت بهترین سایت ایرانی برای کسب درآمد از زیر مجموعه میباشد.\n", "post_full_content_1": "\nAticlix\n\n\n\nسایت Aticlix  یکی از بهترین سایت های کسب درآمد کلیکی و سرمایه گذاری می باشد که در سایت NBR به عنوان سایت معتبر و قانونی برای کاربران شناخته شده می‌باشد درآمد حاصل از فعالیت در این سایت رو می توانید به حساب های پرفکت مانی و بیت کوین و دیگر حساب های مجازی برداشت بزنید.برای کسب درآمد بیشتر زیر مجموعه جذب یا خریداری کنید.\n\nبرای عضویت در این سایت روی لینک زیر کلیک نمایید.\n\n\n", "post_full_content_2": "\nBitcoindooni\n\n\n\nسایت Bitcoindooni سایت ایرانی همانند سایت فری بیت کوین است که هر یک ساعت به شما اجازه یک رول را میدهد که هر بار متوسط 100 ساتوشی به شما اهدا میشود. شما وقتی به 20 هزار ساتوشی درست یافتید میتوانید به حساب بیت کوینتون برداشت بزنید. \n\n\nبرای عضویت در این سایت روی لینک زیر کلیک نمایید.\n"}