{"type": "blog", "blog_name": "نمونه سوالات اصلی آیین نامه 96", "blog_url": "http://aayinnameh.blog.ir/", "post_url_1": "http://aayinnameh.blog.ir/1396/11/04/%DA%A9%D8%A7%D9%87%D8%B4-%D8%B1%D8%AA%D8%A8%D9%87-%D8%A7%D9%84%DA%A9%D8%B3%D8%A7", "post_title_1": "کاهش رتبه الکسا", "post_content_1": "\nاگر به دنبال افزایش بازدید وب سایت خود هستید ، این فرصت را از دست ندهید\nبا کلیک روی بنر زیر وارد سایت افزایش بازدید آی پی رنک میشوید\nو میتوانید بازدید خریداری کرده و سایت خود را پر بازدید کنید\nنرخ بازدید و مقدار بازدید :\n100 هزار بازدید را با 7 هزار تومان خریداری نمایید.\n300 هزار بازدید 21 هزار تومان\n500 هزار بازدید 35 هزار تومان\n1 میلیون بازدید 70 هزار تومان\n2 میلیون بازدید 140 هزار تومان\n3 میلیون بازدید 210 هزار تومان\n4 میلیون بازدید 280 هزار تومان\n5 میلیون بازدید 350 هزار تومان\n10 میلیون بازدید 700 هزار تومان\n100 میلیون بازدید 7 میلیون تومان\nو...\nنرخ خرید بازدید 0.7 ریال میباشد\nشما از 1000 تومان تا 50 میلیون توان میتوانید در فروشگاه بازدید خریداری نمایید.\n\nبازدید ها بصورت نیو تب new tab میباشند و 60 ثانیه هستند.\nبا خرید بازدید بصورت مداوم و با مقدار زیاد - شاهد کاهش رنک الکسا\n وبسایت ، فروشگاه اینترنتی ، وبلاگ و ... خود باشید.\n\nبه ما بپیوندید\n\n", "post_url_2": "http://aayinnameh.blog.ir/1396/11/04/%D8%AE%D8%B1%DB%8C%D8%AF-%D8%A8%D8%A7%D8%B2%D8%AF%DB%8C%D8%AF-%D9%88%D8%A7%D9%82%D8%B9%DB%8C", "post_title_2": "خرید بازدید واقعی", "post_content_2": "\nاگر به دنبال افزایش بازدید وب سایت خود هستید ، این فرصت را از دست ندهید\nبا کلیک روی بنر زیر وارد سایت افزایش بازدید آی پی رنک میشوید\nو میتوانید بازدید خریداری کرده و سایت خود را پر بازدید کنید\nنرخ بازدید و مقدار بازدید :\n100 هزار بازدید را با 7 هزار تومان خریداری نمایید.\n300 هزار بازدید 21 هزار تومان\n500 هزار بازدید 35 هزار تومان\n1 میلیون بازدید 70 هزار تومان\n2 میلیون بازدید 140 هزار تومان\n3 میلیون بازدید 210 هزار تومان\n4 میلیون بازدید 280 هزار تومان\n5 میلیون بازدید 350 هزار تومان\n10 میلیون بازدید 700 هزار تومان\n100 میلیون بازدید 7 میلیون تومان\nو...\nنرخ خرید بازدید 0.7 ریال میباشد\nشما از 1000 تومان تا 50 میلیون توان میتوانید در فروشگاه بازدید خریداری نمایید.\n\nبازدید ها بصورت نیو تب new tab میباشند و 60 ثانیه هستند.\nبا خرید بازدید بصورت مداوم و با مقدار زیاد - شاهد کاهش رنک الکسا\n وبسایت ، فروشگاه اینترنتی ، وبلاگ و ... خود باشید.\n\nبه ما بپیوندید\n\n", "post_url_3": "http://aayinnameh.blog.ir/1396/11/04/%D8%A7%D9%81%D8%B2%D8%A7%DB%8C%D8%B4-%D8%A8%D8%A7%D8%B2%D8%AF%DB%8C%D8%AF-%D9%88%D8%A8%D8%B3%D8%A7%DB%8C%D8%AA", "post_title_3": "افزایش بازدید وبسایت", "post_content_3": "\nاگر به دنبال افزایش بازدید وب سایت خود هستید ، این فرصت را از دست ندهید\nبا کلیک روی بنر زیر وارد سایت افزایش بازدید آی پی رنک میشوید\nو میتوانید بازدید خریداری کرده و سایت خود را پر بازدید کنید\nنرخ بازدید و مقدار بازدید :\n100 هزار بازدید را با 7 هزار تومان خریداری نمایید.\n300 هزار بازدید 21 هزار تومان\n500 هزار بازدید 35 هزار تومان\n1 میلیون بازدید 70 هزار تومان\n2 میلیون بازدید 140 هزار تومان\n3 میلیون بازدید 210 هزار تومان\n4 میلیون بازدید 280 هزار تومان\n5 میلیون بازدید 350 هزار تومان\n10 میلیون بازدید 700 هزار تومان\n100 میلیون بازدید 7 میلیون تومان\nو...\nنرخ خرید بازدید 0.7 ریال میباشد\nشما از 1000 تومان تا 50 میلیون توان میتوانید در فروشگاه بازدید خریداری نمایید.\n\nبازدید ها بصورت نیو تب new tab میباشند و 60 ثانیه هستند.\nبا خرید بازدید بصورت مداوم و با مقدار زیاد - شاهد کاهش رنک الکسا\n وبسایت ، فروشگاه اینترنتی ، وبلاگ و ... خود باشید.\n\nبه ما بپیوندید\n\n", "post_url_4": "http://aayinnameh.blog.ir/1396/11/04/%D8%B3%D8%A7%DB%8C%D8%AA-%D8%A7%D9%81%D8%B2%D8%A7%DB%8C%D8%B4-%D8%A8%D8%A7%D8%B2%D8%AF%DB%8C%D8%AF", "post_title_4": "سایت افزایش بازدید", "post_content_4": "\nاگر به دنبال افزایش بازدید وب سایت خود هستید ، این فرصت را از دست ندهید\nبا کلیک روی بنر زیر وارد سایت افزایش بازدید آی پی رنک میشوید\nو میتوانید بازدید خریداری کرده و سایت خود را پر بازدید کنید\nنرخ بازدید و مقدار بازدید :\n100 هزار بازدید را با 7 هزار تومان خریداری نمایید.\n300 هزار بازدید 21 هزار تومان\n500 هزار بازدید 35 هزار تومان\n1 میلیون بازدید 70 هزار تومان\n2 میلیون بازدید 140 هزار تومان\n3 میلیون بازدید 210 هزار تومان\n4 میلیون بازدید 280 هزار تومان\n5 میلیون بازدید 350 هزار تومان\n10 میلیون بازدید 700 هزار تومان\n100 میلیون بازدید 7 میلیون تومان\nو...\nنرخ خرید بازدید 0.7 ریال میباشد\nشما از 1000 تومان تا 50 میلیون توان میتوانید در فروشگاه بازدید خریداری نمایید.\n\nبازدید ها بصورت نیو تب new tab میباشند و 60 ثانیه هستند.\nبا خرید بازدید بصورت مداوم و با مقدار زیاد - شاهد کاهش رنک الکسا\n وبسایت ، فروشگاه اینترنتی ، وبلاگ و ... خود باشید.\n\nبه ما بپیوندید\n\n", "post_url_5": "http://aayinnameh.blog.ir/1396/11/04/%D8%AE%D8%B1%DB%8C%D8%AF-%D8%A8%D8%A7%D8%B2%D8%AF%DB%8C%D8%AF-%D8%B3%D8%A7%DB%8C%D8%AA", "post_title_5": "خرید بازدید سایت", "post_content_5": "\nاگر به دنبال افزایش بازدید وب سایت خود هستید ، این فرصت را از دست ندهید\nبا کلیک روی بنر زیر وارد سایت افزایش بازدید آی پی رنک میشوید\nو میتوانید بازدید خریداری کرده و سایت خود را پر بازدید کنید\nنرخ بازدید و مقدار بازدید :\n100 هزار بازدید را با 7 هزار تومان خریداری نمایید.\n300 هزار بازدید 21 هزار تومان\n500 هزار بازدید 35 هزار تومان\n1 میلیون بازدید 70 هزار تومان\n2 میلیون بازدید 140 هزار تومان\n3 میلیون بازدید 210 هزار تومان\n4 میلیون بازدید 280 هزار تومان\n5 میلیون بازدید 350 هزار تومان\n10 میلیون بازدید 700 هزار تومان\n100 میلیون بازدید 7 میلیون تومان\nو...\nنرخ خرید بازدید 0.7 ریال میباشد\nشما از 1000 تومان تا 50 میلیون توان میتوانید در فروشگاه بازدید خریداری نمایید.\n\nبازدید ها بصورت نیو تب new tab میباشند و 60 ثانیه هستند.\nبا خرید بازدید بصورت مداوم و با مقدار زیاد - شاهد کاهش رنک الکسا\n وبسایت ، فروشگاه اینترنتی ، وبلاگ و ... خود باشید.\n\nبه ما بپیوندید\n\n", "post_full_content_5": "\n\nخرید بازدید سایت\n\n\n\n چهارشنبه ۴ بهمن ۹۶\n\n\n دکتر رانندگی\n\n\n\n\n\n\n\n\n \n\nاگر به دنبال افزایش بازدید وب سایت خود هستید ، این فرصت را از دست ندهید\nبا کلیک روی بنر زیر وارد سایت افزایش بازدید آی پی رنک میشوید\nو میتوانید بازدید خریداری کرده و سایت خود را پر بازدید کنید\nنرخ بازدید و مقدار بازدید :\n100 هزار بازدید را با 7 هزار تومان خریداری نمایید.\n300 هزار بازدید 21 هزار تومان\n500 هزار بازدید 35 هزار تومان\n1 میلیون بازدید 70 هزار تومان\n2 میلیون بازدید 140 هزار تومان\n3 میلیون بازدید 210 هزار تومان\n4 میلیون بازدید 280 هزار تومان\n5 میلیون بازدید 350 هزار تومان\n10 میلیون بازدید 700 هزار تومان\n100 میلیون بازدید 7 میلیون تومان\nو...\nنرخ خرید بازدید 0.7 ریال میباشد\nشما از 1000 تومان تا 50 میلیون توان میتوانید در فروشگاه بازدید خریداری نمایید.\n\nبازدید ها بصورت نیو تب new tab میباشند و 60 ثانیه هستند.\nبا خرید بازدید بصورت مداوم و با مقدار زیاد - شاهد کاهش رنک الکسا\n وبسایت ، فروشگاه اینترنتی ، وبلاگ و ... خود باشید.\n\nبه ما بپیوندید\n\n\n", "post_full_content_4": "\n\nسایت افزایش بازدید\n\n\n\n چهارشنبه ۴ بهمن ۹۶\n\n\n دکتر رانندگی\n\n\n\n\n\n\n\n\n \n\nاگر به دنبال افزایش بازدید وب سایت خود هستید ، این فرصت را از دست ندهید\nبا کلیک روی بنر زیر وارد سایت افزایش بازدید آی پی رنک میشوید\nو میتوانید بازدید خریداری کرده و سایت خود را پر بازدید کنید\nنرخ بازدید و مقدار بازدید :\n100 هزار بازدید را با 7 هزار تومان خریداری نمایید.\n300 هزار بازدید 21 هزار تومان\n500 هزار بازدید 35 هزار تومان\n1 میلیون بازدید 70 هزار تومان\n2 میلیون بازدید 140 هزار تومان\n3 میلیون بازدید 210 هزار تومان\n4 میلیون بازدید 280 هزار تومان\n5 میلیون بازدید 350 هزار تومان\n10 میلیون بازدید 700 هزار تومان\n100 میلیون بازدید 7 میلیون تومان\nو...\nنرخ خرید بازدید 0.7 ریال میباشد\nشما از 1000 تومان تا 50 میلیون توان میتوانید در فروشگاه بازدید خریداری نمایید.\n\nبازدید ها بصورت نیو تب new tab میباشند و 60 ثانیه هستند.\nبا خرید بازدید بصورت مداوم و با مقدار زیاد - شاهد کاهش رنک الکسا\n وبسایت ، فروشگاه اینترنتی ، وبلاگ و ... خود باشید.\n\nبه ما بپیوندید\n\n\n", "post_full_content_2": "\n\nخرید بازدید واقعی\n\n\n\n چهارشنبه ۴ بهمن ۹۶\n\n\n دکتر رانندگی\n\n\n\n\n\n\n\n\n \n\nاگر به دنبال افزایش بازدید وب سایت خود هستید ، این فرصت را از دست ندهید\nبا کلیک روی بنر زیر وارد سایت افزایش بازدید آی پی رنک میشوید\nو میتوانید بازدید خریداری کرده و سایت خود را پر بازدید کنید\nنرخ بازدید و مقدار بازدید :\n100 هزار بازدید را با 7 هزار تومان خریداری نمایید.\n300 هزار بازدید 21 هزار تومان\n500 هزار بازدید 35 هزار تومان\n1 میلیون بازدید 70 هزار تومان\n2 میلیون بازدید 140 هزار تومان\n3 میلیون بازدید 210 هزار تومان\n4 میلیون بازدید 280 هزار تومان\n5 میلیون بازدید 350 هزار تومان\n10 میلیون بازدید 700 هزار تومان\n100 میلیون بازدید 7 میلیون تومان\nو...\nنرخ خرید بازدید 0.7 ریال میباشد\nشما از 1000 تومان تا 50 میلیون توان میتوانید در فروشگاه بازدید خریداری نمایید.\n\nبازدید ها بصورت نیو تب new tab میباشند و 60 ثانیه هستند.\nبا خرید بازدید بصورت مداوم و با مقدار زیاد - شاهد کاهش رنک الکسا\n وبسایت ، فروشگاه اینترنتی ، وبلاگ و ... خود باشید.\n\nبه ما بپیوندید\n\n\n", "post_full_content_3": "\n\nافزایش بازدید وبسایت\n\n\n\n چهارشنبه ۴ بهمن ۹۶\n\n\n دکتر رانندگی\n\n\n\n\n\n\n\n\n \n\nاگر به دنبال افزایش بازدید وب سایت خود هستید ، این فرصت را از دست ندهید\nبا کلیک روی بنر زیر وارد سایت افزایش بازدید آی پی رنک میشوید\nو میتوانید بازدید خریداری کرده و سایت خود را پر بازدید کنید\nنرخ بازدید و مقدار بازدید :\n100 هزار بازدید را با 7 هزار تومان خریداری نمایید.\n300 هزار بازدید 21 هزار تومان\n500 هزار بازدید 35 هزار تومان\n1 میلیون بازدید 70 هزار تومان\n2 میلیون بازدید 140 هزار تومان\n3 میلیون بازدید 210 هزار تومان\n4 میلیون بازدید 280 هزار تومان\n5 میلیون بازدید 350 هزار تومان\n10 میلیون بازدید 700 هزار تومان\n100 میلیون بازدید 7 میلیون تومان\nو...\nنرخ خرید بازدید 0.7 ریال میباشد\nشما از 1000 تومان تا 50 میلیون توان میتوانید در فروشگاه بازدید خریداری نمایید.\n\nبازدید ها بصورت نیو تب new tab میباشند و 60 ثانیه هستند.\nبا خرید بازدید بصورت مداوم و با مقدار زیاد - شاهد کاهش رنک الکسا\n وبسایت ، فروشگاه اینترنتی ، وبلاگ و ... خود باشید.\n\nبه ما بپیوندید\n\n\n", "post_full_content_1": "\n\nکاهش رتبه الکسا\n\n\n\n چهارشنبه ۴ بهمن ۹۶\n\n\n دکتر رانندگی\n\n\n\n\n\n\n\n\n \n\nاگر به دنبال افزایش بازدید وب سایت خود هستید ، این فرصت را از دست ندهید\nبا کلیک روی بنر زیر وارد سایت افزایش بازدید آی پی رنک میشوید\nو میتوانید بازدید خریداری کرده و سایت خود را پر بازدید کنید\nنرخ بازدید و مقدار بازدید :\n100 هزار بازدید را با 7 هزار تومان خریداری نمایید.\n300 هزار بازدید 21 هزار تومان\n500 هزار بازدید 35 هزار تومان\n1 میلیون بازدید 70 هزار تومان\n2 میلیون بازدید 140 هزار تومان\n3 میلیون بازدید 210 هزار تومان\n4 میلیون بازدید 280 هزار تومان\n5 میلیون بازدید 350 هزار تومان\n10 میلیون بازدید 700 هزار تومان\n100 میلیون بازدید 7 میلیون تومان\nو...\nنرخ خرید بازدید 0.7 ریال میباشد\nشما از 1000 تومان تا 50 میلیون توان میتوانید در فروشگاه بازدید خریداری نمایید.\n\nبازدید ها بصورت نیو تب new tab میباشند و 60 ثانیه هستند.\nبا خرید بازدید بصورت مداوم و با مقدار زیاد - شاهد کاهش رنک الکسا\n وبسایت ، فروشگاه اینترنتی ، وبلاگ و ... خود باشید.\n\nبه ما بپیوندید\n\n\n"}