{"type": "blog", "blog_name": "smoker", "blog_url": "http://smoker.blog.ir/", "post_url_1": "http://smoker.blog.ir/1395/06/28/my-second-test-post", "post_title_1": "عنوان دومین مطلب آزمایشی من", "post_content_1": "این متن دومین مطلب آزمایشی من است که به زودی آن را حذف خواهم کرد.\nزکات علم، نشر آن است. هر وبلاگ می تواند پایگاهی برای نشر علم و دانش باشد. بهره برداری علمی از وبلاگ ها نقش بسزایی در تولید محتوای مفید فارسی در اینترنت خواهد داشت. انتشار جزوات و متون درسی، یافته های تحقیقی و مقالات علمی از جمله کاربردهای علمی قابل تصور برای ,بلاگ ها است. \nهمچنین وبلاگ نویسی یکی از موثرترین شیوه های نوین اطلاع رسانی است و در جهان کم نیستند وبلاگ هایی که با رسانه های رسمی خبری رقابت می کنند. در بعد کسب و کار نیز، روز به روز بر تعداد شرکت هایی که اطلاع رسانی محصولات، خدمات و رویدادهای خود را از طریق بلاگ انجام می دهند افزوده می شود. ", "post_url_2": "http://smoker.blog.ir/1395/06/28/my-first-test-post", "post_title_2": "عنوان اولین مطلب آزمایشی من", "post_content_2": "این متن اولین مطلب آزمایشی من است که به زودی آن را حذف خواهم کرد.\nمرد خردمند هنر پیشه را، عمر دو بایست در این روزگار، تا به یکی تجربه اندوختن، با دگری تجربه بردن به کار! \nاگر همه ما تجربیات مفید خود را در اختیار دیگران قرار دهیم همه خواهند توانست با انتخاب ها و تصمیم های درست تر، استفاده بهتری از وقت و عمر خود داشته باشند. \nهمچنین گاهی هدف از نوشتن ترویج نظرات و دیدگاه های شخصی نویسنده یا ابراز احساسات و عواطف اوست. برخی هم انتشار نظرات خود را فرصتی برای نقد و ارزیابی آن می دانند. البته بدیهی است کسانی که دیدگاه های خود را در قالب هنر بیان می کنند، تاثیر بیشتری بر محیط پیرامون خود می گذارند. ", "post_full_content_2": "\n"}