{"type": "blog", "blog_name": "دانلود جدید ترین آهنگ ها", "blog_url": "http://masnaeini.blog.ir/", "post_url_1": "http://masnaeini.blog.ir/1395/09/16/Peyman-Zarei-Tavahom", "post_title_1": "Peyman Zarei Tavahom", "post_content_1": "\nDownload Mp3 - 320\n\nDownload Mp3 - 128", "post_url_2": "http://masnaeini.blog.ir/1395/09/16/%D8%AF%D8%A7%D9%86%D9%84%D9%88%D8%AF-%D8%A2%D9%87%D9%86%DA%AF-%D8%AC%D8%AF%DB%8C%D8%AF-%D8%AD%D9%85%DB%8C%D8%AF-%D8%B9%D8%B3%DA%A9%D8%B1%DB%8C-%D8%A8%D9%87-%D9%86%D8%A7%D9%85-%D8%A8%DB%8C-%D9%88%D9%81%D8%A7", "post_title_2": "دانلود آهنگ جدید حمید عسکری به نام بی وفا", "post_content_2": "\nدانلود آهنگ با کیفیت 320دانلود آهنگ با کیفیت 128\n\n", "post_url_3": "http://masnaeini.blog.ir/1395/09/16/%D8%AF%D8%A7%D9%86%D9%84%D9%88%D8%AF-%D8%A2%D9%87%D9%86%DA%AF-%D8%AC%D8%AF%DB%8C%D8%AF-%D8%A7%D9%85%DB%8C%D8%B1-%D8%B9%D9%84%DB%8C-%D8%A8%D9%87-%D9%86%D8%A7%D9%85-%D8%B9%D8%A7%D8%B4%D9%82%D8%AA%D9%85%D8%A7", "post_title_3": "دانلود آهنگ جدید امیر علی به نام عاشقتما", "post_content_3": "\nدانلود آهنگ با کیفیت 320دانلود آهنگ با کیفیت 128\n\n", "post_url_4": "http://masnaeini.blog.ir/1395/09/16/%D8%AF%D8%A7%D9%86%D9%84%D9%88%D8%AF-%D8%A2%D9%87%D9%86%DA%AF-%D8%AC%D8%AF%DB%8C%D8%AF-%D9%BE%D8%A7%D8%B2%D9%84-%D8%A8%D8%A7%D9%86%D8%AF-%D8%A8%D9%87-%D9%86%D8%A7%D9%85-%D9%86%DA%AF%D9%85-%D8%A8%D8%B1%D8%A7%D8%AA", "post_title_4": "دانلود آهنگ جدید پازل باند به نام نگم برات", "post_content_4": "\nدانلود آهنگ با کیفیت 320دانلود آهنگ با کیفیت 128\n\n", "post_url_5": "http://masnaeini.blog.ir/1395/09/16/%D8%AF%D8%A7%D9%86%D9%84%D9%88%D8%AF-%D8%A2%D9%87%D9%86%DA%AF-%D8%AC%D8%AF%DB%8C%D8%AF-%D8%B1%D8%B6%D8%A7-%DB%8C%D8%B2%D8%AF%D8%A7%D9%86%DB%8C-%D8%A8%D9%87-%D9%86%D8%A7%D9%85-%D8%AA%D9%88-%D8%B1%D9%81%D8%AA%D9%87-%D8%A7%DB%8C", "post_title_5": "دانلود آهنگ جدید رضا یزدانی به نام تو رفته ای", "post_content_5": "\nدانلود آهنگ با کیفیت 320دانلود آهنگ با کیفیت 128\n\n", "post_full_content_5": "\nدانلود آهنگ جدید رضا یزدانی به نام تو رفته ای\n\n\n\n", "post_full_content_4": "\nدانلود آهنگ جدید پازل باند به نام نگم برات\n\n\n\n", "post_full_content_3": "\nدانلود آهنگ جدید امیر علی به نام عاشقتما\n\n\n\n", "post_full_content_2": "\nدانلود آهنگ جدید حمید عسکری به نام بی وفا\n\n\n\n", "post_full_content_1": "\nPeyman Zarei Tavahom\n\n\n\n\nDownload Mp3 - 320\n\n"}