{"type": "blog", "blog_name": "به امید ظهورش صلوات", "blog_url": "http://mahdi13579.blog.ir/", "post_url_1": "http://mahdi13579.blog.ir/post/%D8%B4%D9%85%D8%A7-%D8%AF%D8%AE%D8%AA%D8%B1%D8%AF%D8%A7%D8%B1%D9%87%D8%A7-%D8%B4%D9%85%D8%A7-%D8%AE%D8%A7%D9%86%D9%85-%D9%87%D8%A7", "post_title_1": "شما دختردارها... شما خانم ها...", "post_content_1": "اگر شما هم مثل من هیچ\nکاری از دستتان برنمی آید، این کلیپ رو منتشر کنید تا حداقل کاری که از دستمان\nبرمی آید را انجام داده باشیم.\n\n\n\n\n\n\n\t\t\t\t\t\tمتاسفانه مرورگر شما، قابیلت پخش فایل های صوتی تصویری را در قالب HTML5 دارا نمی باشد.\n\t\t\t\t\t\tتوصیه ما به شما استفاده از مروگرهای رایج و بروزرسانی آن به آخرین نسخه می باشد\n\t\t\t\t\t\tبا این حال ممکن است مرورگرتان توسط پلاگین خود قابلیت پخش این فایل را برای تان فراهم آورد.\n\n\n\n\n\n\n\n\n\n\n\n\n\nدریافت\nحجم: 2.13 مگابایت\n\nمدت زمان: 7 دقیقه 26 ثانیه ", "post_url_2": "http://mahdi13579.blog.ir/post/%D8%AE%D8%AF%D8%A7%DB%8C%D8%A7-%D8%B4%DA%A9%D8%B1", "post_title_2": "خدایا شکر", "post_content_2": "\n\n خدا را شُکر کنید.\nاگر می\nتوانید این کلمه را بخوانید، زیرا از دو میلیارد نفر از ساکنان کره زمین که قادر\nبه خواندن و نوشتن نیستند، سعادتمندترید.\n خدا را شُکر کنید.\nاگر در\nیخچال هایتان چیزی برای خوردن پیدا می شود، اگر لباس برای پوشیدن دارید، اگر سقفی\nبالای سر و جایی برای خوابیدن دارید و ...، وضعتان از 75 درصد مردم کره زمین بهتر\nاست.\n خدا را شُکر کنید.\nاگر می\nتوانید دست فردی را بگیرید، فردی را در آغوش بفشارید و حتی بر شانه ی فردی دستی از\nنوازش بکشید؛ بر شما رحمت شده است.\n خدا را شُکر کنید.\nاگر در\nحساب بانکی تان پولی دارید، اگر در کیف پولتان اسکناسی برای کمک کردن به دیگران\nدارید، جزء 8 درصد مردم ثروتمند جهان هستید.\n خدا را شُکر کنید.\nاگر پدر\nو مادرتان هنوز زنده هستند و در کنار یکدیگرند، زیرا تعداد افرادی مانند شما در\nاین دنیا بسیار اندک است.\n خدا را شُکر کنید.\nاگر\nامروز صبح وقت بیدار شدن از خواب احساس سلامتی کردید، از یک میلیون انسانی که حتی\nتا پایان این هفته زنده نخواهند ماند بسیار خوش شانس ترید.\nخدا را شُکر کنید.\nاگر سر\nخود را بالا می گیرید، لبخند بر چهره دارید و در حقیقت شکر گزارید؛ شما خیلی خوشبختید.\n زیرا بسیارند افرادی که می توانند شکر گزار باشند اما\nهرگز چنین کاری نمی کنند.\nخدا را شُکر کنید.\nهمواره\nنعمت های پیرامونتان را بشمارید تا بدانید چقدر خوشبخت هستید.\nبه هر\nحال همیشه چیزهایی پیدا می شود که بتوان به آن ها فکر کرد و برای داشتن شان خدا را\nشکر کرد.\nشکر کردن\nپنجره ای به روی انسان می گشاید که با هیچ چیز دیگری قابل مقایسه نیست.\n\n\nخدا را شُکر کنید.\n\nبر گرفته از: کلیپ رضا شیر محمدی", "post_url_3": "http://mahdi13579.blog.ir/post/%D8%AF%D9%84%DA%AF%D9%88%DB%8C%D9%87-%D9%87%D8%A7%DB%8C-%D8%AF%D8%AE%D8%AA%D8%B1-%D8%B4%D9%87%DB%8C%D8%AF-%D9%85%D8%AD%D9%85%D8%AF-%D8%A8%D9%84%D8%A8%D8%A7%D8%B3%DB%8C", "post_title_3": "دلگویه های دختر شهید محمد بلباسی", "post_content_3": "حرفی برای گفتن ندارم؛\n\nفقط این کلیپ رو با صدای بلند گوش کن تا صداش به گوش\nداعش و... برسه.\n\n\n\n\n\n\n\n\t\t\t\t\t\tمتاسفانه مرورگر شما، قابیلت پخش فایل های صوتی تصویری را در قالب HTML5 دارا نمی باشد.\n\t\t\t\t\t\tتوصیه ما به شما استفاده از مروگرهای رایج و بروزرسانی آن به آخرین نسخه می باشد\n\t\t\t\t\t\tبا این حال ممکن است مرورگرتان توسط پلاگین خود قابلیت پخش این فایل را برای تان فراهم آورد.\n\n\n\n\n\n\n\n\n\n\n\n\n\nدریافتحجم: 3.72 مگابایتمدت زمان: 2 دقیقه 58 ثانیه ", "post_url_4": "http://mahdi13579.blog.ir/post/%DA%86%D8%B1%D8%A7-%D9%82%D8%B6%D8%A7%D9%88%D8%AA-%D8%B9%D8%AC%D9%88%D9%84%D8%A7%D9%86%D9%87", "post_title_4": "چرا قضاوت عجولانه...؟", "post_content_4": "\n\nوقتی پاره تنت جواب تلفنتو\nنمیده لزوماً در حال خیانت نیست،\nشاید گوشی شو جا گذاشته یا\nنشنیده.\nاینی که سوار تاکسی شده و\nمیگه من کرایه ندارم بدم لزوماً گدا نیست،\nشاید کیفشو گم کرده.\nوقتی پولت گم می شه اونی\nکه میاد خونتونو تمیز می کنه لزوماً دزد نیست،\nشاید یه جا گذاشتی که یادت\nرفته.\nاینی که داری زخمِ رو صورت\nو بازو شو قضاوت می کنی لزوماً لات نیست،\nشاید توی تصادف این طوری\nشده.\nاینی که داری زیر لب بد و\nبیراه یا فریاد شو قضاوت می کنی لزوماً بی فرهنگ نیست،\nشاید روز سختی داشته…\n \nبیاین از امروز زود  قضاوت نکنیم، خود ما هم روزای سخت داشتیم؛\nمگــــــــــه نــــــــــه؟\n \n \n \n\n\nمنبع: http://haramonline88.blogfa.com", "post_url_5": "http://mahdi13579.blog.ir/post/%D8%AF%D9%86%DB%8C%D8%A7%DB%8C-%D8%B9%D8%AC%DB%8C%D8%A8%DB%8C%D8%B3%D8%AA-%D8%AF%D9%86%DB%8C%D8%A7%DB%8C-%D9%85%D8%A7-%D8%A2%D8%AF%D9%85-%D9%87%D8%A7", "post_title_5": "دنیای عجیبیست دنیای ما آدم ها", "post_content_5": "\n\nبرهنه می آییم، برهنه می رویم\nبا این همه عریانی… قلب هیچکس پیدا نیست\nدوست می داریم، دوست داشته می شویم\nبا این همه، تنهاییم…\nبه زندگی خیلی ها غبطه می خوریم\nخیلی ها به زندگی ما غبطه می خورند\nبا این همه، هرگز راضی نیستیم…\nهمه روزی می میرند، همه روزی می میریم\nبا این همه حرص ما را پایانی نیست...\nدر حالی که همیشه از درد زیستن می نالیم\nهمه گاهی گناه می کنند، همه گاهی گناه می کنیم\nبا این همه ما مقصر نیستیم و انگشت اشاره مان\nهمیشه سوی دیگریست\n\n\nدنیای عجیبیست  دنیای عجیب ما آدم ها…\n\n\n\nمنبع: http://haramonline88.blogfa.com", "post_full_content_5": "", "post_full_content_4": "", "post_full_content_2": "", "post_full_content_1": "", "post_full_content_3": ""}