{"type": "blog", "blog_name": "AnTi LoVe", "blog_url": "http://dokhisagasab.blog.ir/", "post_url_1": "http://dokhisagasab.blog.ir/1396/09/26/%D8%B3%D9%87-%D8%B3%D8%A7%D9%84%D9%87-%D8%B4%D8%AF%D9%85", "post_title_1": "سه ساله شدم", "post_content_1": "سه ساله که دارمت\nانشالله بمونی برام\nتولد سه سالگیت مبارک وبلاگ گلم\n", "post_url_2": "http://dokhisagasab.blog.ir/1396/09/02/%D8%B9%D8%B4%D9%82-%DB%8C%D8%B9%D9%86%DB%8C%D8%B9", "post_title_2": "عشق یعنی", "post_content_2": "عشق یعنی که جهان غایب\nو تُ\nحاضر قلبم باشی\n", "post_url_3": "http://dokhisagasab.blog.ir/1396/07/25/%D8%AC%D8%A7%D9%86%D8%A7", "post_title_3": "جانا", "post_content_3": "کجا مانده ای جانا...\nقدم برداشتنت کند شد...\nیا فاصله ات بیشتر..!؟\n", "post_url_4": "http://dokhisagasab.blog.ir/1396/04/08/%D8%AD%D9%82-%D9%86%D8%AF%D8%A7%D8%B1%DB%8C", "post_title_4": "حق نداری", "post_content_4": "\nحق نداری به کسی دل بدهی الا من\nپیش روی تو دو راه است فقط من یا من\n", "post_url_5": "http://dokhisagasab.blog.ir/1395/10/20/%D8%AA%D9%88%D9%84%D8%AF%D9%85%20%D9%85%D8%A8%D8%A7%D8%B1%DA%A9", "post_title_5": "تولد", "post_content_5": "\nهعی...\nامروز تولدم بود...\nیکسال گذشت...\nمنم یکسال بزرگ تر شدم...\n", "post_full_content_5": "\n\nتولد\n\n\n\nهعی...\nامروز تولدم بود...\nیکسال گذشت...\nمنم یکسال بزرگ تر شدم...\n\n\n\n\n\n\n\n۱۳ like\n\n\n\n\n۲۰ comment\n\n\n\n\n\n\n✖پرنٌس‍‍ِــ‍‍pгคภςєςــسٌ .✖\n\n\n\n\nدوشنبه ۲۰ دی ۹۵\n\n\n\n\n\n\n\n\n", "post_full_content_2": "\n\nعشق یعنی\n\n\nعشق یعنی که جهان غایب\nو تُ\nحاضر قلبم باشی\n\n\n\n\n\n\n\n۳ like\n\n\n\n\n۱ comment\n\n\n\n\n\n\n✖پرنٌس‍‍ِــ‍‍pгคภςєςــسٌ .✖\n\n\n\n\nپنجشنبه ۲ آذر ۹۶\n\n\n\n\n\n\n\n\n", "post_full_content_3": "\n\nجانا\n\n\nکجا مانده ای جانا...\nقدم برداشتنت کند شد...\nیا فاصله ات بیشتر..!؟\n\n\n\n\n\n\n\n۵ like\n\n\n\n\n۳ comment\n\n\n\n\n\n\n✖پرنٌس‍‍ِــ‍‍pгคภςєςــسٌ .✖\n\n\n\n\nسه شنبه ۲۵ مهر ۹۶\n\n\n\n\n\n\n\n\n", "post_full_content_4": "\n\nحق نداری\n\n\n\nحق نداری به کسی دل بدهی الا من\nپیش روی تو دو راه است فقط من یا من\n\n\n\n\n\n\n\n۵ like\n\n\n\n\n۶ comment\n\n\n\n\n\n\n✖پرنٌس‍‍ِــ‍‍pгคภςєςــسٌ .✖\n\n\n\n\nپنجشنبه ۸ تیر ۹۶\n\n\n\n\n\n\n\n\n", "post_full_content_1": "\n\nسه ساله شدم\n\n\nسه ساله که دارمت\nانشالله بمونی برام\nتولد سه سالگیت مبارک وبلاگ گلم\n\n\n\n\n\n\n\n۳ like\n\n\n\n\n۳ comment\n\n\n\n\n\n\n✖پرنٌس‍‍ِــ‍‍pгคภςєςــسٌ .✖\n\n\n\n\nيكشنبه ۲۶ آذر ۹۶\n\n\n\n\n\n\n\n\n"}