{"type": "blog", "blog_name": "ازدواج ساده و آسان", "blog_url": "http://ezdevaje-asan.blog.ir/", "post_url_1": "http://ezdevaje-asan.blog.ir/1394/07/25/%D9%85%D8%AD%D8%B1%D9%85-%D8%A2%D9%85%D8%AF-%D9%88-%D9%88%D9%82%D8%AA-%D8%B9%D8%B2%D8%A7-%D8%B4%D8%AF", "post_title_1": "محرم آمد و وقت عزا شد...", "post_content_1": "به مناسبت فرا رسیدن ماه محرم و صفر و شرکت در مراسم عزاداری شهدای کربلا،اباعبدالله الحسین علیه السلام و یاران وفادارش از ارائه مطالب جدید معذورم...ان شاء الله بعد از این ایام همچنان در خدمت شما عزیزان و سروران گرامی خواهم بود.\nعزاداریتون قبول حق و التماس دعا! ", "post_url_2": "http://ezdevaje-asan.blog.ir/1394/07/22/%D8%B7%D9%84%D8%A7%D9%82-%D8%A7%D8%AD%D8%B3%D8%A7%D8%B3%D8%A7%D8%AA", "post_title_2": "طلاق احساسات!", "post_content_2": "\nحتما واژه طلاق عاطفی به گوشتان خورده و با آن بیگانه نیستید. متاسفانه در سال‌های اخیر زوج‌های بسیاری با همین مقدمه از هم جدا شده‌اند. برخی دیگر نیز اگرچه به طور رسمی از یکدیگر جدا نشده‌اند، اما کمتر می‌توانند درباره احساسات و عواطف خود با یکدیگر صحبت کنند.\nاین در حالی است که بازگونکردن احساسات و فقدان روابط صمیمانه همسران هم مانع برقراری رابطه زناشویی لذت‌بخش می‌شود، هم فاصله آنها را از همدیگر بیشتر می‌کند.\nطلاق عاطفی، طلاقی است که به موجب آن، زن و شوهر با یکدیگر ارتباط صمیمی‌ای ندارند و نمی‌توانند درباره احساسات و عواطف خود با یکدیگر حرف بزنند و ارتباط زناشویی مناسبی هم ندارند. این نوع طلاق، در مقایسه با طلاق رسمی، اثری به مراتب مخرب‌تر دارد، چرا که در طلاق رسمی زن و مرد از یکدیگر جدا می‌شوند و هر یک به دنبال زندگی تازه خود می‌روند اما در طلاق عاطفی که زوج زیر یک سقف زندگی می‌کنند، این موضوع در درازمدت فشار روانی زیادی به آنها وارد می‌کند و چون این همسران ارتباط احساسی خوبی هم با یکدیگر ندارند، زندگی‌شان کسالت بار خواهدشد.\n", "post_url_3": "http://ezdevaje-asan.blog.ir/1394/07/20/%D8%B9%D8%A7%D9%82%D8%A8%D8%AA-%D8%AA%DB%8C%D9%BE-%D8%B2%D8%AF%D9%86-%D9%87%D8%A7%DB%8C-%D8%A8%DB%8C%D8%AC%D8%A7", "post_title_3": "عاقبت تیپ زدن‌های بیجا!", "post_content_3": "", "post_url_4": "http://ezdevaje-asan.blog.ir/1394/07/20/%D8%AE%D9%88%D8%AF%D9%86%D9%85%D8%A7%DB%8C%DB%8C-%D8%A8%D9%87-%D8%B4%D8%B1%D8%B7-%D8%A7%D8%B3%D8%B1%D8%A7%D9%81", "post_title_4": "خودنمایی به شرط اسراف!", "post_content_4": "\nیکی از موانع ازدواج، اسراف و تبذیرهایی است که در مجالس عقد و عروسی و مقدمات مربوط به آن می‌شود: از مهریه‌های سنگین با صدها سکه بهار آزادی یا املاک و مستغلات گران قیمت گرفته تا سفره‌های عقد پرخرج، انواع غذاها، تالارهای گران قیمت، دسته‌گل‌های متعدد، جهیزیه‌های سنگین، خریدهای سنگین طلا و زیور آلات، لباس‌های فاخر برای عروس و داماد و خویشان آن‌ها و خریدهای زاید دیگر، که باعث شده هزینه ازدواج بالا رود. ریشه همه این‌ها را می‌توان در چشم و هم‌چشمی و خودنمایی و تظاهر یافت و آتشی را برافروخته که پدران و مادران و دختران و پسران در آن می‌سوزند.\nمتأسفانه اکنون این اسراف و تبذیرها به صورت یک رقابت درآمده و سبب شده که سن ازدواج بالا رود و جوانانی که نیاز به ازدواج دارند و شدیداً تحت فشارند ناچارند بسوزند و بسازند یا به اعصاب خود، فشار آورند و به ضعف اعصاب مبتلا شوند و احیاناً به انحرافات جنسی کشیده شوند.\n", "post_url_5": "http://ezdevaje-asan.blog.ir/1394/07/19/%D8%B9%D8%B1%D9%88%D8%B3-%D9%85%D8%A7%D8%B4%DB%8C%D9%86-%DB%8C%D8%A7-%D9%85%D8%A7%D8%B4%DB%8C%D9%86-%D8%B9%D8%B1%D9%88%D8%B3", "post_title_5": "عروس ماشین یا ماشین عروس؟", "post_content_5": "", "post_full_content_5": "\nعروس ماشین یا ماشین عروس؟\n\n\n", "post_full_content_4": "\nخودنمایی به شرط اسراف!\n\n\n", "post_full_content_3": "\nعاقبت تیپ زدن‌های بیجا!\n\n\n", "post_full_content_2": "\nطلاق احساسات!\n\n\n", "post_full_content_1": "\nمحرم آمد و وقت عزا شد...\n\n\n"}