{"type": "blog", "blog_name": "عشق", "blog_url": "http://justlove.blog.ir/", "post_url_1": "http://justlove.blog.ir/1394/12/16/%D8%AA%D9%84%D9%88%DB%8C%D8%B2%DB%8C%D9%88%D9%86%20%D9%85%D9%86%D8%AD%D9%86%DB%8C%2048%20%D8%B3%D8%A7%D9%85%D8%B3%D9%88%D9%86%DA%AF", "post_title_1": "نقد و بررسی تلویزیون ال ای دی منحنی اسمارت 48 اینچ سامسونگ مدل Samsung LED 48JC6960 SMART Curved TV", "post_content_1": "\nنقد\nو بررسی تلویزیون ال ای دی منحنی اسمارت 48 اینچ سامسونگ مدل Samsung LED 48JC6960 SMART Curved TV\n\n \nامروزه تکنولوژی های متفاوتی در اطراف ما وجود دارند و این فناوری ها\nاز شاخه تلویزیون های ال ای دی نیز جدا نیست و مخصوصا در سال های اخیر\nتغییرات زیادی در تلویزیون های LED شاهد بودیم و کمپانی سامسونگ هم که همیشه جز اولین پر فروش های\nدنیا بوده امسال با تولید تلویزیون های 4K UHD و تلویزیون های خمیده و یا همان منحنی توانسته است که راه را برای\nخرید شما باز تر کنند.اما در این میان تنوع و قیمت های مختلف و وجود مدل های زیاد\nنیز باعث شده که انتخاب برای خرید ال ای دی کمی سخت شود.\n\n\nادامه مطلب", "post_url_2": "http://justlove.blog.ir/1394/11/24/%D8%AF%D8%A7%D9%86%D9%84%D9%88%D8%AF-%D9%85%D9%88%D8%B2%DB%8C%DA%A9-%D9%88%DB%8C%D8%AF%DB%8C%D9%88-%D8%AC%D8%AF%DB%8C%D8%AF-The-Ways-%D8%A8%D9%86%D8%A7%D9%85-%D9%86%D9%82%D8%A7%D8%B4%DB%8C", "post_title_2": "دانلود موزیک ویدیو جدید The Ways بنام نقاشی", "post_content_2": "دانلود موزیک ویدیو جدید The Ways بنام نقاشیگروه متفاوت و خوش ذوق The\n Ways موزیک ویدیویی به نام نقاشی منتشر کرده است. البته به شخصه کارهایی \nکه این گروه در همکاری با کاوه آفاق ارائه داد را بیشتر پسندیدم و معتقدم \nبا جدایی کاوه از این گروه, هم کارهای کاوه آفاق ضعیفتر شد و هم خود گروه د\n ویز. با این حال و جدای از حرف و حدیث های پیرامون جدایی کاوه آفاق از این\n گروه، اگر جزو طرفداران پر و پا قرص The Ways هستید پیشنهاد میکنم برای دانلود موزیک ویدیو جدید این گروه به سایت موزیک جدید ایرانی مراجعه کنید. در این سایت دانلود آهنگ جدید و نیز دانلود آلبوم جدید این گروه امکان پذیر است.", "post_url_3": "http://justlove.blog.ir/1394/11/24/%D8%B2%DB%8C%D8%A8%D8%A7%DB%8C-%D9%88-%D8%B4%D8%A7%D8%AF%D8%A7%D8%A8%DB%8C-%D9%BE%D9%88%D8%B3%D8%AA-%D8%B5%D9%88%D8%B1%D8%AA", "post_title_3": "زیبای و شادابی پوست صورت", "post_content_3": "\nزیبایی و شادابی پوست صورت،\n برای بانوان از اهم واجبات بوده و مهمترین مسائل خانم ها را تشکیل می دهد \nبرعکس آقایان که اهمیت زیادی به این دست مسائل نمی دهند، بانوان در برخی \nاوقات هزینه های سرسام اوری را برای شادابی و زیبایی پوست صورت و اندام خود\n صرف می کنند.\nزیبای و شادابی پوست صورت \nزیبایی و سلامت نیک خرید:\n کم‌کم داریم به روزهای پایانی سال نزدیک می‌شویم و خیلی‌هایمان دوست داریم\n که علاوه بر پاکسازی خانه و زندگی، یک پاکسازی اساسی هم روی پوست‌مان صورت\n دهیم تا در دید و بازدیدهای عید، شاداب‌تر و جوان‌تر به نظر برسیم. از این\n رو در ادامه این مقاله، به چند راهکار ساده اما کاربردی برای افزایش \nشادابی پوست اشاره می‌کنیم که بد نیست حداقل 30 روز این روش‌ها را به کار \nببندید.\nاستفاده از شوینده های مناسببه\n گزارش سلامت نیوز به نقل از سایت سلام دکتر، اولین قدم برای حفظ سلامت و \nطراوت پوست، شستن روزانه صورت با شوینده مخصوص جنسِ پوست‌مان است. اگر پوست\n حساسی دارید، از شوینده‌های ملایم فاقد ترکیبات صابونی (soap free) \nاستفاده کنید. اگر پوست‌تان خشک است، صورت خود را با صابون‌های حاوی مواد \nنرم‌کننده بشویید و اگر پوست چربی دارید، صابون‌های آنتی‌باکتریال فاقد \nمواد کِرمی را انتخاب کنید. اگر پوست‌تان دارای ناحیه تی‌زون (T-zone) است،\n یعنی پیشانی و بینی و چانه‌تان چرب و بقیه صورت‌تان خشک است هم استفاده از\n شوینده‌های فاقد ترکیبات صابونی می‌تواند گزینه بهتری برای شما باشد. \nحواس‌تان باشد که در صورت تمیز کردن پوست با دستمال‌های مخصوص پاک کردن \nآرایش، حتما پس از اتمام کار، صورت خود را با آب ولرم هم بشویید تا بقایای \nترکیبات موجود در دستمال از روی صورت‌تان پاک شود. برای اطمینان از پاک شدن\n پوست از انواع آلودگی‌های محیطی یا بقایای محصولات آرایشی، حتما حداقل 20 \nثانیه کف حاصل از شوینده را روی تمام سطح پوست صورت خود ماساژ دهید.پاک کردن آرایش قبل از خواب\nبگذارید پوستتان در هنگام خواب، نفس بکشد\nخوابیدن با آرایش، باعث می شود که منافذ پوستی بخاطر استفاده از کرم ها و وواد ارایشی بسته مانده و از تنفس سالم پوست جلوگیری کند.یکی\n از رایج‌ترین خطاهای پوستی که باعث ایجاد لک، آکنه‌ و جوش‌های زیرپوستی در\n صورت خانم‌ها می‌شود، خوابیدن با صورت آرایش‌کرده و نشسته است. باقی ماندن\n مواد آرایشی روی پوست که با آلاینده‌های محیطی هم ترکیب شده‌اند، باعث \nبسته شدن روزنه‌های تنفسی پوستی و افزایش احتمال ابتلا به جوش و لک روی \nصورت می‌شود. از این رو، بهتر است که تنها 5 دقیقه قبل از خواب را به \nپاکسازی پوست‌تان از انواع محصولات آرایشی اختصاص بدهید.\nاستفاده از کرم های مناسبقبل\n از خوابیدن و بعد از شستن پوست‌تان، مواد سطحی لازم برای حفظ شادابی و \nزیبایی پوست را به صورت، پاها و دستان خود برسانید. اگر پوست‌تان چرب است، \nآن را با کرم‌های مرطوب‌کننده بر پایه آب و فاقد چربی ماساژ دهید و اگر \nپوست خشکی دارید، آن را با کرم‌های نرم‌کننده حاوی مواد روغنی بپوشانید. \nافراد مبتلا به پوست خشک و تمام افراد بالای 30 سال، استفاده از کرم دور \nچشم را فراموش نکنند. ضمن اینکه پوشاندن پوست حساس لب‌ها با یک لایه نازک \nاز مرطوب‌کننده‌ها یا نرم‌کنندهای مخصوص لب هم می‌تواند برای پیشگیری از \nچروک شدن و ترک خوردن پوست لب‌ها بسیار موثر و مفید باشد.ریزمغذی‌های مورد نیاز پوست را به بدنتان برسانیدهر\n چند که تمام ویتامین‌ها و املاح برای بدن ضروری هستند، اما بعضی از آنها \nمی‌توانند در حفظ سلامت، زیبایی و شادابی پوست موثرتر باشند. اسیدهای چرب \nامگا3، ویتامین C، ویتامین E و روی، جزو همین ریزمغذی‌ها هستند. از این رو \nتوصیه می‌شود که از امروز، حداقل 3 واحد (هر واحد برابر با 60 گرم) میوه و 2\n واحد سبزی یا صیفی بخورید. روزی 5 تا 10 عدد مغز خام را در برنامه غذایی \nخود داشته باشید و سعی کنید حداقل هفته‌ای 600 گرم گوشت انواع ماهی‌های چرب\n یا 7 تا 14 عدد گردو (روزی 1 تا 2 عدد) یا 7 تا 14 قاشق غذاخوری روغن \nزیتون (روزی 1 تا 2 قاشق غذاخوری) مصرف کنید.آب و مایعات کافی بنوشیدکم‌آب\n شدن بدن، یکی از مهم‌ترین دلایل خشکی و چروکیدگی پوست است. زمانی که ما آب\n کافی در طول روز می‌نوشیم، خون‌رسانی به تمام قسمت‌های بدن از جمله پوست \nصورت هم با سرعت و شدت مناسب‌تری صورت می‌گیرد و جلوی کدر و چروک شدن \nپوست‌مان هم گرفته می‌شود. برای اینکه بتوانید آب کافی در طول روز به بدن \nخود برسانید، بهتر است که در ساعات بیداری، هر 2 ساعت یکبار یک لیوان آب \nبنوشید.\nاز مصرف دخانیات حتی قلیان پرهیز کنیداگر\n می‌خواهید پوست درخشانی داشته باشید، باید علاوه بر ترک سیگار و قلیان، در\n معرض دود آنها هم قرار نگیرید. ترکیبات سمی و سرطان‌زای موجود در سیگار و \nقلیان با کاهش اکسیژن‌رسانی به سطح پوست باعث کدر و چروک شدن پوست دست و \nصورت می‌شوند. اگر از همین امروز تصمیم به ترک سیگار و قلیان گرفتید، \nاستفاد از کرم‌های مرطوب‌کننده و یک عدد سیب و پرتقال در روز برای بازسازی \nپوست خود را فراموش نکنید.\nخواب کافی، برای پوست بسیار ضروری استیکی\n از رموز داشتن پوستی زیبا و شاداب، برخورداری از خواب کافی در طول \nشبانه‌روز است زیرا کم‌خوابی و پرخوابی، به سرعت تاثیر خود را روی پوست \nنشان می‌دهند. پرخوابی باعث پف کردن پوست پلک و گونه‌ها می‌شود و کم‌خوابی \nهم تیرگی و چروک زیر چشم را به دنبال دارد.مراقب پوست اطراف چشم هایتان باشید\nبی\n شک، چشم ها زیباترین و مهمترین قسمت های بدن هستند پوست اطراف چشم ها \nبخاطر استرس، اخمو و ناراحتی و عوامل محیطی، دارای چین و چروک می شود از \nپوست اطراف چشم ها هرگز نباید قافل شویم.اگر می‌خواهید جوان‌تر و جذاب‌تر \nبه نظر برسید، پوست اطراف چشم‌ها را فراموش نکنید. یعنی علاوه بر کرم‌های \nدور چشم، روزی 2 مرتبه 2 حلقه خیار یا سیب‌زمینی خام روی چشم‌های بسته خود \nبگذارید تا جلوی پف کردن و تیره شدن پلک‌تان را بگیرید.به اندازه کافی ورزش کنیدورزش\n کردن باعث افزایش خون‌رسانی به پوست و شاداب‌تر شدن آن می‌شود. برای اینکه\n بتوانید طراوت و شادابی پوست خود را دوباره به دست بیاورید، حداقل روزی 20\n دقیقه پیاده‌روی با سرعت متوسط انجام دهید.\n", "post_url_4": "http://justlove.blog.ir/1394/11/24/%D9%81%D8%B1%D9%88%D8%B4%DA%AF%D8%A7%D9%87-%D8%A8%D8%B2%D8%B1%DA%AF-%D8%A7%DB%8C%D8%B1%D8%A7%D9%86-%D9%85%DB%8C-%D8%B4%D8%A7%D9%BE", "post_title_4": "فروشگاه بزرگ ایران می شاپ", "post_content_4": "\n\n\nفروشگاه بزرگ ایران می شاپ، با نزدیک به یک دهه فعالیت در تهیه و توزیع محصولات تله شاپینگ،\n لوازم خانگی، انواع لوازم آشپزخانه، جهیزیه عروس، انواع گن های لاغری، \nزیور الات و هزاران مدل محصولات متنوع و با کیفیت، افتخار دارد تا محصولات \nجدید خود را با قیمت های بسیار مناسب و کیفیت عالی، معرفی نماید.\nعرضه جدیدترین محصولات تله شاپینگ\nاز مهمترین اجناس فروشگاه ایران می شاپ می توان به، اجناس تله شاپینگ، مانند انواع سرخ کن، خرد کن نایسر دایسر، انواع گن های لاغری مردانه و زنانه مانند شلوارک لاغری هات شیپر، گن لاغری هات شیپر،\n بخارشو، لوازم آشپزخانه مانند انواع چاقو، ماهیتابه، ترازو، جاروشارژی، \nلوازم آرایشی و بهداشتی، بند انداز، محصولات کودک مانند لوازم و اسباب \nبازیهای کودکان، اشاره کرد این فروشگاه بخاطر سابقه طولانی و درخشان، در \nتهیه اجناس با کیفیت و عرضه آنها با کمترین سود تجاری، توانسته است تا \nاعتماد طیف عظیمی از افراد مختلف را مخاطب قرارداده و اعتماد و رضایت خاطر \nانان را فراهم کند.\nفروشگاه ایران می شاپ،\n بصورت 24 ساعت شبانه روز و هفت روز هفته فعال بوده و شما می توانید با \nاطمینان از کیفیت و قیمت مناسب هزاران محصول این فروشگاه کالای مورد نظر \nخود را به ساده ترین شکل ممکن سفارش داده، وجه آنرا به صورت انلاین پرداخت \nکرده و یا اینکه از طریق سرویس پرداخت در محل شرکت پست جمهوری اسلامی \nایران، پس از تحویل کالای مورد نظر سفارش داده و اطمینان از سلامت آن، وجه \nکالا را به مامور پست پرداخت نمایید.\nباید خاطر نشان کنیم که تمام محصولات عرضه شده در این فروشگاه دارای \nکیفیت بسیار خوبی بوده و کلیه این محصولات دارای گارانتی تست سلامت می \nباشند.\nبرای بازدید از محصولات متنوع و یا خرید کالای مورد نظر خود می توانید با کلیک بر روی تصویر زیر، وارد فروشگاه ایران می شاپ شوید.\n\n", "post_url_5": "http://justlove.blog.ir/1394/11/24/%D8%B7%D9%84%D8%A7%D9%82-%D8%AC%D9%86%D8%AC%D8%A7%D9%84%DB%8C-%D8%AF%DB%8C%D9%88%DB%8C%D8%AF-%D8%A8%DA%A9%D8%A7%D9%85", "post_title_5": "طلاق جنجالی دیوید بکام", "post_content_5": "این روزها شاهد طلاق و جدایی افراد مشهور و ثروتمند زیادی در جهان هستیم\n که سروصدای بسیاری به پا می کنند اما برخی از این جدایی ها بسیار پرهیاهو و\n جنجالی می شوند مانند جدایی دیوید بکام از همسرش که علاوه بر گرانترین \nطلاق سال، جنجالی ترین انها نیز بوده است.\nطلاق جنجالی دیوید بکام\nطلاقهای فراوانی در عرصه دنیای ورزش اتفاق افتاده است ما این یکی به \nگزارش خبرگزاری ها از پر هزینه ترین و گرانترین طلاقهای دنیاست چرا که بیش \nاز یک میلیارد دلار هزینه در پی خواهد داشت ! به گزارش پارس ناز اخبار \nمربوط به جدایی دیوید بکام اسطوره فوتبال انگلیس از همسر نامدارش یعنی \nویکتوریا بکام روز به روز به واقعیت بیشتر نزدیک می شود.بر اساس گزارش های \nمنابع مختلف بریتانیایی دیوید بکام و همسرش ویکتوریا\n بکام در آستانه جدایی از یکدیگر قرار گرفته اند. زندگی مشترک آنها قرار \nاست پس از 16 سال به پایان برسد این در حالی است که آنها چهار فرزند چهار \nساله تا 16 ساله دارند.\nبر طبق آخرین اخبار، مراحل طلاق این زوج مشهور بریتانیایی در سکوت خبری \nکامل پیش می رود و تا امروز هیچکدام از آنها درباره جزئیات این اتفاق صحبت \nنکرده اند. در صورت جدایی این زوج مشهور و خبرساز طلاق آنها هزینه یک \nمیلیارد دلاری در اثر جابجایی اموال در پی خواهد داشت.\nاین زوج در سال های گذشته مشکلات فراوانی با یکدیگر پیدا کرده بودند که \nخیانت های دیوید بکام دلیل اصلی آنها بود. ویکتوریا زمانی گفته بود که با \nیک آدم بی مسئولیت ازدواج کرده است.ویکتوریا بکام اخیرا به تنهایی به \nنیویورک سفر کرده که این اتفاق شایعات طلاق را باز هم پررنگ تر کرده است.", "post_full_content_2": "", "post_full_content_4": "", "post_full_content_3": "", "post_full_content_1": "", "post_full_content_5": ""}