{"type": "blog", "blog_name": "پسر آریایی", "blog_url": "http://pesare-ariyayi.blog.ir/", "post_url_1": "http://pesare-ariyayi.blog.ir/1395/04/07/%D8%A7%DB%8C%D8%B1%D8%A7%D9%86-%D9%85%DB%8C-%D8%B4%D8%A7%D9%BE", "post_title_1": "ایران می شاپ", "post_content_1": "\n\n\n\n\n\n\n\n\nفروشگاه بزرگ ایران می شاپ، با نزدیک به یک دهه فعالیت در تهیه و توزیع محصولات تله شاپینگ،\n لوازم خانگی، انواع لوازم آشپزخانه، جهیزیه عروس، انواع گن های لاغری، \nزیور الات و هزاران مدل محصولات متنوع و با کیفیت، افتخار دارد تا محصولات \nجدید خود را با قیمت های بسیار مناسب و کیفیت عالی، معرفی نماید.\nعرضه جدیدترین محصولات تله شاپینگ\nاز مهمترین اجناس فروشگاه ایران می شاپ می توان به، اجناس تله شاپینگ، مانند انواع سرخ کن، خرد کن نایسر دایسر، انواع گن های لاغری مردانه و زنانه مانند شلوارک لاغری هات شیپر، گن لاغری هات شیپر،\n بخارشو، لوازم آشپزخانه مانند انواع چاقو، ماهیتابه، ترازو، جاروشارژی، \nلوازم آرایشی و بهداشتی، بند انداز، محصولات کودک مانند لوازم و اسباب \nبازیهای کودکان، اشاره کرد این فروشگاه بخاطر سابقه طولانی و درخشان، در \nتهیه اجناس با کیفیت و عرضه آنها با کمترین سود تجاری، توانسته است تا \nاعتماد طیف عظیمی از افراد مختلف را مخاطب قرارداده و اعتماد و رضایت خاطر \nانان را فراهم کند.\nفروشگاه ایران می شاپ،\n بصورت 24 ساعت شبانه روز و هفت روز هفته فعال بوده و شما می توانید با \nاطمینان از کیفیت و قیمت مناسب هزاران محصول این فروشگاه کالای مورد نظر \nخود را به ساده ترین شکل ممکن سفارش داده، وجه آنرا به صورت انلاین پرداخت \nکرده و یا اینکه از طریق سرویس پرداخت در محل شرکت پست جمهوری اسلامی \nایران، پس از تحویل کالای مورد نظر سفارش داده و اطمینان از سلامت آن، وجه \nکالا را به مامور پست پرداخت نمایید.\nباید خاطر نشان کنیم که تمام محصولات عرضه شده در این فروشگاه دارای \nکیفیت بسیار خوبی بوده و کلیه این محصولات دارای گارانتی تست سلامت می \nباشند.\nبرای بازدید از محصولات متنوع و یا خرید کالای مورد نظر خود می توانید با کلیک بر روی تصویر زیر، وارد فروشگاه ایران می شاپ شوید.\n\n\n\n\n\n\n\n", "post_url_2": "http://pesare-ariyayi.blog.ir/1395/03/31/%D8%AF%D9%84%D9%85", "post_title_2": "دلم...", "post_content_2": "\nدلم خیلی پره بدجور هواشو کردم ی روزی منم عزیز دل کسی بودم ی روزی منم•••••••••••(๑╯ﻌ╰๑)\nبه سلامتی اون پیرمردی که وقتی‌ ازش پرسیدن عشق چیست گفت همونی که منو پیر کرد !\n☞Οηlγ☜\nپَـــنج نـَــخ پُشــــتِ هَــم سیگـــار میکِشَــم\nبِــه یـــادِ پَنـــج عَـــزیزِ اَز دَســت رَفتــِــه ▂\nقَلبَــــــــم\nروحَـــــــم\nاِحســــاسَـم\nبــــــــاوَرَم\nاِعتِمـــــادَم✘✘✘\n\n\n\nفک نکن درد ندارم... ولی...\n\n\n\n\n\n\n۰\n\n\n\n\n\n۰\n\n\n\n\nدوشنبه,  ۸ تیر ۱۳۹۴، ۰۶:۳۰ ب.ظ\nابوالفضل منگلی\n\n۳ نظر\n\n\n\n\n⇓⇑کـــســـے کــــه تـــمــام فـــکـــرش زیـــبــایـــے رنــگ رژ لـــبــشه⇑⇓\n✘تـــوان فـــهــمــیــدن درد دل یـــه مــــــرد رو نـــــــداره✘\n↻‌حــــرف مــــــــرد رو یـا یـــه مـــــرد مــیــفــهــمــه یــا دود ســــیــــگــــارش↺\n\n\n\n\nروزی که بهت نیاز داشتم کجا بودی؟\n\n\n\n\n\n\n۰\n\n\n\n\n\n۰\n\n\n\n\nدوشنبه,  ۸ تیر ۱۳۹۴، ۰۵:۵۰ ب.ظ\nابوالفضل منگلی\n\n۴ نظر\n\n\n\n\nبه  سلامتی روزی ک بهت خبر بدن امروز تشیع جنازشهتو هم جا بخوری.بیای ببینی تنم رو سنگ غسالخونست.میگی پاشو شوخی کردم باهات.بابا هر چی تو بگی.نکن این کارا رو.تو که میدونی من از این شوخیا بدم میاد.اما ببینی دارن میشورنم و منم تکون نمی خورم.ببینی کفنو می پیچن دورم.میگی دروغه,داری شوخی میکنی,اما بیای سر خاکم ببینی گذاشتنم تو قبر.میگی پاشو دیوونه✖باشه هر چی تو بخوای✖اما رو صورتمو باز میکنن✖چشام بستس✖سنگو میذارن روم✖خاک میریزن❗❗❗❗داد میزنی◾◾◾◾زندس دیوونه ها✖داره شوخی میکنه✖نریزید خاک ◾◾◾اما یکی بیاد دستو بگیره,بگه✖اون روزی که بهت نیاز داشت,کجا بودی⁉نه,شوخی نیست✖واقعیته◾◾◾آره,واقعیت ◾◾◾بزنی زیر گریه,اما دیگه کار از کار گذشته\n\n\n\n\nخوبم...\n\n\n\n\n\n\n۳\n\n\n\n\n\n۰\n\n\n\n\nدوشنبه,  ۸ تیر ۱۳۹۴، ۱۰:۴۶ ق.ظ\nابوالفضل منگلی\n\n۶ نظر\n\n\n\n\nﺩﺭﺩ ” ﺑﻌﻀ ﺁﺩﻣﺎ ﺭﻭ ﻧﻤﺸﻪ ﺩﺪﻧﻪ ﻪ ﻧﺸﻪ، ﺷﺎﺪ ﺭﻭ ﻧﻤﻨﻦﺑﻪ ﺟﺎ ﻣﺮﺳﻦ ﻪ، ﺑﻪ ﻪ ﺰ ﻨﺎﻩ ﻣﺒﺮﻥﺑﻌﻀﺎ ﺑﻪ ﺎﺭ،ﺑﻌﻀ ﺑﻪ ﺳﺎﺧﺘﻦ،ﺑﻌﻀﺎ ﺸﺪﻥ،ﺑﻌﻀ ﺑﻪ ﻧﻮﺷﺘﻦﻭ ﺑﻌﻀ ﻫﻢ ﺑﻪ ﺧﻮﻧﺪﻥ …ﻫﻤﻨﺎ ﻫﺴﺘﻦ ﻪ ﻭﻗﺘ ﺣﺎﻟﺸﻮﻧﻮ ﻣﺮﺳ،ﻟﺒﺨﻨﺪ ﻣﺰﻥ میگن “ﺧﻮﺑﻢ ” ، ﻣﻦ ﻪ ﺧﻮﺑﻪ ﺧﻮﺑﻢ …ﺷﻤﺎ ﻄﻮﺭﺪ؟ …\n\n\n\n\n...\n\n\n\n\n\n\n۲\n\n\n\n\n\n۰\n\n\n\n\nدوشنبه,  ۸ تیر ۱۳۹۴، ۱۰:۲۴ ق.ظ\nابوالفضل منگلی\n\n۲ نظر\n\n\n\n\nبعضی وقتا...\nآدم به یه آرامش احتیاج داره...\nتا جسمشو روحش از هم نپاشه...\nحرفای هیشکی هم براش مهم نباشه...\nبه اندازه ی کافی کشیدم...\nنا ندارم دیگه بسمه...\n\n\n\n\nمردی\n\n\n\n\n\n\n۳\n\n\n\n\n\n۰\n\n\n\n\nیکشنبه,  ۷ تیر ۱۳۹۴، ۱۲:۴۰ ب.ظ\nابوالفضل منگلی\n\n۶ نظر\n\n\n\n\nدر آینه مردی دارد بغض می کند\nبیایید بغلش کنید\nپشتش را بمالید\nبه او بگویید همه چیز درست می شود\nدلش می خواهد کمی دروغ بشنود\nآینه را پایین تر نصب کنید\nگمانم دیگر به زانو در آمده\n\n\n\n\nبعضی وقتا...\n\n\nﻫﻤـــــــــــــﺸﻪ ﺍﺯ ﻪ ﺟﺎ ﺑﻪ ﺑﻌﺪ ﺁﺩﻣﺎ ﺩﺭ ﺟﻮﺍﺏ ﻫﻤﻪ  ﻣﻦ : ﺑ ﺧﺎﻝ …ﻭﻗﺘ ﺍﺯﺵ ﻣﺮﺳ: ﺮﺍ ﺳﺮﺍﻏ ﺍﺯ ﻣﻦ ﻧﻤﺮ؟ﻣـــــــﻪ : ﺑ ﺧﺎﻝ … وقت زیاده ﻣ :ﺮﺍ ﺗﻨﻬﺎ؟ﻣﻪ : ﻣﻘﺼﺪ ﺧﺎﻪ ﺍﻣﺎ ﻏﻢ ﻭ ﻏﺼﻪ ﻫﺎﺷﻮ ﺸﺖ ﻧﻘﺎﺏ ﺑ ﺗﻔﺎﻭﺗﺎﺵ ﻗﺎﻢ ﻣﻨﻪ …ﻣﺴﻮﺯﻩ … ﻭﻟ ﻣﻪ ﺑـــــــ ﺧـــــﺎﻝ ﻋﺎﺷﻘﻪ … ﻭﻟ ﻣﻪ ﺑـــــــ ﺧــــــﺎﻝ ﻪ ﺭﻭﺯ ﻣﺎﺩ ﻭ ﺑﻪ ﺯﻭﺭ ﺍﺯﺕ ﺣﻼﻟﺖ ﻣﻄﻠﺒﻪﻣﺮﺳ : ﺮﺍ؟ﻣﻪ : ﺁﺩﻡ ﻪ ﺍﺯ ﻓـــــﺮﺩﺍﺵ ﺧﺒﺮ ﻧﺪﺍﺭﻩ …ﺑﺮﺪﻩ … ﻭﻟ ﻣﻪ ﺑﺨﺎﻝ ﺗﺎ ﺣﻼﻟﺶ ﻧﻨ ﺩﺳﺖ ﺍﺯ ﺳﺮﺕ ﺑﺮﻧﻤﺪﺍﺭﻩ ﻭ ﺗﻮ ﺗﻮ ﺩﻟﺖ ﻣ“ﺁﺧﻪ ﺗﻮ ﻪ ﺟﺰ ﺧﻮﺑ ﺎﺭ ﻧﺮﺩ . ﺍﻦ ﺗﻮ ﻪ ﺑﺎﺪ ﻣﻨﻮ ﺣﻼﻝ ﻨ ”ﺍﻦ ﺟﻮﺭ ﺁﺩﻣﺎ درد دارن ...\nخیانت ﺩﺪﻥ ...\n\n\n\n\n\nدرد بی درمون\n\n\n\n\n\n\n۱\n\n\n\n\n\n۰\n\n\n\n\nشنبه,  ۶ تیر ۱۳۹۴، ۱۱:۴۶ ب.ظ\nابوالفضل منگلی\n\n۴ نظر\n\n\n\n\nیه وقتایی،یه حرفایی،چنان آتیشت میزنهکه دوست داری فریاد بزنی،ولی نمیتونیدوست داری اشک بریزی،ولی نمیتونیحتی دیگه نفس کشیدنم برات سخت میشهتمام وجودت میشه بغضی که نمیترکهبه این میگن“درد بی درمون”\n\n\n\n\nحروف آخر زندگی من\n\n\nگاهی با خود می اندیشمکه انسان ها حقیقتاً در غم ِ یکدیگر سهیم هستند ؟در می یابم که هیچ کسبراستینمی تواند در اندوه ِ کسی شریک شودو هیچ کسحاضر نیست شادی اش را با کسی تقسیم کندو تظاهرجنینِ میلیون ساله ایست که در رحم ِ دنیایمانمُدام لگد می پراند\n\n\n\n\nخیلی سخته...\n\n\n\n\n\n\n۲\n\n\n\n\n\n۰\n\n\n\n\nشنبه,  ۶ تیر ۱۳۹۴، ۱۱:۳۰ ب.ظ\nابوالفضل منگلی\n\n۴ نظر\n\n\n\n\nخیلی سخته حالت اینقد بد باشه که حتی نتونی به دیگران توضیحش بدی...\nخیلی سخته دردت اینقد بزرگ باشه که کمرت زیرش بشکنه اما اطرافیات اینقد کوچک میپندارنش که از شکایت کردنت هم دلخور میشن...\nاگه گله کردم،اگه شکایت کردم،اگه خسته شدم و اگه بریدم بخدا دردم کم نیست...\nقد من فقط برام راه میره...\nقد من خیلی خم تر از چیزیه که هست...\nقد من خم شد چون خیلی بد پشت پا خوردم...\nقد من محکم ترین چیزی بود ک داشتم...\nخمش کرد دردم...\nاز کمرم استقامت دار تر نداشتم...\nشکست...\nاز دلم با حوصله تر نداشتم...\nپر خون شد...\n\nدل استــ دیگر خسته میشود …بی حوصله میشــود …از روزگار از آدمـــــــها از خــودشـــــاز این قابــها , از اثباتــ , از تـــــوضیــحاز کلماتــــی که رابـــطه ها را به گند میکشـــد\n\nکاش حداقل 1نفر رو داشتم بهش توضیح بدم...\nکاش 1نفر رو داشتم درکم کنه...\nتو دنیام از تو مهربونتر کسی رو نداشتم،تو که مهربون بودی این شد نتیجه...\nبقیه که...\n\n\nبالاتر از سیاهی هم “رنگ” هست …مثل رنگ این روزهای من ...\n\n\n\n\nبه سن تکلیف رسیدی یا نه؟\n\n\n\n\n\n\n۳\n\n\n\n\n\n۰\n\n\n\n\nجمعه,  ۵ تیر ۱۳۹۴، ۰۱:۳۵ ق.ظ\nابوالفضل منگلی\n\n۴ نظر\n\n\n\n\nترس از پرداخت پول بابت یه رساله؟\nآیا به سن تکلیف رسیدی؟\nآیا مرجع تقلید انتخاب کردی؟\nآیا اگه یه سر به دستورات دین بزنیم بده؟\nآیا از وقت تلف کردنای بی هدف روزانه خسته نشدیم؟؟\n\n\nدانلود فایل پی دی اف آندروید و ویندوز(کامپیوتر) رساله آیت الله بهجت بصورت رایگان\nامید که شده یک نفر به زندگیش سامون داده بشه\n\nدریافت\n\nنرم افزار خواندن فایل پی دی اف برای اندروید\nدریافت\n\n\n\n\nهمستر:(\n\n\n\n\n\n\n۲\n\n\n\n\n\n۰\n\n\n\n\nجمعه,  ۵ تیر ۱۳۹۴، ۰۱:۲۵ ق.ظ\nابوالفضل منگلی\n\n۱۴ نظر\n\n\n\n\nسلام\nملت شانس دارن منم شانس دارم :(\nملت همستر دارن منم...\n\n\nمتاسفانه چند روز پیش در یک عملیات انتحاری گربه دوتا همستر از منو دوستم خورد :(\nیکی رو هم فلج انداخته رو دستمون :(\nنه اینکه فلجا،نفله شده :(\n\nبرا شادی روحشون:( فاتحه :(\nسپس دعا برای خرید دو جفت جدید :( :( :(\nاز ته دلت عمیقا نفرین بفرست به هرچی گربه تو دنیا هست :(\n\n\n\n\nانگیزشی\n\n\n\n\n\n\n۱\n\n\n\n\n\n۰\n\n\n\n\nجمعه,  ۵ تیر ۱۳۹۴، ۰۱:۲۰ ق.ظ\nابوالفضل منگلی\n\n۱ نظر\n\n\n\n\nدوستان این کلیپو حتما دانلود کنید و\nنظرتون رو راجبش بهم بگید\n\nامیدوارم خوشتون بیاد :)\n\nدریافت\n\n\n\n\n\n\nعشقم؟؟؟\n\n\n\n\n\n\n۲\n\n\n\n\n\n۰\n\n\n\n\nجمعه,  ۵ تیر ۱۳۹۴، ۰۱:۰۴ ق.ظ\nابوالفضل منگلی\n\n۳ نظر\n\n\n\n\n\n\n\n\nمن میگم عششششششششششقم؟؟؟..شماها بگین جووووونم\n\n\nالکی مثلن.بذارید حال کنم خداییعروسیتون جبران میکنم..عشقمممممممممممم؟؟؟؟؟؟بگید دیگه :-((((\n\n\n\n\n\nعشق\n\n\n\n\n\n\n۲\n\n\n\n\n\n۰\n\n\n\n\nجمعه,  ۵ تیر ۱۳۹۴، ۰۱:۰۱ ق.ظ\nابوالفضل منگلی\n\n۱ نظر\n\n\n\n\n\nعشق چیست؟\nنمیدونین؟\nخب نگرانی نداره که من اینجا هستم که براتون توضیح بدم\n.\n.\n.\n.\n.\n.\n.\nعشق منمــــــ\nحرف هم نباشه که با پشت دست ازتون استقبال میکنم\n\n\n\n\nقصاب :/ جیگر :\\\n\n\n\n\n\n\n۳\n\n\n\n\n\n۰\n\n\n\n\nپنجشنبه,  ۴ تیر ۱۳۹۴، ۰۶:۲۱ ب.ظ\nابوالفضل منگلی\n\n۸ نظر\n\n\n\n\nدختره رفته قصابی گفته؛آقاجگر دارید؟\n.\nقصاب گفته جیگر سفید یا سیاه؟\n.\nدختره گفته: رنگ های دیگه کی میارید؟!\n.\nمیگن قصاب پشم گوسفند و انداخته رو خودش فقط می گه بع بع\n\n\n\n\n؟  یه سوال  ؟\n\n\n\n\n\n\n۲\n\n\n\n\n\n۰\n\n\n\n\nپنجشنبه,  ۴ تیر ۱۳۹۴، ۰۱:۵۳ ب.ظ\nابوالفضل منگلی\n\n۱۱ نظر\n\n\n\n\nچرا ما شیعه ایم؟\nچرا شیعه رو قبول کردیم؟\nچرا رو دینمون موندیم؟\nچرا شیعه؟؟؟\n\n\n\n\n؟    یه سوال\n\n\n\n\n\n\n۴\n\n\n\n\n\n۰\n\n\n\n\nپنجشنبه,  ۴ تیر ۱۳۹۴، ۰۹:۲۲ ق.ظ\nابوالفضل منگلی\n\n۳۰ نظر\n\n\n\n\nکسی که این پست رو میخونه خواهشا بدون جستجو تو گوگل یا... جواب سوالمو بده.میخوام جواب ذهن خودتون رو بدونم نه جواب های دیگه...\n\nبه نظر تو آدمای نابیناا خواب میبینن؟؟؟\nاگه آره چرا؟؟اگه نه چرا؟؟؟\n\nمیخوام تو رو به چالش بکشم و از ذهنت کار بکشم:\\\nخواهشا بذا مغزت درگیر باشه تا تو نظرات همین پست\nیکی جواب درست و قانع کننده بده:/\n\n\n\n\nَــــــﺞ\n\n\n\n\n\n\n۲\n\n\n\n\n\n۰\n\n\n\n\nچهارشنبه,  ۳ تیر ۱۳۹۴، ۰۵:۴۰ ق.ظ\nابوالفضل منگلی\n\n۵ نظر\n\n\n\n\n\n\n\n\nﺩﺸﺐ ﻣﺎﺷﻦ ﺩﺧﺘﺮﺧﺎﻧﻤ ﺭﻭﺷﻦ ﻧﻤﺸﺪ ﻣﺎﻫﻢ ﻃ  ﺍﻗﺪﺍﻡ ﺧﺪﺍ\n ﺴﻨﺪﺍﻧﻪ ﺭﻓﺘﻢ ﻫﻮﻝ ﺩﺍﺩﻢ\n \n \n \n \n \n \n \n \n \n \n \n ﻣﺎﺷﻨﻮ ﺍﻧﺪﺍﺧﺖ ﺗﻮ ﺟﻮﺏ\n ﺎﺩﻩ ﺷﺪﻩ ﺩﺍﺩ ﻣﺰﻧﻪ ﺗﻘﺼﺮ ﺷﻤﺎ ﺑﻮﺩ ﺞ ﻫﻮﻝ ﺩﺍﺩﺪ\n ﻣﻔﻬﻤ ﺞ ﻫﻮﻝ ﺩﺍﺩﻢ !!!! َــــــــــــــــــــــــــــــــــــــــــــــــــــــــﺞ \n سنگین بزن ای اهل حرم میر و علمدار نیامد\n\n\n\n\nتا شقایق هست\n\n\n\n\n\n\n۲\n\n\n\n\n\n۰\n\n\n\n\nچهارشنبه,  ۳ تیر ۱۳۹۴، ۰۵:۳۰ ق.ظ\nابوالفضل منگلی\n\n۶ نظر\n\n\n\n\n\nلب آبیگیوه هارا کندم و نشستم،پاها در آب:\nو چه اندازه تنم هشیار است!\nنکند اندوهی ،سر رسد از پس کوه.چه کسی پشت درختان است؟ هیچ ،می چرد گاوی در کرد.\n\nظهر تابستان است.سایه ها می دانند ،که چه تابستانی است.سایه هایی بی لک،گوشه ای روشن و پاک،کودکان احساس!جای بازی اینجاست. زندگی خالی نیست:مهربانی هست ، سیب هست، ایمان هست.آریتا شقایق هست ، زندگی باید کرد.\n\n در دل من چیزی است ، مثل یک بیشه نورمثل خواب دم صبحو چنان بی تابم ، که دلم می خواهدبدوم تا ته دشت ، بروم تا سر کوهدور ها آوایی است که مرا میخواند.\"\n\n\n\n\n\n\n\nماچه :(\n\n\n\n\n\n\n۲\n\n\n\n\n\n۰\n\n\n\n\nچهارشنبه,  ۳ تیر ۱۳۹۴، ۰۳:۳۹ ق.ظ\nابوالفضل منگلی\n\n۳ نظر\n\n\n\n\n\nﺍﻣﺮﻭﺯ ﺭﻭﺯ ﺟﻬﺎﻧﻲ ﻣﺎﻪ \n \n \n \n \n \n \n \n \n .\n.\n.\n.\n.\n.\n.\n.\n.\n.\n.\n.\n.\nﻭﻟﻲ ﺑﻤﺎﻪ ㄟ(ツ)ㄏ\nوالااا....کسی که مارو نمیماچه\n\n\n\n\nاستاد یه کمکی کنید\n\n\n\n\n\n\n۲\n\n\n\n\n\n۰\n\n\n\n\nچهارشنبه,  ۳ تیر ۱۳۹۴، ۰۳:۲۷ ق.ظ\nابوالفضل منگلی\n\n۳ نظر\n\n\n\n\n\nداشتم امتحان میدادم یهو استادمون اومد! \n \nگفتم استاد تورو خدا یه کمکی کنید :| \n \nیه لبخند مرموز زد دس کرد تو جیبش یه پونصدی گذاشت رو برگم!!!!!!\n \n. \n \n. \n \n. \n \nدااااغونم کرداا\n\n\n\n\nبه احترامش سکوت\n\n\n\n\n\n\n۲\n\n\n\n\n\n۰\n\n\n\n\nچهارشنبه,  ۳ تیر ۱۳۹۴، ۰۳:۲۴ ق.ظ\nابوالفضل منگلی\n\n۲ نظر\n\n\n\n\n\nامروز از یه دختره پرسیدم از اینجا چطوری برم عمارت موسی خانی ؟\n\nبرگشته میگه باید سوال کنی !\n\nبهش میگم به نظرت الان دارم پنچرگیری میکنم !\n\nمیگه: از اولم فهمیدم میخوای شماره بدی !\n\n\n\n\nآمپول!\n\n\n\n\n\n\n۲\n\n\n\n\n\n۰\n\n\n\n\nچهارشنبه,  ۳ تیر ۱۳۹۴، ۰۳:۲۱ ق.ظ\nابوالفضل منگلی\n\n۲ نظر\n\n\n\n\n\nرفته بودم آمپول بزنم، یه دختره اومد آمپولمو بزنه،\nمعلوم بود تازه کاره!\nهمینجوری که سرنگو گرفته بود،\nلرزون لرزون اومد سمتم وگفت:\n“بسم الله الرحمن الرحیم”\nاز ترس گفتم:\n“اشهدان لااله الاالله”\nانقدرخندیدکه نتونست آمپول بزنه.\nبازم خدارو شکر یکی دیگه اومد زد!\n\n\n\n\nبعضی دخترا...\n\n\n\n\n\n\n۳\n\n\n\n\n\n۰\n\n\n\n\nچهارشنبه,  ۳ تیر ۱۳۹۴، ۰۳:۱۹ ق.ظ\nابوالفضل منگلی\n\n۵ نظر\n\n\n\n\n\nدختره مشروب میخوره.\nسیگار میکشه.\nعلف میزنه.\nلاتی حرف میزنه.\nبعد میگه چرا شوهر گیرم نمیاد!\n.\n.\n.\n.\n\n.\n.\n.\n.\nلوطی تو خودت شوهری :/\nبیا منو بگیر :|\n\n\n\n\nشکسپیر سلام الله علیه\n\n\n\n\n\n\n۲\n\n\n\n\n\n۰\n\n\n\n\nچهارشنبه,  ۳ تیر ۱۳۹۴، ۰۳:۱۸ ق.ظ\nابوالفضل منگلی\n\n۱ نظر\n\n\n\n\n\nمراحل زندگی شکسپیر\n \n \n \n \n \n \n \n \n \nشکس نوزاد\nشکس نونهال\nشکس نوجوان\nشکس جوان\nشکس میانسال\nشکسپیر\n \nاگه کاری ندارید من برم دانشگاه شریف سمینار دارم\n\n\n\n\nپسر خانوما :)\n\n\n\n\n\n\n۲\n\n\n\n\n\n۰\n\n\n\n\nچهارشنبه,  ۳ تیر ۱۳۹۴، ۰۳:۱۵ ق.ظ\nابوالفضل منگلی\n\n۸ نظر\n\n\n\n\n\nاین اقا پسرایی ک زیرابرو برمیدارن ،گوشواره میندازن،ناخن بلندمیکنن،مو مش میکنن\n \n.\n.\n.\n.\n.\n.\n.\n.،ماه رمضون 30 روز روزه میگیرن یا 23روز؟\n \nبله میدونم جمله سنگینى بود..\nاما تو کوه درد باش.\nطاقت بیارو مرد باش\n\n", "post_url_3": "http://pesare-ariyayi.blog.ir/1395/03/31/my-second-test-post", "post_title_3": "عنوان دومین مطلب آزمایشی من", "post_content_3": "این متن دومین مطلب آزمایشی من است که به زودی آن را حذف خواهم کرد.\nزکات علم، نشر آن است. هر وبلاگ می تواند پایگاهی برای نشر علم و دانش باشد. بهره برداری علمی از وبلاگ ها نقش بسزایی در تولید محتوای مفید فارسی در اینترنت خواهد داشت. انتشار جزوات و متون درسی، یافته های تحقیقی و مقالات علمی از جمله کاربردهای علمی قابل تصور برای ,بلاگ ها است. \nهمچنین وبلاگ نویسی یکی از موثرترین شیوه های نوین اطلاع رسانی است و در جهان کم نیستند وبلاگ هایی که با رسانه های رسمی خبری رقابت می کنند. در بعد کسب و کار نیز، روز به روز بر تعداد شرکت هایی که اطلاع رسانی محصولات، خدمات و رویدادهای خود را از طریق بلاگ انجام می دهند افزوده می شود. ", "post_url_4": "http://pesare-ariyayi.blog.ir/1395/03/31/my-first-test-post", "post_title_4": "عنوان اولین مطلب آزمایشی من", "post_content_4": "این متن اولین مطلب آزمایشی من است که به زودی آن را حذف خواهم کرد.\nمرد خردمند هنر پیشه را، عمر دو بایست در این روزگار، تا به یکی تجربه اندوختن، با دگری تجربه بردن به کار! \nاگر همه ما تجربیات مفید خود را در اختیار دیگران قرار دهیم همه خواهند توانست با انتخاب ها و تصمیم های درست تر، استفاده بهتری از وقت و عمر خود داشته باشند. \nهمچنین گاهی هدف از نوشتن ترویج نظرات و دیدگاه های شخصی نویسنده یا ابراز احساسات و عواطف اوست. برخی هم انتشار نظرات خود را فرصتی برای نقد و ارزیابی آن می دانند. البته بدیهی است کسانی که دیدگاه های خود را در قالب هنر بیان می کنند، تاثیر بیشتری بر محیط پیرامون خود می گذارند. ", "post_full_content_4": "\n", "post_full_content_3": "\n\nاین متن دومین مطلب آزمایشی من است که به زودی آن را حذف خواهم کرد.\nزکات علم، نشر آن است. هر وبلاگ می تواند پایگاهی برای نشر علم و دانش باشد. بهره برداری علمی از وبلاگ ها نقش بسزایی در تولید محتوای مفید فارسی در اینترنت خواهد داشت. انتشار جزوات و متون درسی، یافته های تحقیقی و مقالات علمی از جمله کاربردهای علمی قابل تصور برای ,بلاگ ها است. \nهمچنین وبلاگ نویسی یکی از موثرترین شیوه های نوین اطلاع رسانی است و در جهان کم نیستند وبلاگ هایی که با رسانه های رسمی خبری رقابت می کنند. در بعد کسب و کار نیز، روز به روز بر تعداد شرکت هایی که اطلاع رسانی محصولات، خدمات و رویدادهای خود را از طریق بلاگ انجام می دهند افزوده می شود. \n\n\n\n\n\n۹۵/۰۳/۳۱\n\n\n\n\nهادی زنجانی\n\n\n\n\nblog.ir\nبلاگ\nبلاگ بیان\nبیان\nوبلاگ\nوبلاگ نویسی\nوبلاگ نویسی حرفه ای\n\n\n", "post_full_content_2": "\n\n\nدلم خیلی پره بدجور هواشو کردم ی روزی منم عزیز دل کسی بودم ی روزی منم•••••••••••(๑╯ﻌ╰๑)\nبه سلامتی اون پیرمردی که وقتی‌ ازش پرسیدن عشق چیست گفت همونی که منو پیر کرد !\n☞Οηlγ☜\nپَـــنج نـَــخ پُشــــتِ هَــم سیگـــار میکِشَــم\nبِــه یـــادِ پَنـــج عَـــزیزِ اَز دَســت رَفتــِــه ▂\nقَلبَــــــــم\nروحَـــــــم\nاِحســــاسَـم\nبــــــــاوَرَم\nاِعتِمـــــادَم✘✘✘\n\n\n\nفک نکن درد ندارم... ولی...\n\n\n\n\n\n\n۰\n\n\n\n\n\n۰\n\n\n\n\nدوشنبه,  ۸ تیر ۱۳۹۴، ۰۶:۳۰ ب.ظ\nابوالفضل منگلی\n\n۳ نظر\n\n\n\n\n⇓⇑کـــســـے کــــه تـــمــام فـــکـــرش زیـــبــایـــے رنــگ رژ لـــبــشه⇑⇓\n✘تـــوان فـــهــمــیــدن درد دل یـــه مــــــرد رو نـــــــداره✘\n↻‌حــــرف مــــــــرد رو یـا یـــه مـــــرد مــیــفــهــمــه یــا دود ســــیــــگــــارش↺\n\n\n\n\nروزی که بهت نیاز داشتم کجا بودی؟\n\n\n\n\n\n\n۰\n\n\n\n\n\n۰\n\n\n\n\nدوشنبه,  ۸ تیر ۱۳۹۴، ۰۵:۵۰ ب.ظ\nابوالفضل منگلی\n\n۴ نظر\n\n\n\n\nبه  سلامتی روزی ک بهت خبر بدن امروز تشیع جنازشهتو هم جا بخوری.بیای ببینی تنم رو سنگ غسالخونست.میگی پاشو شوخی کردم باهات.بابا هر چی تو بگی.نکن این کارا رو.تو که میدونی من از این شوخیا بدم میاد.اما ببینی دارن میشورنم و منم تکون نمی خورم.ببینی کفنو می پیچن دورم.میگی دروغه,داری شوخی میکنی,اما بیای سر خاکم ببینی گذاشتنم تو قبر.میگی پاشو دیوونه✖باشه هر چی تو بخوای✖اما رو صورتمو باز میکنن✖چشام بستس✖سنگو میذارن روم✖خاک میریزن❗❗❗❗داد میزنی◾◾◾◾زندس دیوونه ها✖داره شوخی میکنه✖نریزید خاک ◾◾◾اما یکی بیاد دستو بگیره,بگه✖اون روزی که بهت نیاز داشت,کجا بودی⁉نه,شوخی نیست✖واقعیته◾◾◾آره,واقعیت ◾◾◾بزنی زیر گریه,اما دیگه کار از کار گذشته\n\n\n\n\nخوبم...\n\n\n\n\n\n\n۳\n\n\n\n\n\n۰\n\n\n\n\nدوشنبه,  ۸ تیر ۱۳۹۴، ۱۰:۴۶ ق.ظ\nابوالفضل منگلی\n\n۶ نظر\n\n\n\n\nﺩﺭﺩ ” ﺑﻌﻀﯽ ﺁﺩﻣﺎ ﺭﻭ ﻧﻤﯿﺸﻪ ﺩﯾﺪﻧﻪ ﮐﻪ ﻧﺸﻪ، ﺷﺎﯾﺪ ﺭﻭ ﻧﻤﯿﮑﻨﻦﺑﻪ ﺟﺎﯾﯽ ﻣﯿﺮﺳﻦ ﮐﻪ، ﺑﻪ ﯾﻪ ﭼﯿﺰﯼ ﭘﻨﺎﻩ ﻣﯿﺒﺮﻥﺑﻌﻀﯿﺎ ﺑﻪ ﮐﺎﺭ،ﺑﻌﻀﯽ ﺑﻪ ﺳﺎﺧﺘﻦ،ﺑﻌﻀﯿﺎ ﮐﺸﯿﺪﻥ،ﺑﻌﻀﯽ ﺑﻪ ﻧﻮﺷﺘﻦﻭ ﺑﻌﻀﯽ ﻫﻢ ﺑﻪ ﺧﻮﻧﺪﻥ …ﻫﻤﯿﻨﺎ ﻫﺴﺘﻦ ﮐﻪ ﻭﻗﺘﯽ ﺣﺎﻟﺸﻮﻧﻮ ﻣﯿﭙﺮﺳﯽ،ﻟﺒﺨﻨﺪ ﻣﯿﺰﻥ میگن “ﺧﻮﺑﻢ ” ، ﻣﻦ ﮐﻪ ﺧﻮﺑﻪ ﺧﻮﺑﻢ …ﺷﻤﺎ ﭼﻄﻮﺭﯾﺪ؟ …\n\n\n\n\n...\n\n\n\n\n\n\n۲\n\n\n\n\n\n۰\n\n\n\n\nدوشنبه,  ۸ تیر ۱۳۹۴، ۱۰:۲۴ ق.ظ\nابوالفضل منگلی\n\n۲ نظر\n\n\n\n\nبعضی وقتا...\nآدم به یه آرامش احتیاج داره...\nتا جسمشو روحش از هم نپاشه...\nحرفای هیشکی هم براش مهم نباشه...\nبه اندازه ی کافی کشیدم...\nنا ندارم دیگه بسمه...\n\n\n\n\nمردی\n\n\n\n\n\n\n۳\n\n\n\n\n\n۰\n\n\n\n\nیکشنبه,  ۷ تیر ۱۳۹۴، ۱۲:۴۰ ب.ظ\nابوالفضل منگلی\n\n۶ نظر\n\n\n\n\nدر آینه مردی دارد بغض می کند\nبیایید بغلش کنید\nپشتش را بمالید\nبه او بگویید همه چیز درست می شود\nدلش می خواهد کمی دروغ بشنود\nآینه را پایین تر نصب کنید\nگمانم دیگر به زانو در آمده\n\n\n\n\nبعضی وقتا...\n\n\nﻫﻤﯿـــــــــــــﺸﻪ ﺍﺯ ﯾﻪ ﺟﺎﯾﯽ ﺑﻪ ﺑﻌﺪ ﺁﺩﻣﺎ ﺩﺭ ﺟﻮﺍﺏ ﻫﻤﻪ ﭼﯽ ﻣﯿﮕﻦ : ﺑﯽ ﺧﯿﺎﻝ …ﻭﻗﺘﯽ ﺍﺯﺵ ﻣﯿﺮﺳﯽ: ﭼﺮﺍ ﺳﺮﺍﻏﯽ ﺍﺯ ﻣﻦ ﻧﻤﯿﮕﯿﺮﯼ؟ﻣﯿﮕـــــــﻪ : ﺑﯽ ﺧﯿﺎﻝ … وقت زیاده ﻣﯿﮕﯽ :ﭼﺮﺍ ﺗﻨﻬﺎﯾﯽ؟ﻣﯿﮕﻪ : ﻣﻘﺼﺪ ﺧﺎﮐﻪ ﺍﻣﺎ ﻏﻢ ﻭ ﻏﺼﻪ ﻫﺎﺷﻮ ﭘﺸﺖ ﻧﻘﺎﺏ ﺑﯽ ﺗﻔﺎﻭﺗﯿﺎﺵ ﻗﺎﯾﻢ ﻣﯿﮑﻨﻪ …ﻣﯿﺴﻮﺯﻩ … ﻭﻟﯽ ﻣﯿﮕﻪ ﺑـــــــﯽ ﺧﯿـــــﺎﻝ ﻋﺎﺷﻘﻪ … ﻭﻟﯽ ﻣﯿﮕﻪ ﺑـــــــﯽ ﺧــــــﯿﺎﻝ ﯾﻪ ﺭﻭﺯ ﻣﯿﺎﺩ ﻭ ﺑﻪ ﺯﻭﺭ ﺍﺯﺕ ﺣﻼﻟﯿﺖ ﻣﯿﻄﻠﺒﻪﻣﯿﭙﺮﺳﯽ : ﭼﺮﺍ؟ﻣﯿﮕﻪ : ﺁﺩﻡ ﮐﻪ ﺍﺯ ﻓـــــﺮﺩﺍﺵ ﺧﺒﺮ ﻧﺪﺍﺭﻩ …ﺑﺮﯾﺪﻩ … ﻭﻟﯽ ﻣﯿﮕﻪ ﺑﯿﺨﯿﺎﻝ ﺗﺎ ﺣﻼﻟﺶ ﻧﮑﻨﯽ ﺩﺳﺖ ﺍﺯ ﺳﺮﺕ ﺑﺮﻧﻤﯿﺪﺍﺭﻩ ﻭ ﺗﻮ ﺗﻮ ﺩﻟﺖ ﻣﯿﮕﯽ“ﺁﺧﻪ ﺗﻮ ﮐﻪ ﺟﺰ ﺧﻮﺑﯽ ﮐﺎﺭﯼ ﻧﮑﺮﺩﯼ . ﺍﯾﻦ ﺗﻮﯾﯽ ﮐﻪ ﺑﺎﯾﺪ ﻣﻨﻮ ﺣﻼﻝ ﮐﻨﯽ ”ﺍﯾﻦ ﺟﻮﺭ ﺁﺩﻣﺎ درد دارن ...\nخیانت ﺩﯾﺪﻥ ...\n\n\n\n\n\nدرد بی درمون\n\n\n\n\n\n\n۱\n\n\n\n\n\n۰\n\n\n\n\nشنبه,  ۶ تیر ۱۳۹۴، ۱۱:۴۶ ب.ظ\nابوالفضل منگلی\n\n۴ نظر\n\n\n\n\nیه وقتایی،یه حرفایی،چنان آتیشت میزنهکه دوست داری فریاد بزنی،ولی نمیتونیدوست داری اشک بریزی،ولی نمیتونیحتی دیگه نفس کشیدنم برات سخت میشهتمام وجودت میشه بغضی که نمیترکهبه این میگن“درد بی درمون”\n\n\n\n\nحروف آخر زندگی من\n\n\nگاهی با خود می اندیشمکه انسان ها حقیقتاً در غم ِ یکدیگر سهیم هستند ؟در می یابم که هیچ کسبراستینمی تواند در اندوه ِ کسی شریک شودو هیچ کسحاضر نیست شادی اش را با کسی تقسیم کندو تظاهرجنینِ میلیون ساله ایست که در رحم ِ دنیایمانمُدام لگد می پراند\n\n\n\n\nخیلی سخته...\n\n\n\n\n\n\n۲\n\n\n\n\n\n۰\n\n\n\n\nشنبه,  ۶ تیر ۱۳۹۴، ۱۱:۳۰ ب.ظ\nابوالفضل منگلی\n\n۴ نظر\n\n\n\n\nخیلی سخته حالت اینقد بد باشه که حتی نتونی به دیگران توضیحش بدی...\nخیلی سخته دردت اینقد بزرگ باشه که کمرت زیرش بشکنه اما اطرافیات اینقد کوچک میپندارنش که از شکایت کردنت هم دلخور میشن...\nاگه گله کردم،اگه شکایت کردم،اگه خسته شدم و اگه بریدم بخدا دردم کم نیست...\nقد من فقط برام راه میره...\nقد من خیلی خم تر از چیزیه که هست...\nقد من خم شد چون خیلی بد پشت پا خوردم...\nقد من محکم ترین چیزی بود ک داشتم...\nخمش کرد دردم...\nاز کمرم استقامت دار تر نداشتم...\nشکست...\nاز دلم با حوصله تر نداشتم...\nپر خون شد...\n\nدل استــ دیگر خسته میشود …بی حوصله میشــود …از روزگار از آدمـــــــها از خــودشـــــاز این قابــها , از اثباتــ , از تـــــوضیــحاز کلماتــــی که رابـــطه ها را به گند میکشـــد\n\nکاش حداقل 1نفر رو داشتم بهش توضیح بدم...\nکاش 1نفر رو داشتم درکم کنه...\nتو دنیام از تو مهربونتر کسی رو نداشتم،تو که مهربون بودی این شد نتیجه...\nبقیه که...\n\n\nبالاتر از سیاهی هم “رنگ” هست …مثل رنگ این روزهای من ...\n\n\n\n\nبه سن تکلیف رسیدی یا نه؟\n\n\n\n\n\n\n۳\n\n\n\n\n\n۰\n\n\n\n\nجمعه,  ۵ تیر ۱۳۹۴، ۰۱:۳۵ ق.ظ\nابوالفضل منگلی\n\n۴ نظر\n\n\n\n\nترس از پرداخت پول بابت یه رساله؟\nآیا به سن تکلیف رسیدی؟\nآیا مرجع تقلید انتخاب کردی؟\nآیا اگه یه سر به دستورات دین بزنیم بده؟\nآیا از وقت تلف کردنای بی هدف روزانه خسته نشدیم؟؟\n\n\nدانلود فایل پی دی اف آندروید و ویندوز(کامپیوتر) رساله آیت الله بهجت بصورت رایگان\nامید که شده یک نفر به زندگیش سامون داده بشه\n\nدریافت\n\nنرم افزار خواندن فایل پی دی اف برای اندروید\nدریافت\n\n\n\n\nهمستر:(\n\n\n\n\n\n\n۲\n\n\n\n\n\n۰\n\n\n\n\nجمعه,  ۵ تیر ۱۳۹۴، ۰۱:۲۵ ق.ظ\nابوالفضل منگلی\n\n۱۴ نظر\n\n\n\n\nسلام\nملت شانس دارن منم شانس دارم :(\nملت همستر دارن منم...\n\n\nمتاسفانه چند روز پیش در یک عملیات انتحاری گربه دوتا همستر از منو دوستم خورد :(\nیکی رو هم فلج انداخته رو دستمون :(\nنه اینکه فلجا،نفله شده :(\n\nبرا شادی روحشون:( فاتحه :(\nسپس دعا برای خرید دو جفت جدید :( :( :(\nاز ته دلت عمیقا نفرین بفرست به هرچی گربه تو دنیا هست :(\n\n\n\n\nانگیزشی\n\n\n\n\n\n\n۱\n\n\n\n\n\n۰\n\n\n\n\nجمعه,  ۵ تیر ۱۳۹۴، ۰۱:۲۰ ق.ظ\nابوالفضل منگلی\n\n۱ نظر\n\n\n\n\nدوستان این کلیپو حتما دانلود کنید و\nنظرتون رو راجبش بهم بگید\n\nامیدوارم خوشتون بیاد :)\n\nدریافت\n\n\n\n\n\n\nعشقم؟؟؟\n\n\n\n\n\n\n۲\n\n\n\n\n\n۰\n\n\n\n\nجمعه,  ۵ تیر ۱۳۹۴، ۰۱:۰۴ ق.ظ\nابوالفضل منگلی\n\n۳ نظر\n\n\n\n\n\n\n\n\nمن میگم عششششششششششقم؟؟؟..شماها بگین جووووونم\n\n\nالکی مثلن.بذارید حال کنم خداییعروسیتون جبران میکنم..عشقمممممممممممم؟؟؟؟؟؟بگید دیگه :-((((\n\n\n\n\n\nعشق\n\n\n\n\n\n\n۲\n\n\n\n\n\n۰\n\n\n\n\nجمعه,  ۵ تیر ۱۳۹۴، ۰۱:۰۱ ق.ظ\nابوالفضل منگلی\n\n۱ نظر\n\n\n\n\n\nعشق چیست؟\nنمیدونین؟\nخب نگرانی نداره که من اینجا هستم که براتون توضیح بدم\n.\n.\n.\n.\n.\n.\n.\nعشق منمــــــ\nحرف هم نباشه که با پشت دست ازتون استقبال میکنم\n\n\n\n\nقصاب :/ جیگر :\\\n\n\n\n\n\n\n۳\n\n\n\n\n\n۰\n\n\n\n\nپنجشنبه,  ۴ تیر ۱۳۹۴، ۰۶:۲۱ ب.ظ\nابوالفضل منگلی\n\n۸ نظر\n\n\n\n\nدختره رفته قصابی گفته؛آقاجگر دارید؟\n.\nقصاب گفته جیگر سفید یا سیاه؟\n.\nدختره گفته: رنگ های دیگه کی میارید؟!\n.\nمیگن قصاب پشم گوسفند و انداخته رو خودش فقط می گه بع بع\n\n\n\n\n؟  یه سوال  ؟\n\n\n\n\n\n\n۲\n\n\n\n\n\n۰\n\n\n\n\nپنجشنبه,  ۴ تیر ۱۳۹۴، ۰۱:۵۳ ب.ظ\nابوالفضل منگلی\n\n۱۱ نظر\n\n\n\n\nچرا ما شیعه ایم؟\nچرا شیعه رو قبول کردیم؟\nچرا رو دینمون موندیم؟\nچرا شیعه؟؟؟\n\n\n\n\n؟    یه سوال\n\n\n\n\n\n\n۴\n\n\n\n\n\n۰\n\n\n\n\nپنجشنبه,  ۴ تیر ۱۳۹۴، ۰۹:۲۲ ق.ظ\nابوالفضل منگلی\n\n۳۰ نظر\n\n\n\n\nکسی که این پست رو میخونه خواهشا بدون جستجو تو گوگل یا... جواب سوالمو بده.میخوام جواب ذهن خودتون رو بدونم نه جواب های دیگه...\n\nبه نظر تو آدمای نابیناا خواب میبینن؟؟؟\nاگه آره چرا؟؟اگه نه چرا؟؟؟\n\nمیخوام تو رو به چالش بکشم و از ذهنت کار بکشم:\\\nخواهشا بذا مغزت درگیر باشه تا تو نظرات همین پست\nیکی جواب درست و قانع کننده بده:/\n\n\n\n\nﮐَــــــﺞ\n\n\n\n\n\n\n۲\n\n\n\n\n\n۰\n\n\n\n\nچهارشنبه,  ۳ تیر ۱۳۹۴، ۰۵:۴۰ ق.ظ\nابوالفضل منگلی\n\n۵ نظر\n\n\n\n\n\n\n\n\nﺩﯾﺸﺐ ﻣﺎﺷﯿﻦ ﺩﺧﺘﺮﺧﺎﻧﻤﯽ ﺭﻭﺷﻦ ﻧﻤﯿﺸﺪ ﻣﺎﻫﻢ ﻃﯽ ﯾﮏ ﺍﻗﺪﺍﻡ ﺧﺪﺍ\n ﭘﺴﻨﺪﺍﻧﻪ ﺭﻓﺘﯿﻢ ﻫﻮﻝ ﺩﺍﺩﯾﻢ\n \n \n \n \n \n \n \n \n \n \n \n ﻣﺎﺷﯿﻨﻮ ﺍﻧﺪﺍﺧﺖ ﺗﻮ ﺟﻮﺏ\n ﭘﯿﺎﺩﻩ ﺷﺪﻩ ﺩﺍﺩ ﻣﯿﺰﻧﻪ ﺗﻘﺼﯿﺮ ﺷﻤﺎ ﺑﻮﺩ ﮐﺞ ﻫﻮﻝ ﺩﺍﺩﯾﺪ\n ﻣﯿﻔﻬﻤﯽ ﮐﺞ ﻫﻮﻝ ﺩﺍﺩﯾﻢ !!!! ﮐَــــــــــــــــــــــــــــــــــــــــــــــــــــــــﺞ \n سنگین بزن ای اهل حرم میر و علمدار نیامد\n\n\n\n\nتا شقایق هست\n\n\n\n\n\n\n۲\n\n\n\n\n\n۰\n\n\n\n\nچهارشنبه,  ۳ تیر ۱۳۹۴، ۰۵:۳۰ ق.ظ\nابوالفضل منگلی\n\n۶ نظر\n\n\n\n\n\nلب آبیگیوه هارا کندم و نشستم،پاها در آب:\nو چه اندازه تنم هشیار است!\nنکند اندوهی ،سر رسد از پس کوه.چه کسی پشت درختان است؟ هیچ ،می چرد گاوی در کرد.\n\nظهر تابستان است.سایه ها می دانند ،که چه تابستانی است.سایه هایی بی لک،گوشه ای روشن و پاک،کودکان احساس!جای بازی اینجاست. زندگی خالی نیست:مهربانی هست ، سیب هست، ایمان هست.آریتا شقایق هست ، زندگی باید کرد.\n\n در دل من چیزی است ، مثل یک بیشه نورمثل خواب دم صبحو چنان بی تابم ، که دلم می خواهدبدوم تا ته دشت ، بروم تا سر کوهدور ها آوایی است که مرا میخواند.\"\n\n\n\n\n\n\n\nماچه :(\n\n\n\n\n\n\n۲\n\n\n\n\n\n۰\n\n\n\n\nچهارشنبه,  ۳ تیر ۱۳۹۴، ۰۳:۳۹ ق.ظ\nابوالفضل منگلی\n\n۳ نظر\n\n\n\n\n\nﺍﻣﺮﻭﺯ ﺭﻭﺯ ﺟﻬﺎﻧﻲ ﻣﺎﭼﻪ 💋\n \n \n \n \n \n \n \n \n .\n.\n.\n.\n.\n.\n.\n.\n.\n.\n.\n.\n.\nﻭﻟﻲ ﺑﻤﺎﭼﻪ ㄟ(ツ)ㄏ\nوالااا....کسی که مارو نمیماچه\n\n\n\n\nاستاد یه کمکی کنید\n\n\n\n\n\n\n۲\n\n\n\n\n\n۰\n\n\n\n\nچهارشنبه,  ۳ تیر ۱۳۹۴، ۰۳:۲۷ ق.ظ\nابوالفضل منگلی\n\n۳ نظر\n\n\n\n\n\nداشتم امتحان میدادم یهو استادمون اومد! \n \nگفتم استاد تورو خدا یه کمکی کنید :| \n \nیه لبخند مرموز زد دس کرد تو جیبش یه پونصدی گذاشت رو برگم!!!!!!\n \n. \n \n. \n \n. \n \nدااااغونم کرداا\n\n\n\n\nبه احترامش سکوت\n\n\n\n\n\n\n۲\n\n\n\n\n\n۰\n\n\n\n\nچهارشنبه,  ۳ تیر ۱۳۹۴، ۰۳:۲۴ ق.ظ\nابوالفضل منگلی\n\n۲ نظر\n\n\n\n\n\nامروز از یه دختره پرسیدم از اینجا چطوری برم عمارت موسی خانی ؟\n\nبرگشته میگه باید سوال کنی !\n\nبهش میگم به نظرت الان دارم پنچرگیری میکنم !\n\nمیگه: از اولم فهمیدم میخوای شماره بدی !\n\n\n\n\nآمپول!\n\n\n\n\n\n\n۲\n\n\n\n\n\n۰\n\n\n\n\nچهارشنبه,  ۳ تیر ۱۳۹۴، ۰۳:۲۱ ق.ظ\nابوالفضل منگلی\n\n۲ نظر\n\n\n\n\n\nرفته بودم آمپول بزنم، یه دختره اومد آمپولمو بزنه،\nمعلوم بود تازه کاره!\nهمینجوری که سرنگو گرفته بود،\nلرزون لرزون اومد سمتم وگفت:\n“بسم الله الرحمن الرحیم”\nاز ترس گفتم:\n“اشهدان لااله الاالله”\nانقدرخندیدکه نتونست آمپول بزنه.\nبازم خدارو شکر یکی دیگه اومد زد!\n\n\n\n\nبعضی دخترا...\n\n\n\n\n\n\n۳\n\n\n\n\n\n۰\n\n\n\n\nچهارشنبه,  ۳ تیر ۱۳۹۴، ۰۳:۱۹ ق.ظ\nابوالفضل منگلی\n\n۵ نظر\n\n\n\n\n\nدختره مشروب میخوره.\nسیگار میکشه.\nعلف میزنه.\nلاتی حرف میزنه.\nبعد میگه چرا شوهر گیرم نمیاد!\n.\n.\n.\n.\n\n.\n.\n.\n.\nلوطی تو خودت شوهری :/\nبیا منو بگیر :|\n\n\n\n\nشکسپیر سلام الله علیه\n"}