{"type": "blog", "blog_name": "خانـــــه کنکــــــور تجـــــــربی", "blog_url": "http://1book.blog.ir/", "post_url_1": "http://1book.blog.ir/1395/07/29/%D8%A7%D8%B9%D9%84%D8%A7%D9%85%DB%8C%D9%87", "post_title_1": "اطلاعیه", "post_content_1": "این وبلاگ واگذار می شود \nمیتونید ایمیل بزنید \nاز طریق تماس با ما", "post_url_2": "http://1book.blog.ir/1394/07/14/%D8%A7%D8%B7%D9%84%D8%A7%D8%B9%DB%8C%D9%87", "post_title_2": "اطلاعیه", "post_content_2": "این سایت تا تاریخ  1395/04/25 بروزرسانی نمیشود در صورت لزوم میتونید ایمیل بزنید majidazizi06@gmail.com ", "post_url_3": "http://1book.blog.ir/1394/04/30/%DA%AF%D9%81%D8%AA%DA%AF%D9%88-%D8%A8%D8%A7-%D8%B1%D8%AA%D8%A8%D9%87-1-%DA%A9%D9%86%DA%A9%D9%88%D8%B1-%D8%AA%D8%AC%D8%B1%D8%A8%DB%8C-94", "post_title_3": "گفتگو با رتبه ۱ کنکور تجربی ۹۴", "post_content_3": "\nرتبه ۱ کنکور تجربی ۹۴\nخودتان را معرفی کنید؟\nسارا همتی هستم از مدرسه فرزانگان شهر تبریز.\nدر مورد برنامه مطالعه‌ی خود در تابستان پارسال برای دانش‌آموزانی که امسال در مقطع پیش هستند، توضیح دهید؟\nریاضیات پیش دانشگاهی را در تابستان همراه با مدرسه \nخواندم و در آزمون ها ارزیابی می‌کردم. اما در سایر دروس پایه ی دوم را در \nآزمون ها پاسخ می داد .\nادامه مطلب", "post_url_4": "http://1book.blog.ir/1394/03/24/%D8%AF%D8%B1%DB%8C%D8%A7%D9%81%D8%AA%20%D8%AF%D9%81%D8%AA%D8%B1%DA%86%D9%87%20%D8%B3%D9%88%D8%A7%D9%84%D8%A7%D8%AA%20%D8%A2%D8%B2%D9%85%D9%88%D9%86%20%D8%B3%D8%B1%D8%A7%D8%B3%D8%B1%DB%8C%20%D8%B3%D8%A7%D9%84%201394", "post_title_4": "دریافت دفترچه سوالات آزمون سراسری سال 1394", "post_content_4": "\n\n\n\nسوالات گروه آزمایشی علوم ریاضی و فنی (ساعت 14:30 روز پنج شنبه مورخ 1394/3/21)\nدفترچه عمومی\nدفترچه فرهنگ و معارف اقلیت های دینیو زبان های خارجی غیر انگلیسی\nدفترچه اختصاصی\n\n\n2\nسوالات گروه آزمایشی علوم انسانی(ساعت 14:30 روز پنج شنبه مورخ 1394/3/21)\nدفترچه عمومی\nدفترچه فرهنگ و معارف اقلیت های دینیو زبان های خارجی غیر انگلیسی\nدفترچه اختصاصی   \n دفترچه اصول و عقاید فقه\n\n\n3\nسوالات گروه آزمایشی هنر (ساعت 21:30 روز پنج شنبه مورخ 1394/3/21)\nدفترچه عمومی\nدفترچه فرهنگ و معارف اقلیت های دینیو زبان های خارجی غیر انگلیسی\nدفترچه اختصاصی\n \n\n\n4\nسوالات گروه آزمایشی علوم تجربی (ساعت 14:30 روز جمعه مورخ 1394/3/22)\nدفترچه عمومی\nدفترچه فرهنگ و معارف اقلیت های دینیو زبان های خارجی غیر انگلیسی\n\nدفترچه اختصاصی \nدفترچه بهیاری \n\n\n5\nسوالات گروه آزمایشی زبانهای خارجی (ساعت 20:30 روزجمعه مورخ 1394/3/22)\nدفترچه عمومی\nدفترچه فرهنگ و معارف اقلیت های دینیو زبان های خارجی غیر انگلیسی\nدفترچه اختصاصی زبان انگلیسی\nدفترچه اختصاصی زبان آلمانی و فرانسه\n\n\n6\n سوالات خارج از کشور(ساعت 12:00 روز شنبه 1394/3/23)\nدفترچه عمومی\nدفترچه اختصاصیگروه آزمایشی علوم انسانی\nدفترچه اختصاصیگروه آزمایشی علوم تجربی\nدفترچه اختصاصیگروه آزمایشی علوم ریاضی\nدفترچه اختصاصیگروه آزمایشی هنر\n\n\nدفترچه اختصاصیگروه آزمایشی زبان\n\nدفترچه فرهنگ و معارف اقلیتهای دینی\nو زبانهای خارجی غیرانگلیسی\n\nدفترچه علوم انسانی (اصول عقاید و فقه)\nدفترچه علوم تجربی (بهیاری)\n دفترچه اختصاصی زبان آلمانی و فرانسه\n\n\n\n\nبرای دانلود پاسخ نامه کلیک کنید\n\n\n\n\n\n", "post_url_5": "http://1book.blog.ir/1394/02/16/%D8%AA%D8%B3%D8%AA-%D8%AC%D9%85%D8%B9-%D8%A8%D9%86%D8%AF%DB%8C-%D8%B2%DB%8C%D8%B3%D8%AA-%D8%B3%D8%A7%D9%84-%D8%AF%D9%88%D9%85-%D8%AF%D8%A8%DB%8C%D8%B1%D8%B3%D8%AA%D8%A7%D9%86", "post_title_5": "تست جمع بندی زیست سال دوم دبیرستان", "post_content_5": "\nیه جمع بندی کامل واسه دوره و مرور کامل و عالی اگه خوشتون  اومد نظرو فراموش نکنید!!!\n\nادامه مطلب", "post_full_content_3": "", "post_full_content_4": "", "post_full_content_2": "", "post_full_content_5": "", "post_full_content_1": ""}