{"type": "blog", "blog_name": "^_^ جوجه دانشجو ^_^", "blog_url": "http://7lovely.blog.ir/", "post_url_1": "http://7lovely.blog.ir/1394/12/26/%D8%AF%D9%88%D8%B1-%D9%87%D9%85%DB%8C", "post_title_1": "دور همی", "post_content_1": "سلام\nاین پست کاملا خودمونیه اگر دوست داشتید بخونید\nاحتمال داره بخوام از بلاگ بیان کوچ کنم ...\nاگر خواستم کوچ کنم میرم افسران...\nوب نویسی وقت زیادی می بره به خصوص که وبی مخاطب های خوبی مثل شما داشته باشه و اینکه دلم نمیاد نظرات شما را بی پاسخ بذارم...\nخلاصه اش کنم راه های ارتباطی را زیر همین عکس گذاشتم...\n\nممنون و موفق باشید\n\n\n\n\nبعدا نوشت :\nهم اینستاگرام دارم و هم تلگرام\nراستی آی دی اینستاگرامم عوض شد\nPHDMMRH", "post_url_2": "http://7lovely.blog.ir/1394/12/26/%D8%AD%D8%B1%D9%81-%D8%B1%D9%81%D8%AA%D9%86-%D9%85%D8%B2%D9%86-%D8%A7%DB%8C-%DB%8C%D8%A7%D8%B1", "post_title_2": "حرف رفتن مزن ای یار", "post_content_2": "\n\nحرف رفتن مزن ای عشق ز غم میمیرم", "post_url_3": "http://7lovely.blog.ir/1394/11/15/%D9%87%D9%86%D9%88%D8%B2-%D8%A8%D8%A7%DA%A9%D8%B1%DB%8C-%D9%87%D8%B3%D8%AA-%D9%87%D9%86%D9%88%D8%B2-%DA%86%D9%85%D8%B1%D8%A7%D9%86-%D9%88-%D8%A2%D9%88%DB%8C%D9%86%DB%8C-%D9%87%D8%B3%D8%AA", "post_title_3": "هنوز باکری هست هنوز چمران و آوینی هست", "post_content_3": "\nاین پست ویژه ی سپاس گزاری از بچه های عزیز و با مرامیه که :1- در اقدامی عالی و به موقع با کمک خداوند سربازان یا همون کماندوهای آمریکایی رو دستگیر کردند و نشون دادند بهتره برن سراغ همون هالیوود و اونجا ادعا کنن\n\n2- اون عزیزانی که با کف دست گرفتن جونشون ( اعم از ایرانی ، لبنانی ، افغانی و سوری ) شهر های الزهرا و نبل را رفع حصر کردند و نه تنها دل شیعیان این دو شهر بلکه دل کل شیعیان دنیا رو شاد کردند.تبریک میگم تبریک میگم\nتبریک میگم تبریک میگم\nتبریک میگم تبریک میگم\n\n\n\n\n\n", "post_url_4": "http://7lovely.blog.ir/1394/11/12/%D9%88%D8%B3%D8%B7-%DA%AF%D9%88%D8%AF-%D8%A8%D8%A7-%D8%AD%D8%A7%D8%AC-%D8%A2%D9%82%D8%A7-%D8%A7%DB%8C%D9%86%D8%A7", "post_title_4": "وسط گود با حاج آقا اینا", "post_content_4": "سلام\nانصافا نمی شد آدم ساکت بمونه و باید گفت :\n\n\n1- حمید رسایی، نماینده مجلس، در تلگرام \nخود نوشت: نگاه اول: هاشمی رفسنجانی در سال 68 در حالی که ریاست دوره سوم \nمجلس را به عهده داشت، کاندیدای پنجمین دوره انتخابات ریاست جمهوری شد. در \nاین انتخابات، جمعا 79 نفر ثبت نام کردند که شورای نگهبان فقط صلاحیت هاشمی\n را تایید کرد و برای اینکه هاشمی بدون رقیب نباشد، صلاحیت عباس شیبانی را \nنیز تایید شد. یعنی 77 نفر ردصلاحیت شدند و هاشمی هیچ اعتراضی نداشت! همه \nمی دانستند که شیبانی، رقیب تزیینی هاشمی است، برای همین هاشمی با 94 درصد \nآرا (15/550/528 رای) رییس جمهور شد.نگاه\n دوم: امروز اما بر خلاف سال 68 که هاشمی هیچ اعتراضی به رد صلاحیت ها \nنداشت، رفسنجانی در صف اول معترضین به رد صلاحیت ها قرار دارد تا جایی که \nرسانه تلگرامی منتسب به پایگاه اطلاع رسانی هاشمی، علیرغم تایید صلاحیت \n4720 و رد صلاحیت 6753 کاندیدا در آخرین پست کانال تلگرامش در اعتراض به رد\n صلاحیت ها نوشته است: “اگر اسب‌ها اجازه مسابقه نداشته باشند، هر قاطری به\n خط پایان خواهد رسید!\"نگاه سوم: آیا تعبیری که رسانه هاشمی بکار \nبرده، فقط درباره این انتخابات صادق است یا آنها حاضر به تعمیم این جمله، \nدرباره پنجمین انتخابات ریاست جمهوری در سال 68 هم هستند؟!\n2- و دوباره حاج آقا در نطقی در فرودگاه مهرآباد گفت : \" صلاحیت شخصیتی که شبیه به جدش امام (ره) است را تایید نکردند.\"وی در خطاب به شورای نگهبان ادامه داد: «شما صلاحیت خود را از کجا آوردید؟ \nچه کسی به شما اجازه داده قضاوت کنید ؟ چه کسی تریبون نماز جمعه و صدا و \nسیما را به شما داده است؟» (http://fereydanna.ir/47215 )که در جواب باید گفت :بسمه تعالی\nبا تشکر وافر از زحمات ارزندۀ حضرات فقهای محترم شورای نگهبان ـ دامت \nبرکاتهم ـ چون ادامۀ این خدمت بزرگ به اسلام و جمهوری اسلامی امری ضروری \nاست و حضرات فقهای محترم مذکور در متن  [آقایان حاج آقا لطف‏ اللّه‏ صافی و\n حاج شیخ احمد جنتی و حاج شیخ ابوالقاسم خزعلی] لیاقت و تعهدشان محرز است، و\n در مدت طولانی این خدمت آشنایی وافر به مسائل جاریه دارند، برای دورۀ جدید\n نیز خود حضرات حجج اسلام: آقای حاج آقا لطف ‏اللّه‏ صافی و آقای حاج شیخ \nاحمد جنتی و آقای حاج شیخ ابوالقاسم خزعلی ـ ایّدهم اللّه‏ تعالی ـ را به \nعضویت در شورای محترم نگهبان منصوب نمودم. از خداوند تعالی مزید توفیق آنان\n را در این خدمت خواهانم.\nتاریخ ۲۲ خرداد ۶۵ / ۴ شوال ۱۴۰۶\nروح ‏اللّه‏ الموسوی الخمینی\nهمچنین حضرت امام خمینی (ره) در تاریخ ۱۳۶۷/۰۴/۰۴ در نامه ای جداگانه \nخطاب به عضو کنونی شورای محترم نگهبان آیت الله حاج شیخ محمد یزدی می \nفرمایند:\nبسم اللّه ‏الرحمن الرحیم\nجناب حجت الاسلام آقای حاج شیخ محمد یزدی ـ دامت افاضاته\nبا تقدیر از زحمات صادقانۀ جناب حجت الاسلام آقای صافی ـ دامت افاضاته ـ\n طبق اصل ۹۱ قانون اساسی، جنابعالی را که از افراد متدین مورد وثوق و درد \nآشنای اسلام و انقلاب می‏باشید، به عنوان یکی از فقهای شورای نگهبان منصوب \nمی‏نمایم. توفیق بیشتر شما را در راه تأیید قوانین مورد رضایت خداوند و در \nجهت کمک به مستضعفین و محرومین جامعۀ اسلامی ایران خواستارم. والسلام علیکم\n و رحمه‏اللّه‏ و برکاته.\nروح ‏اللّه‏ الموسوی الخمینی\n\n\n", "post_url_5": "http://7lovely.blog.ir/1394/11/12/%D8%A8%D9%87-%D8%AC%D8%B2-%D8%AA%D9%88-%D8%A7%D8%B2-%DA%A9%D8%B3%DB%8C-%D8%AE%DB%8C%D8%B1%DB%8C-%D9%86%D8%AF%DB%8C%D8%AF%D9%85", "post_title_5": "به جز تو از کسی خیری ندیدم", "post_content_5": "\nما را غم دوری حرم بسما را غم دور افتادن از شهدا بسما را همیشه عزاداری بهر تو بسما را همیشه مشکی پوشیدن به عشق تو بس...\nمیخوام این پست رو کاملا دور از میدان سیاست بذارم ... از بس که روزانه اخبار خوندیم و دیدیم و تحلیل کردیم ( دور از جونتون) دیوونه شدیمتو این چند روز اخیر پای سخنرانی بزرگانی چون دکتر حسن عباسی ، حجت الاسلام رسایی ( نماینده مجلس ) ، دکتر رحیم پور ازغدی و حجت الاسلام محمدیان نشستم و لذت بردم از سخنرانی این بزرگان ... و جای شما خالی نایب الزیاره ی شما بودیم مشهد آقا امام رضا علیه الاسلامبریم سر اصل مطلب ...این چند وقته هر موقع دلم گرفته و رفتم سراغ آهنگ بهتر نشدم که هیچ تازه تا مرز دغ کردن پیش رفتم ... و به این رسیدم که هیچی مثل مداحی و قرآن آرومم نمی کنه ... به خصوص قرآنی که با صوت احمد سعود باشه یا مداحی ای که آدم رو ببره تو خود حرم ... خلاصه بگم یا حسین علیه الاسلام غیر از تو خیری از کسی ندیدیم\n\n\n", "post_full_content_5": "\nبه جز تو از کسی خیری ندیدم\n\n\n\n\nما را غم دوری حرم بسما را غم دور افتادن از شهدا بسما را همیشه عزاداری بهر تو بسما را همیشه مشکی پوشیدن به عشق تو بس...\nمیخوام این پست رو کاملا دور از میدان سیاست بذارم ... از بس که روزانه اخبار خوندیم و دیدیم و تحلیل کردیم ( دور از جونتون) دیوونه شدیمتو این چند روز اخیر پای سخنرانی بزرگانی چون دکتر حسن عباسی ، حجت الاسلام رسایی ( نماینده مجلس ) ، دکتر رحیم پور ازغدی و حجت الاسلام محمدیان نشستم و لذت بردم از سخنرانی این بزرگان ... و جای شما خالی نایب الزیاره ی شما بودیم مشهد آقا امام رضا علیه الاسلامبریم سر اصل مطلب ...این چند وقته هر موقع دلم گرفته و رفتم سراغ آهنگ بهتر نشدم که هیچ تازه تا مرز دغ کردن پیش رفتم ... و به این رسیدم که هیچی مثل مداحی و قرآن آرومم نمی کنه ... به خصوص قرآنی که با صوت احمد سعود باشه یا مداحی ای که آدم رو ببره تو خود حرم ... خلاصه بگم یا حسین علیه الاسلام غیر از تو خیری از کسی ندیدیم\n\n\n\n\n", "post_full_content_3": "\nهنوز باکری هست هنوز چمران و آوینی هست\n\n\n\n\nاین پست ویژه ی سپاس گزاری از بچه های عزیز و با مرامیه که :1- در اقدامی عالی و به موقع با کمک خداوند سربازان یا همون کماندوهای آمریکایی رو دستگیر کردند و نشون دادند بهتره برن سراغ همون هالیوود و اونجا ادعا کنن\n\n2- اون عزیزانی که با کف دست گرفتن جونشون ( اعم از ایرانی ، لبنانی ، افغانی و سوری ) شهر های الزهرا و نبل را رفع حصر کردند و نه تنها دل شیعیان این دو شهر بلکه دل کل شیعیان دنیا رو شاد کردند.تبریک میگم تبریک میگم\nتبریک میگم تبریک میگم\nتبریک میگم تبریک میگم\n\n\n\n\n\n\n\n", "post_full_content_1": "\nدور همی\n\n\n\nسلام\nاین پست کاملا خودمونیه اگر دوست داشتید بخونید\nاحتمال داره بخوام از بلاگ بیان کوچ کنم ...\nاگر خواستم کوچ کنم میرم افسران...\nوب نویسی وقت زیادی می بره به خصوص که وبی مخاطب های خوبی مثل شما داشته باشه و اینکه دلم نمیاد نظرات شما را بی پاسخ بذارم...\nخلاصه اش کنم راه های ارتباطی را زیر همین عکس گذاشتم...\n\nممنون و موفق باشید\n\n\n\n\nبعدا نوشت :\nهم اینستاگرام دارم و هم تلگرام\nراستی آی دی اینستاگرامم عوض شد\nPHDMMRH\n\n", "post_full_content_2": "\nحرف رفتن مزن ای یار\n\n\n\n\n\nحرف رفتن مزن ای عشق ز غم میمیرم\n\n", "post_full_content_4": "\nوسط گود با حاج آقا اینا\n\n\n\nسلام\nانصافا نمی شد آدم ساکت بمونه و باید گفت :\n\n\n1- حمید رسایی، نماینده مجلس، در تلگرام \nخود نوشت: نگاه اول: هاشمی رفسنجانی در سال 68 در حالی که ریاست دوره سوم \nمجلس را به عهده داشت، کاندیدای پنجمین دوره انتخابات ریاست جمهوری شد. در \nاین انتخابات، جمعا 79 نفر ثبت نام کردند که شورای نگهبان فقط صلاحیت هاشمی\n را تایید کرد و برای اینکه هاشمی بدون رقیب نباشد، صلاحیت عباس شیبانی را \nنیز تایید شد. یعنی 77 نفر ردصلاحیت شدند و هاشمی هیچ اعتراضی نداشت! همه \nمی دانستند که شیبانی، رقیب تزیینی هاشمی است، برای همین هاشمی با 94 درصد \nآرا (15/550/528 رای) رییس جمهور شد.نگاه\n دوم: امروز اما بر خلاف سال 68 که هاشمی هیچ اعتراضی به رد صلاحیت ها \nنداشت، رفسنجانی در صف اول معترضین به رد صلاحیت ها قرار دارد تا جایی که \nرسانه تلگرامی منتسب به پایگاه اطلاع رسانی هاشمی، علیرغم تایید صلاحیت \n4720 و رد صلاحیت 6753 کاندیدا در آخرین پست کانال تلگرامش در اعتراض به رد\n صلاحیت ها نوشته است: “اگر اسب‌ها اجازه مسابقه نداشته باشند، هر قاطری به\n خط پایان خواهد رسید!\"نگاه سوم: آیا تعبیری که رسانه هاشمی بکار \nبرده، فقط درباره این انتخابات صادق است یا آنها حاضر به تعمیم این جمله، \nدرباره پنجمین انتخابات ریاست جمهوری در سال 68 هم هستند؟!\n2- و دوباره حاج آقا در نطقی در فرودگاه مهرآباد گفت : \" صلاحیت شخصیتی که شبیه به جدش امام (ره) است را تایید نکردند.\"وی در خطاب به شورای نگهبان ادامه داد: «شما صلاحیت خود را از کجا آوردید؟ \nچه کسی به شما اجازه داده قضاوت کنید ؟ چه کسی تریبون نماز جمعه و صدا و \nسیما را به شما داده است؟» (http://fereydanna.ir/47215 )که در جواب باید گفت :بسمه تعالی\nبا تشکر وافر از زحمات ارزندۀ حضرات فقهای محترم شورای نگهبان ـ دامت \nبرکاتهم ـ چون ادامۀ این خدمت بزرگ به اسلام و جمهوری اسلامی امری ضروری \nاست و حضرات فقهای محترم مذکور در متن  [آقایان حاج آقا لطف‏ اللّه‏ صافی و\n حاج شیخ احمد جنتی و حاج شیخ ابوالقاسم خزعلی] لیاقت و تعهدشان محرز است، و\n در مدت طولانی این خدمت آشنایی وافر به مسائل جاریه دارند، برای دورۀ جدید\n نیز خود حضرات حجج اسلام: آقای حاج آقا لطف ‏اللّه‏ صافی و آقای حاج شیخ \nاحمد جنتی و آقای حاج شیخ ابوالقاسم خزعلی ـ ایّدهم اللّه‏ تعالی ـ را به \nعضویت در شورای محترم نگهبان منصوب نمودم. از خداوند تعالی مزید توفیق آنان\n را در این خدمت خواهانم.\nتاریخ ۲۲ خرداد ۶۵ / ۴ شوال ۱۴۰۶\nروح ‏اللّه‏ الموسوی الخمینی\nهمچنین حضرت امام خمینی (ره) در تاریخ ۱۳۶۷/۰۴/۰۴ در نامه ای جداگانه \nخطاب به عضو کنونی شورای محترم نگهبان آیت الله حاج شیخ محمد یزدی می \nفرمایند:\nبسم اللّه ‏الرحمن الرحیم\nجناب حجت الاسلام آقای حاج شیخ محمد یزدی ـ دامت افاضاته\nبا تقدیر از زحمات صادقانۀ جناب حجت الاسلام آقای صافی ـ دامت افاضاته ـ\n طبق اصل ۹۱ قانون اساسی، جنابعالی را که از افراد متدین مورد وثوق و درد \nآشنای اسلام و انقلاب می‏باشید، به عنوان یکی از فقهای شورای نگهبان منصوب \nمی‏نمایم. توفیق بیشتر شما را در راه تأیید قوانین مورد رضایت خداوند و در \nجهت کمک به مستضعفین و محرومین جامعۀ اسلامی ایران خواستارم. والسلام علیکم\n و رحمه‏اللّه‏ و برکاته.\nروح ‏اللّه‏ الموسوی الخمینی\n\n\n\n\n"}