{"type": "blog", "blog_name": "بهترین‌های پاپ ایران", "blog_url": "http://popmrn.blog.ir/", "post_url_1": "http://popmrn.blog.ir/post/56/%D8%B9%D9%84%DB%8C-%D8%B9%D8%A8%D8%AF%D8%A7%D9%84%D9%85%D8%A7%D9%84%DA%A9%DB%8C-%DA%86%D8%B1%D8%A7-%D9%85%D9%86", "post_title_1": "علی عبدالمالکی (چرا من)", "post_content_1": "\n\nدریافتعنوان: علی عبدالمالکی (چرا من)حجم: 10.5 مگابایت\n\nمتن ترانه چرا من با صدای علی عبدالمالکی در ادامه مطلب\n\nاین همه آدم تو دنیا بود چرا من\n\nمن که قلبم خیلی تنها بود چرا من\n\nمن دلم خون خسته از عشقم\n\nبازم آوردی اشکو تو چشمم\n\nچرا من چرا من چرا من چرا من\n\nدل بریدم از یه دنیا\n\nخسته بودم گیجو تنها\n\nهم صدایه بغضه ابرا گریه کردم من خدایا\n\nراه میرفتم تو خیابون دل شکسته خیلی داغون\n\nاشتباه بود قصه هامون باز من اینجام زیر بارون\n\nاین همه آدم تو دنیا بود چرا من\n\nمن که قلبم خیلی تنها بود چرا من\n\nمن دلم خون خسته از عشقم\n\nبازم آوردی اشکو تو چشمم\n\nچرا من چرا من چرا من چرا من\n\n\n\n\nرسمه دنیاست دل شکستن\n\nرسمش اینه بد شه با من\n\nخیلی موندم خیلی رفتم\n\nخیلی خستم پس چرا من\n\nحس نمونده تویه شعرام واسه اینه خیلی تنهام\n\nهیچکسی نیست تویه دنیام\n\nمن همیشه خیسه چشمام\n\nاین همه آدم تو دنیا بود چرا من\n\nمن که قلبم خیلی تنها بود چرا من\n\nمن دلم خون خسته از عشقم\n\nبازم آوردی اشکو تو چشمم\n\nچرا من چرا من چرا من چرا من", "post_url_2": "http://popmrn.blog.ir/post/55/%D9%85%D9%87%D8%AF%DB%8C-%D8%A7%D8%AD%D9%85%D8%AF%D9%88%D9%86%D8%AF-%D8%A2%D8%B1%D9%87-%D8%A2%D8%B1%D9%87", "post_title_2": "مهدی احمدوند (آره آره)", "post_content_2": "\n\n\nدریافتعنوان: مهدی احمدوند (آره آره)حجم: 7.49 مگابایت\n\nمتن ترانه آره آره با صدای مهدی احمدوند در ادامه مطلب\n\n\nآره آره آره\nآره آره دیگه ماله من شدی\nآره آره دیدی عاشقم شدی\nآره آره دل تا آخرین نفس\nبیقراره واسه تو همینو بس\nآره آره آره آره آره\nآره آره از کنار من نری تویه شهر قصه هامو تو پری\nآره آره قلب من برای تو\nآره آره دیگه عشقه آخری\nآره آره حاله خوبیه که دارمت\nرو دوتا چشمم میذارمت\nتو قصه هام تو شهر عشق تو هر جا باشم میارمت\nحاله خوبیه عشقم کنارمه تمومه چیزی که دارمه\nتو عشق پنهونه واژه هام\nمیگم دوست دارم تنها کارمه\nآره آره خیلی خوبه بودنت\nدیدی آخر تو زندگیم کشوندمت\nآره آره دیگه ماله من شدی\nآره آره به هیچکسی نمیدمت\nآره آره آره آره\nآره آره خوبه تو کنارمی بیقرارم وقتی بیقرارمی\nآره آره خیلی خوبه دارمت عاشقم باش بگو که تنها یارمی\nآره آره حاله خوبیه که دارمت\nرو دوتا چشمم میذارمت\nتو قصه هام تو شهر عشق تو هر جا باشم میارمت\nحاله خوبیه عشقم کنارمه تمومه چیزی که دارمه\nتو عشق پنهونه واژه هام\nمیگم دوست دارم تنها کارمه\n", "post_url_3": "http://popmrn.blog.ir/post/54/%D8%B4%D9%87%D8%A7%D8%AF%D8%AA-%D8%A7%D9%85%D8%A7%D9%85-%D9%85%D8%AD%D9%85%D8%AF-%D8%A8%D8%A7%D9%82%D8%B1-%D8%B9-%D8%AA%D8%B3%D9%84%DB%8C%D8%AA-%D8%A8%D8%A7%D8%AF", "post_title_3": "شهادت امام محمد باقر (ع) تسلیت باد", "post_content_3": "\n\nبه ادامه مطلب مراجعه کنید\n\nسالروز شهادت امام محمد باقر ( علیه السلام )هفتم\n ماه ذی الحجه مصادف است با سالروز شهادت پنجمین اختر تابناک آسمان ولایت \nحضرت امام محمد باقر (( علیه السلام )) ، شهادت این بزرگوار را به تمامی \nارادتمندان خاندان اهل بیت عصمت و طهارت تسلیت می گوییم .\nامام باقر علیه السلام :«إِنَّما یُداقُّ اللّهُ الْعِبادَ فِى الْحِسابِ یَوْمَ الْقِیمَةِ عَلى قَدْرِ ما آتاهُمْ مِنَ الْعُقُولِ فِى الدُّنْیا.»:خداوند در روز قیامت در حساب بندگانش، به اندازه عقلى که در دنیا به آنها داده است، دقّت و باریک بینى مى کند.\n خلاصه ای از زندگی  پر برکت حضرت امام محمد باقر ( ع ) نام\n مبارک امام پنجم محمد بود . لقب آن حضرت باقر یا باقرالعلوم است ،بدین جهت\n که : دریای دانش را شکافت و اسرار علوم را آشکارا ساخت . القاب دیگری \nمانند شاکر و صابر و هادی نیز برای آن حضرت ذکر کرده اند که هریک باز \nگوینده صفتی از صفات آن امام بزرگوار بوده است .کنیه امام \" ابوجعفر \" \nبود . مادرش فاطمه دختر امام حسن مجتبی ( ع ) است . بنابراین نسبت آن حضرت \nاز طرف مادر به سبط اکبر حضرت امام حسن ( ع ) و از سوی پدر به امام حسین ( ع\n ) می رسید . پدرش حضرت سیدالساجدین ، امام زین العابدین ، علی بن الحسین (\n ع ) است .\nتولد حضرت باقر ( ع ) در روز جمعه سوم\n ماه صفر سال 57هجری در مدینه اتفاق افتاد . در واقعه جانگداز کربلا همراه \nپدر و در کنار جدش حضرت سید الشهداء کودکی بود که به چهارمین بهار زندگیش \nنزدیک می شد .\nدوران \nامامت امام محمد باقر ( ع ) از سال 95هجری که سال درگذشت امام زین العابدین\n ( ع ) است آغاز شد و تا سال 114ه . یعنی مدت 19سال و چند ماه ادامه داشته \nاست .\n\nدر دوره امامت امام محمد باقر ( ع ) و \nفرزندش امام جعفر صادق ( ع ) مسائلی مانند انقراض امویان و بر سر کار آمدن \nعباسیان و پیدا شدن مشاجرات سیاسی و ظهور سرداران و مدعیانی مانند ابوسلمه \nخلال و ابومسلم خراسانی و دیگران مطرح است ، ترجمه کتابهای فلسفی و مجادلات\n کلامی در این دوره پیش می آید ، و عده ای از مشایخ صوفیه و زاهدان و \nقلندران وابسته به دستگاه خلافت پیدا می شوند . قاضیها و متکلمانی به \nدلخواه مقامات رسمی و صاحب قدرتان پدید می آیند و فقه و قضاء و عقاید و \nکلام و اخلاق را - بر طبق مصالح مراکز قدرت خلافت شرح و تفسیر می نماید ، و\n تعلیمات قرآنی - به ویژه مسأله امامت و ولایت را ، که پس از واقعه عاشورا و\n حماسه کربلا ، افکار بسیاری از حق طلبان را به حقانیت آل علی ( ع ) متوجه \nکرده بود ، و پرده از چهره زشت ستمکاران اموی و دین به دنیا فروشان برگرفته\n بود ، به انحراف می کشاندند و احادیث نبوی را در بوته فراموشی قرار می \nدادند . برخی نیز احادیثی به نفع دستگاه حاکم جعل کرده و یا مشغول جعل \nبودند و یا آنها را به سود ستمکاران غاصب خلافت دگرگون می نمودند .\nاینها \nعواملی بود بسیار خطرناک که باید حافظان و نگهبانان دین در برابر آنها \nبایستند . بدین جهت امام محمد باقر ( ع ) و پس از وی امام جعفر صادق ( ع ) \nاز موقعیت مساعد روزگار سیاسی ، برای نشر تعلیمات اصیل اسلامی و معارف حقه \nبهره جستند ، و دانشگاه تشیع و علوم اسلامی را پایه ریزی نمودند.\n\nزیرا\n این امامان بزرگوار و بعد شاگردانشان وارثان و نگهبانان حقیقی تعلیمات \nپیامبر ( ص ) و ناموس و قانون عدالت بودند ، و می بایست به تربیت شاگردانی \nعالم و عامل و یارانی شایسته و فداکار دست یازند ، و فقه آل محمد ( ص ) را \nجمع و تدوین و تدریس کنند . به همین جهت محضر امام باقر ( ع ) مرکز علماء و\n دانشمندان و راویان حدیث و خطیبان و شاعران بنام بود . در مکتب تربیتی \nامام باقر ( ع ) علم و فضیلت به مردم آموخته می شد .امام باقر\n ( ع ) دارای خصال ستوده و مؤدب به آداب اسلامی بود . سیرت و صورتش ستوده \nبود . پیوسته لباس تمیز و نو می پوشید . در کمال وقار و شکوه حرکت می فرمود\n .\nاز آن \nحضرت می پرسیدند : جدت لباس کهنه و کم ارزش می پوشید ، تو چرا لباس فاخر بر\n تن می کنی ؟ پاسخ می داد : مقتضای تقوای جدم و فرمانداری آن روز ، که \nمحرومان و فقرا و تهیدستان زیاد بودند ، چنان بود . من اگر آن لباس بپوشم \nدر این انقلاب افکار ، نمی توانم تعظیم شعائر دین کنم .\nامام پنجم ( ع ) بسیار گشاده رو و با مؤمنان و دوستان خوش برخورد بود .با\n همه اصحاب مصافحه می کرد و دیگران را نیز بدین کار تشویق می فرمود . در \nضمن سخنانش می فرمود : مصافحه کردن کدورتهای درونی را از بین می برد و \nگناهان دو طرف - همچون برگ درختان در فصل خزان - می ریزد . امام باقر ( ع )\n در صدقات و بخشش و آداب اسلامی مانند دستگیری از نیازمندان و تشییع جنازه \nمؤمنین و عیادت از بیماران و رعایت ادب و آداب و سنن دینی ، کمال مواظبت را\n داشت .\nمی خواست سنتهای جدش رسول الله ( ص ) \nرا عملا در بین مردم زنده کند و مکارم اخلاقی را به مردم تعلیم نماید . در \nروزهای گرم برای رسیدگی به مزارع و نخلستانها بیرون می رفت ، و با کارگران و\n کشاورزان بیل می زد و زمین را برای کشت آماده می ساخت . آنچه از محصول \nکشاورزی - که با عرق جبین و کد یمین - به دست می آورد در راه خدا انفاق می \nفرمود .\nبامداد که برای ادای نماز به مسجد جدش\n رسول الله ( ص ) می رفت ، پس از گزاردن فریضه ، مردم گرداگردش جمع می شدند\n و از انوار دانش و فضیلت او بهره مند می گشتند .مدت بیست سال معاویه \nدر شام و کارگزارانش در مرزهای دیگر اسلامی در واژگون جلوه دادن حقایق \nاسلامی - با زور و زر و تزویر و اجیر کردن عالمان خود فروخته - کوشش بسیار \nکردند .\n \nناچار حضرت سجاد ( ع ) و فرزند ارجمندش \nامام محمد باقر ( ع ) پس از واقعه جانگداز کربلا و ستمهای بی سابقه آل \nابوسفیان ، که مردم به حقانیت اهل بیت عصمت ( ع ) توجه کردند ، در اصلاح \nعقاید مردم به ویژه در مسأله امامت و رهبری ، که تنها شایسته امام معصوم \nاست ، سعی بلیغ کردند و معارف حقه اسلامی را - در جهات مختلف - به مردم \nتعلیم دادند تا کار نشر فقه و احکام اسلام به جایی رسید که فرزند گرامی آن \nامام ، حضرت امام جعفر صادق ( ع ) دانشگاهی با چهار هزار شاگرد پایه گذاری \nنمود ، و احادیث و تعلیمات اسلامی را در اکناف و اطراف جهان آن روز اسلام \nانتشار داد . امام سجاد ( ع ) با زبان دعا و مناجات و یادآوری از مظالم \nاموی و امر به معروف و نهی از منکر و امام باقر ( ع ) با تشکیل حلقه های \nدرس ، زمینه این امر مهم را فراهم نمود و مسائل لازم دینی را برای مردم \nروشن فرمود . رسول اکرم اسلام ( ص ) در پرتو چشم واقع بین و با روشن بینی \nوحی الهی وظایفی را که فرزندان و اهل بیت گرامی اش در آینده انجام خواهند \nداد و نقشی را که در شناخت و شناساندن معارف حقه به عهده خواهند داشت ، ضمن\n احادیثی که از آن حضرت روایت شده ، تعیین فرموده است .\n \nچنان که در این حدیث آمده است :روزی\n جابر بن عبدالله انصاری که در آخر عمر دو چشم جهان بینش تاریک شده بود به \nمحضر حضرت سجاد ( ع ) شرفیاب شد . صدای کودکی را شنید ، پرسید کیستی ؟ گفت \nمن محمد بن علی بن الحسینم ، جابر گفت : نزدیک بیا ، سپس دست او را گرفت و \nبوسید و عرض کرد : روزی خدمت جدت رسول خدا ( ص ) بودم . فرمود : شاید زنده \nبمانی و محمد بن علی بن الحسین که یکی از اولاد من است ملاقات کنی . سلام \nمن را به او برسان و بگو : خدا به تو نور حکمت دهد . علم و دین را نشر بده .\n امام پنجم هم به امر جدش قیام کرد و در تمام مدت عمر به نشر علم و معارف \nدینی و تعلیم حقایق قرآنی و احادیث نبوی ( ص ) پرداخت .\nنام نامی آن حضرت با دهها و صدها حدیث\n و روایت و کلمات قصار و اندرزهایی همراه است ، که به ویژه در 19سال امامت \nبرای ارشاد مستعدان و دانش اندوزان و شاگردان شایسته خود بیان فرموده است .\n بنا به روایاتی که نقل شده است ، در هیچ مکتب و محضری دانشمندان خاضعتر و \nخاشعتر از محضر محمد بن علی ( ع ) نبوده اند .\nدر زمان امیرالمؤمنین علی ( ع ) گوئیا\n ، مقام علم و ارزش دانش هنوز - چنان که باید - بر مردم روشن نبود ، گویا \nمسلمانان هنوز قدم از تنگنای حیات مادی بیرون ننهاده و از زلال دانش علوی \nجامی ننوشیده بودند ، و در کنار دریای بیکران وجود علی ( ع ) تشنه لب بودند\n و جز عده ای معدود قدر چونان گوهری را نمی دانستند . بی جهت نبود که مولای\n متقیان بارها می فرمود : سلونی قبل از تفقدونی \"پیش از آنکه من را از دست \nبدهید از من بپرسید . \" و بارها می گفت : من به راههای آسمان از راههای \nزمین آشناترم .\n \nولی کو آن گوهرشناسی که قدر گوهر وجود علی\n را بداند ؟ اما به تدریج ، به ویژه در زمان امام محمد باقر ( ع ) مردم کم \nکم لذت علوم اهل بیت و معارف اسلامی را درک می کردند ، و مانند تشنه لبی که\n سالها از لذات آب گوارا محروم مانده و یا قدر آن را ندانسته باشد ، زلال \nگوارای دانش امام باقر ( ع ) را دریافتند و تسلیم مقام علمی امام ( ع ) \nشدند ، و به قول یکی از مورخان : \" مسلمانان در این هنگام از میدان جنگ و \nلشکر کشی متوجه فتح دروازه های علم و فرهنگ شدند \" . امام باقر ( ع ) نیز \nچون زمینه قیام بالسیف ( قیام مسلحانه ) در آن زمان - به علت خفقان فراوان و\n کمبود حماسه آفرینان - فراهم نبود ، از این رو ، نشر معارف اسلام و فعالیت\n علمی را و هم مبارزه عقیدتی و معنوی با سازمان حکومت اموی را ، از این \nطریق مناسب تر می دید ، و چون حقوق اسلام هنوز یک دوره کامل و مفصل تدریس \nنشده بود ، به فعالیتهای ثمر بخش علمی در این زمینه پرداخت . اما بدین خاطر\n که نفس شخصیت امام و سیر تعلیمات او - در ابعاد و مرزهای مختلف - بر ضرر \nحکومت بود ، مورد اذیت و ایذاء دستگاه قرار می گرفت .\nدستگاه خلافت آنجا که پای مصالح \nحکومتی پیش می آمد و احساس می کردند امام ( ع ) نقاب از چهره ظالمانه \nدستگاه برمی گیرد و خط صحیح را در شناخت \" امام معصوم ( ع ) \" و امامت که \nدنباله خط \" رسالت \" و بالاخره \" حکومت الله \" است تعلیم می دهد ، تکان می \nخوردند و دست به ایذاء و آزار و شکنجه امام ( ع ) می زدند و گاه به زجر و \nحبس و تبعید ...\nبرای شناخت این امر ، به بیان این واقعه که در تاریخ یاد شده است می پردازیم :\"\n در یکی از سالها که هشام بن عبدالملک ، خلیفه اموی ، به حج می آید ، جعفر \nبن محمد ، امام صادق ، در خدمت پدر خود ، امام محمد باقر ، نیز به حج می \nرفتند .\n \nروزی در مکه ، حضرت صادق ، در مجمع عمومی \nسخنرانی می کند و در آن سخنرانی تأکید بر سر مسأله پیشوایی و امامت و اینکه\n پیشوایان بر حق و خلیفه های خدا در زمین ایشانند نه دیگران ، و اینکه \nسعادت اجتماعی و رستگاری در پیروی از ایشان است و بیعت با ایشان و ... نه \nدیگران . این سخنان که در بحبوحه قدرت هشام گفته می شود ، آن هم در مکه در \nموسم حج ، طنینی بزرگ می یابد و به گوش هشام می رسد. هشام در مکه جرأت نمی \nکند و به مصلحت خود نمی بیند که متعرض آنان شود . اما چون به دمشق می رسد ،\n مأمور به مدینه می فرستد و از فرماندار مدینه می خواهد که امام باقر ( ع )\n و فرزندش را به دمشق روانه کند، و چنین می شود .\nدر محفلی که هشام برای توهین به امام \nترتیب داده بود بر سر مقام رهبری و خلافت اسلامی با امام باقر ( ع ) سخن می\n گوید . امام باقر درباره رهبری رهبران بر حق و چگونگی اداره اجتماع اسلامی\n و اینکه رهبر یک اجتماع اسلامی باید چگونه باشد ، سخن می گوید.\n \nاینها همه هشام را - که فاقد آن صفات بوده\n است و غاصب آن مقام - بیش از پیش ناراحت می کند . بعضی نوشته اند که : \nامام باقر را در دمشق به زندان افکند . و چون به او خبر می دهند که \nزندانیان دمشق مرید و معتقد به امام ( ع ) شده اند ، امام را رها می کند و \nبه شتاب روانه مدینه می نماید . و پیکی سریع ، پیش از حرکت امام از دمشق ، \nمی فرستد تا در آبادیها و شهرهای سر راه همه جا علیه آنان ( امام باقر و \nامام صادق - ع - ) تبلیغ کنند تا بدین گونه ، مردم با آنان تماس نگیرند و \nتحت تأثیر گفتار و رفتارشان واقع نشوند . با این وصف امام ( ع ) در این سفر\n ، از تماس با مردم - حتی مسیحیان - و روشن کردن آنان غفلت نمی ورزد.\nحضرت امام محمد باقر ( ع ) 19سال و ده\n ماه پس از شهادت پدر بزرگوارش حضرت امام زین العابدین ( ع ) زندگی کرد و \nدر تمام این مدت به انجام دادن وظایف خطیر امامت ، نشر و تبلیغ فرهنگ \nاسلامی ، تعلیم شاگردان ، رهبری اصحاب و مردم ، اجرا کردن سنتهای جد \nبزرگوارش در میان خلق ، متوجه کردن دستگاه غاصب حکومت به خط صحیح رهبری و \nراه نمودن به مردم در جهت شناخت رهبر واقعی و امام معصوم ، که تنها خلیفه \nراستین خدا و رسول ( ص ) در زمین است ، پرداخت و لحظه ای از این وظیفه غفلت\n نفرمود .\nسرانجام در هفتم ذیحجه سال 114  هجری \nدر سن 57 سالگی در مدینه با توطئه هشام مسموم شد و چشم از جهان فروبست . \nپیکر مقدسش را در قبرستان بقیع - کنار پدر بزرگوارش - به خاک سپردند.\n", "post_url_4": "http://popmrn.blog.ir/post/53/%D9%85%D8%AD%D8%B3%D9%86-%DB%8C%DA%AF%D8%A7%D9%86%D9%87-%D8%AE%D8%AF%D8%A7%D8%AD%D8%A7%D9%81%D8%B8", "post_title_4": "محسن یگانه (خداحافظ)", "post_content_4": "\n\nدریافتعنوان: محسن یگانه (خاحافظ)حجم: 5.03 مگابایت", "post_url_5": "http://popmrn.blog.ir/post/52/%D8%AA%D8%B1%D8%B3%D9%86%D8%A7%DA%A9-%D8%AA%D8%B1%DB%8C%D9%86-%D8%A2%D9%87%D9%86%DA%AF-%D8%AC%D9%87%D8%A7%D9%86", "post_title_5": "ترسناک ترین آهنگ جهان", "post_content_5": "این آهنگ از سوی موسسه جهانی موزیک ب عنوان ترسناک ترین آهنگ جهان شناخته شده تا ب حال جان چند نوجوان را گرفته و چندین کودک و نوجوان و جوان را هم روانه بیمارستان کرده.اگر تحمل ترس را ندارید،یا بیماری قلبی و یا عصبی دارید شدیداً تاکید میشود این آهنگ را گوش ندهید..\n \n متاسفانه مرورگر شما، قابیلت پخش فایل های صوتی تصویری را در قالب HTML5 دارا نمی باشد.توصیه ما به شما استفاده از مروگرهای رایج و بروزرسانی آن به آخرین نسخه می باشدبا این حال ممکن است مرورگرتان توسط پلاگین خود قابلیت پخش این فایل را برای تان فراهم آورد.\nparam name=\"AutoStart\" value=\"False\"\n\n\n\n\nدریافتبا تشکر از نخود بانو", "post_full_content_4": "\nمحسن یگانه (خداحافظ)\n\n\n\n\n\nدریافتعنوان: محسن یگانه (خاحافظ)حجم: 5.03 مگابایت\n\n", "post_full_content_2": "\nمهدی احمدوند (آره آره)\n\n\n\n\n\n\nدریافتعنوان: مهدی احمدوند (آره آره)حجم: 7.49 مگابایت\n\nمتن ترانه آره آره با صدای مهدی احمدوند در ادامه مطلب\n\n\nآره آره آره\nآره آره دیگه ماله من شدی\nآره آره دیدی عاشقم شدی\nآره آره دل تا آخرین نفس\nبیقراره واسه تو همینو بس\nآره آره آره آره آره\nآره آره از کنار من نری تویه شهر قصه هامو تو پری\nآره آره قلب من برای تو\nآره آره دیگه عشقه آخری\nآره آره حاله خوبیه که دارمت\nرو دوتا چشمم میذارمت\nتو قصه هام تو شهر عشق تو هر جا باشم میارمت\nحاله خوبیه عشقم کنارمه تمومه چیزی که دارمه\nتو عشق پنهونه واژه هام\nمیگم دوست دارم تنها کارمه\nآره آره خیلی خوبه بودنت\nدیدی آخر تو زندگیم کشوندمت\nآره آره دیگه ماله من شدی\nآره آره به هیچکسی نمیدمت\nآره آره آره آره\nآره آره خوبه تو کنارمی بیقرارم وقتی بیقرارمی\nآره آره خیلی خوبه دارمت عاشقم باش بگو که تنها یارمی\nآره آره حاله خوبیه که دارمت\nرو دوتا چشمم میذارمت\nتو قصه هام تو شهر عشق تو هر جا باشم میارمت\nحاله خوبیه عشقم کنارمه تمومه چیزی که دارمه\nتو عشق پنهونه واژه هام\nمیگم دوست دارم تنها کارمه\n\n\n", "post_full_content_5": "\nترسناک ترین آهنگ جهان\n\n\n\nاین آهنگ از سوی موسسه جهانی موزیک ب عنوان ترسناک ترین آهنگ جهان شناخته شده تا ب حال جان چند نوجوان را گرفته و چندین کودک و نوجوان و جوان را هم روانه بیمارستان کرده.اگر تحمل ترس را ندارید،یا بیماری قلبی و یا عصبی دارید شدیداً تاکید میشود این آهنگ را گوش ندهید..\n \n متاسفانه مرورگر شما، قابیلت پخش فایل های صوتی تصویری را در قالب HTML5 دارا نمی باشد.توصیه ما به شما استفاده از مروگرهای رایج و بروزرسانی آن به آخرین نسخه می باشدبا این حال ممکن است مرورگرتان توسط پلاگین خود قابلیت پخش این فایل را برای تان فراهم آورد.\nparam name=\"AutoStart\" value=\"False\"\n\n\n\n\nدریافتبا تشکر از نخود بانو\n\n", "post_full_content_1": "\nعلی عبدالمالکی (چرا من)\n\n\n\n\n\nدریافتعنوان: علی عبدالمالکی (چرا من)حجم: 10.5 مگابایت\n\nمتن ترانه چرا من با صدای علی عبدالمالکی در ادامه مطلب\n\nاین همه آدم تو دنیا بود چرا من\n\nمن که قلبم خیلی تنها بود چرا من\n\nمن دلم خون خسته از عشقم\n\nبازم آوردی اشکو تو چشمم\n\nچرا من چرا من چرا من چرا من\n\nدل بریدم از یه دنیا\n\nخسته بودم گیجو تنها\n\nهم صدایه بغضه ابرا گریه کردم من خدایا\n\nراه میرفتم تو خیابون دل شکسته خیلی داغون\n\nاشتباه بود قصه هامون باز من اینجام زیر بارون\n\nاین همه آدم تو دنیا بود چرا من\n\nمن که قلبم خیلی تنها بود چرا من\n\nمن دلم خون خسته از عشقم\n\nبازم آوردی اشکو تو چشمم\n\nچرا من چرا من چرا من چرا من\n\n\n\n\nرسمه دنیاست دل شکستن\n\nرسمش اینه بد شه با من\n\nخیلی موندم خیلی رفتم\n\nخیلی خستم پس چرا من\n\nحس نمونده تویه شعرام واسه اینه خیلی تنهام\n\nهیچکسی نیست تویه دنیام\n\nمن همیشه خیسه چشمام\n\nاین همه آدم تو دنیا بود چرا من\n\nمن که قلبم خیلی تنها بود چرا من\n\nمن دلم خون خسته از عشقم\n\nبازم آوردی اشکو تو چشمم\n\nچرا من چرا من چرا من چرا من\n\n", "post_full_content_3": "\nشهادت امام محمد باقر (ع) تسلیت باد\n\n\n\n\n\nبه ادامه مطلب مراجعه کنید\n\nسالروز شهادت امام محمد باقر ( علیه السلام )هفتم\n ماه ذی الحجه مصادف است با سالروز شهادت پنجمین اختر تابناک آسمان ولایت \nحضرت امام محمد باقر (( علیه السلام )) ، شهادت این بزرگوار را به تمامی \nارادتمندان خاندان اهل بیت عصمت و طهارت تسلیت می گوییم .\nامام باقر علیه السلام :«إِنَّما یُداقُّ اللّهُ الْعِبادَ فِى الْحِسابِ یَوْمَ الْقِیمَةِ عَلى قَدْرِ ما آتاهُمْ مِنَ الْعُقُولِ فِى الدُّنْیا.»:خداوند در روز قیامت در حساب بندگانش، به اندازه عقلى که در دنیا به آنها داده است، دقّت و باریک بینى مى کند.\n خلاصه ای از زندگی  پر برکت حضرت امام محمد باقر ( ع ) نام\n مبارک امام پنجم محمد بود . لقب آن حضرت باقر یا باقرالعلوم است ،بدین جهت\n که : دریای دانش را شکافت و اسرار علوم را آشکارا ساخت . القاب دیگری \nمانند شاکر و صابر و هادی نیز برای آن حضرت ذکر کرده اند که هریک باز \nگوینده صفتی از صفات آن امام بزرگوار بوده است .کنیه امام \" ابوجعفر \" \nبود . مادرش فاطمه دختر امام حسن مجتبی ( ع ) است . بنابراین نسبت آن حضرت \nاز طرف مادر به سبط اکبر حضرت امام حسن ( ع ) و از سوی پدر به امام حسین ( ع\n ) می رسید . پدرش حضرت سیدالساجدین ، امام زین العابدین ، علی بن الحسین (\n ع ) است .\nتولد حضرت باقر ( ع ) در روز جمعه سوم\n ماه صفر سال 57هجری در مدینه اتفاق افتاد . در واقعه جانگداز کربلا همراه \nپدر و در کنار جدش حضرت سید الشهداء کودکی بود که به چهارمین بهار زندگیش \nنزدیک می شد .\nدوران \nامامت امام محمد باقر ( ع ) از سال 95هجری که سال درگذشت امام زین العابدین\n ( ع ) است آغاز شد و تا سال 114ه . یعنی مدت 19سال و چند ماه ادامه داشته \nاست .\n\nدر دوره امامت امام محمد باقر ( ع ) و \nفرزندش امام جعفر صادق ( ع ) مسائلی مانند انقراض امویان و بر سر کار آمدن \nعباسیان و پیدا شدن مشاجرات سیاسی و ظهور سرداران و مدعیانی مانند ابوسلمه \nخلال و ابومسلم خراسانی و دیگران مطرح است ، ترجمه کتابهای فلسفی و مجادلات\n کلامی در این دوره پیش می آید ، و عده ای از مشایخ صوفیه و زاهدان و \nقلندران وابسته به دستگاه خلافت پیدا می شوند . قاضیها و متکلمانی به \nدلخواه مقامات رسمی و صاحب قدرتان پدید می آیند و فقه و قضاء و عقاید و \nکلام و اخلاق را - بر طبق مصالح مراکز قدرت خلافت شرح و تفسیر می نماید ، و\n تعلیمات قرآنی - به ویژه مسأله امامت و ولایت را ، که پس از واقعه عاشورا و\n حماسه کربلا ، افکار بسیاری از حق طلبان را به حقانیت آل علی ( ع ) متوجه \nکرده بود ، و پرده از چهره زشت ستمکاران اموی و دین به دنیا فروشان برگرفته\n بود ، به انحراف می کشاندند و احادیث نبوی را در بوته فراموشی قرار می \nدادند . برخی نیز احادیثی به نفع دستگاه حاکم جعل کرده و یا مشغول جعل \nبودند و یا آنها را به سود ستمکاران غاصب خلافت دگرگون می نمودند .\nاینها \nعواملی بود بسیار خطرناک که باید حافظان و نگهبانان دین در برابر آنها \nبایستند . بدین جهت امام محمد باقر ( ع ) و پس از وی امام جعفر صادق ( ع ) \nاز موقعیت مساعد روزگار سیاسی ، برای نشر تعلیمات اصیل اسلامی و معارف حقه \nبهره جستند ، و دانشگاه تشیع و علوم اسلامی را پایه ریزی نمودند.\n\nزیرا\n این امامان بزرگوار و بعد شاگردانشان وارثان و نگهبانان حقیقی تعلیمات \nپیامبر ( ص ) و ناموس و قانون عدالت بودند ، و می بایست به تربیت شاگردانی \nعالم و عامل و یارانی شایسته و فداکار دست یازند ، و فقه آل محمد ( ص ) را \nجمع و تدوین و تدریس کنند . به همین جهت محضر امام باقر ( ع ) مرکز علماء و\n دانشمندان و راویان حدیث و خطیبان و شاعران بنام بود . در مکتب تربیتی \nامام باقر ( ع ) علم و فضیلت به مردم آموخته می شد .امام باقر\n ( ع ) دارای خصال ستوده و مؤدب به آداب اسلامی بود . سیرت و صورتش ستوده \nبود . پیوسته لباس تمیز و نو می پوشید . در کمال وقار و شکوه حرکت می فرمود\n .\nاز آن \nحضرت می پرسیدند : جدت لباس کهنه و کم ارزش می پوشید ، تو چرا لباس فاخر بر\n تن می کنی ؟ پاسخ می داد : مقتضای تقوای جدم و فرمانداری آن روز ، که \nمحرومان و فقرا و تهیدستان زیاد بودند ، چنان بود . من اگر آن لباس بپوشم \nدر این انقلاب افکار ، نمی توانم تعظیم شعائر دین کنم .\nامام پنجم ( ع ) بسیار گشاده رو و با مؤمنان و دوستان خوش برخورد بود .با\n همه اصحاب مصافحه می کرد و دیگران را نیز بدین کار تشویق می فرمود . در \nضمن سخنانش می فرمود : مصافحه کردن کدورتهای درونی را از بین می برد و \nگناهان دو طرف - همچون برگ درختان در فصل خزان - می ریزد . امام باقر ( ع )\n در صدقات و بخشش و آداب اسلامی مانند دستگیری از نیازمندان و تشییع جنازه \nمؤمنین و عیادت از بیماران و رعایت ادب و آداب و سنن دینی ، کمال مواظبت را\n داشت .\nمی خواست سنتهای جدش رسول الله ( ص ) \nرا عملا در بین مردم زنده کند و مکارم اخلاقی را به مردم تعلیم نماید . در \nروزهای گرم برای رسیدگی به مزارع و نخلستانها بیرون می رفت ، و با کارگران و\n کشاورزان بیل می زد و زمین را برای کشت آماده می ساخت . آنچه از محصول \nکشاورزی - که با عرق جبین و کد یمین - به دست می آورد در راه خدا انفاق می \nفرمود .\nبامداد که برای ادای نماز به مسجد جدش\n رسول الله ( ص ) می رفت ، پس از گزاردن فریضه ، مردم گرداگردش جمع می شدند\n و از انوار دانش و فضیلت او بهره مند می گشتند .مدت بیست سال معاویه \nدر شام و کارگزارانش در مرزهای دیگر اسلامی در واژگون جلوه دادن حقایق \nاسلامی - با زور و زر و تزویر و اجیر کردن عالمان خود فروخته - کوشش بسیار \nکردند .\n \nناچار حضرت سجاد ( ع ) و فرزند ارجمندش \nامام محمد باقر ( ع ) پس از واقعه جانگداز کربلا و ستمهای بی سابقه آل \nابوسفیان ، که مردم به حقانیت اهل بیت عصمت ( ع ) توجه کردند ، در اصلاح \nعقاید مردم به ویژه در مسأله امامت و رهبری ، که تنها شایسته امام معصوم \nاست ، سعی بلیغ کردند و معارف حقه اسلامی را - در جهات مختلف - به مردم \nتعلیم دادند تا کار نشر فقه و احکام اسلام به جایی رسید که فرزند گرامی آن \nامام ، حضرت امام جعفر صادق ( ع ) دانشگاهی با چهار هزار شاگرد پایه گذاری \nنمود ، و احادیث و تعلیمات اسلامی را در اکناف و اطراف جهان آن روز اسلام \nانتشار داد . امام سجاد ( ع ) با زبان دعا و مناجات و یادآوری از مظالم \nاموی و امر به معروف و نهی از منکر و امام باقر ( ع ) با تشکیل حلقه های \nدرس ، زمینه این امر مهم را فراهم نمود و مسائل لازم دینی را برای مردم \nروشن فرمود . رسول اکرم اسلام ( ص ) در پرتو چشم واقع بین و با روشن بینی \nوحی الهی وظایفی را که فرزندان و اهل بیت گرامی اش در آینده انجام خواهند \nداد و نقشی را که در شناخت و شناساندن معارف حقه به عهده خواهند داشت ، ضمن\n احادیثی که از آن حضرت روایت شده ، تعیین فرموده است .\n \nچنان که در این حدیث آمده است :روزی\n جابر بن عبدالله انصاری که در آخر عمر دو چشم جهان بینش تاریک شده بود به \nمحضر حضرت سجاد ( ع ) شرفیاب شد . صدای کودکی را شنید ، پرسید کیستی ؟ گفت \nمن محمد بن علی بن الحسینم ، جابر گفت : نزدیک بیا ، سپس دست او را گرفت و \nبوسید و عرض کرد : روزی خدمت جدت رسول خدا ( ص ) بودم . فرمود : شاید زنده \nبمانی و محمد بن علی بن الحسین که یکی از اولاد من است ملاقات کنی . سلام \nمن را به او برسان و بگو : خدا به تو نور حکمت دهد . علم و دین را نشر بده .\n امام پنجم هم به امر جدش قیام کرد و در تمام مدت عمر به نشر علم و معارف \nدینی و تعلیم حقایق قرآنی و احادیث نبوی ( ص ) پرداخت .\nنام نامی آن حضرت با دهها و صدها حدیث\n و روایت و کلمات قصار و اندرزهایی همراه است ، که به ویژه در 19سال امامت \nبرای ارشاد مستعدان و دانش اندوزان و شاگردان شایسته خود بیان فرموده است .\n بنا به روایاتی که نقل شده است ، در هیچ مکتب و محضری دانشمندان خاضعتر و \nخاشعتر از محضر محمد بن علی ( ع ) نبوده اند .\nدر زمان امیرالمؤمنین علی ( ع ) گوئیا\n ، مقام علم و ارزش دانش هنوز - چنان که باید - بر مردم روشن نبود ، گویا \nمسلمانان هنوز قدم از تنگنای حیات مادی بیرون ننهاده و از زلال دانش علوی \nجامی ننوشیده بودند ، و در کنار دریای بیکران وجود علی ( ع ) تشنه لب بودند\n و جز عده ای معدود قدر چونان گوهری را نمی دانستند . بی جهت نبود که مولای\n متقیان بارها می فرمود : سلونی قبل از تفقدونی \"پیش از آنکه من را از دست \nبدهید از من بپرسید . \" و بارها می گفت : من به راههای آسمان از راههای \nزمین آشناترم .\n \nولی کو آن گوهرشناسی که قدر گوهر وجود علی\n را بداند ؟ اما به تدریج ، به ویژه در زمان امام محمد باقر ( ع ) مردم کم \nکم لذت علوم اهل بیت و معارف اسلامی را درک می کردند ، و مانند تشنه لبی که\n سالها از لذات آب گوارا محروم مانده و یا قدر آن را ندانسته باشد ، زلال \nگوارای دانش امام باقر ( ع ) را دریافتند و تسلیم مقام علمی امام ( ع ) \nشدند ، و به قول یکی از مورخان : \" مسلمانان در این هنگام از میدان جنگ و \nلشکر کشی متوجه فتح دروازه های علم و فرهنگ شدند \" . امام باقر ( ع ) نیز \nچون زمینه قیام بالسیف ( قیام مسلحانه ) در آن زمان - به علت خفقان فراوان و\n کمبود حماسه آفرینان - فراهم نبود ، از این رو ، نشر معارف اسلام و فعالیت\n علمی را و هم مبارزه عقیدتی و معنوی با سازمان حکومت اموی را ، از این \nطریق مناسب تر می دید ، و چون حقوق اسلام هنوز یک دوره کامل و مفصل تدریس \nنشده بود ، به فعالیتهای ثمر بخش علمی در این زمینه پرداخت . اما بدین خاطر\n که نفس شخصیت امام و سیر تعلیمات او - در ابعاد و مرزهای مختلف - بر ضرر \nحکومت بود ، مورد اذیت و ایذاء دستگاه قرار می گرفت .\nدستگاه خلافت آنجا که پای مصالح \nحکومتی پیش می آمد و احساس می کردند امام ( ع ) نقاب از چهره ظالمانه \nدستگاه برمی گیرد و خط صحیح را در شناخت \" امام معصوم ( ع ) \" و امامت که \nدنباله خط \" رسالت \" و بالاخره \" حکومت الله \" است تعلیم می دهد ، تکان می \nخوردند و دست به ایذاء و آزار و شکنجه امام ( ع ) می زدند و گاه به زجر و \nحبس و تبعید ...\nبرای شناخت این امر ، به بیان این واقعه که در تاریخ یاد شده است می پردازیم :\"\n در یکی از سالها که هشام بن عبدالملک ، خلیفه اموی ، به حج می آید ، جعفر \nبن محمد ، امام صادق ، در خدمت پدر خود ، امام محمد باقر ، نیز به حج می \nرفتند .\n \nروزی در مکه ، حضرت صادق ، در مجمع عمومی \nسخنرانی می کند و در آن سخنرانی تأکید بر سر مسأله پیشوایی و امامت و اینکه\n پیشوایان بر حق و خلیفه های خدا در زمین ایشانند نه دیگران ، و اینکه \nسعادت اجتماعی و رستگاری در پیروی از ایشان است و بیعت با ایشان و ... نه \nدیگران . این سخنان که در بحبوحه قدرت هشام گفته می شود ، آن هم در مکه در \nموسم حج ، طنینی بزرگ می یابد و به گوش هشام می رسد. هشام در مکه جرأت نمی \nکند و به مصلحت خود نمی بیند که متعرض آنان شود . اما چون به دمشق می رسد ،\n مأمور به مدینه می فرستد و از فرماندار مدینه می خواهد که امام باقر ( ع )\n و فرزندش را به دمشق روانه کند، و چنین می شود .\nدر محفلی که هشام برای توهین به امام \nترتیب داده بود بر سر مقام رهبری و خلافت اسلامی با امام باقر ( ع ) سخن می\n گوید . امام باقر درباره رهبری رهبران بر حق و چگونگی اداره اجتماع اسلامی\n و اینکه رهبر یک اجتماع اسلامی باید چگونه باشد ، سخن می گوید.\n \nاینها همه هشام را - که فاقد آن صفات بوده\n است و غاصب آن مقام - بیش از پیش ناراحت می کند . بعضی نوشته اند که : \nامام باقر را در دمشق به زندان افکند . و چون به او خبر می دهند که \nزندانیان دمشق مرید و معتقد به امام ( ع ) شده اند ، امام را رها می کند و \nبه شتاب روانه مدینه می نماید . و پیکی سریع ، پیش از حرکت امام از دمشق ، \nمی فرستد تا در آبادیها و شهرهای سر راه همه جا علیه آنان ( امام باقر و \nامام صادق - ع - ) تبلیغ کنند تا بدین گونه ، مردم با آنان تماس نگیرند و \nتحت تأثیر گفتار و رفتارشان واقع نشوند . با این وصف امام ( ع ) در این سفر\n ، از تماس با مردم - حتی مسیحیان - و روشن کردن آنان غفلت نمی ورزد.\nحضرت امام محمد باقر ( ع ) 19سال و ده\n ماه پس از شهادت پدر بزرگوارش حضرت امام زین العابدین ( ع ) زندگی کرد و \nدر تمام این مدت به انجام دادن وظایف خطیر امامت ، نشر و تبلیغ فرهنگ \nاسلامی ، تعلیم شاگردان ، رهبری اصحاب و مردم ، اجرا کردن سنتهای جد \nبزرگوارش در میان خلق ، متوجه کردن دستگاه غاصب حکومت به خط صحیح رهبری و \nراه نمودن به مردم در جهت شناخت رهبر واقعی و امام معصوم ، که تنها خلیفه \nراستین خدا و رسول ( ص ) در زمین است ، پرداخت و لحظه ای از این وظیفه غفلت\n نفرمود .\nسرانجام در هفتم ذیحجه سال 114  هجری \nدر سن 57 سالگی در مدینه با توطئه هشام مسموم شد و چشم از جهان فروبست . \nپیکر مقدسش را در قبرستان بقیع - کنار پدر بزرگوارش - به خاک سپردند.\n\n\n"}