{"type": "blog", "blog_name": "زندگی زیباست اما شهادت زیباتر", "blog_url": "http://rouya.blog.ir/", "post_url_1": "http://rouya.blog.ir/post/%D9%85%D8%A8%D8%A7%D9%86%DB%8C-%D9%86%D8%B8%D8%B1%DB%8C-%D9%88-%D9%BE%DB%8C%D8%B4%DB%8C%D9%86%D9%87-%D8%AA%D8%AD%D9%82%DB%8C%D9%82-%D8%B1%D8%A7%D8%A8%D8%B7%D9%87-%D8%B3%D8%A7%D8%AE%D8%AA%D8%A7%D8%B1-%D8%B3%D8%A7%D8%B2%D9%85%D8%A7%D9%86%DB%8C-%D9%88-%D9%81%D9%86%D8%A7%D9%88%D8%B1%DB%8C-%D8%A7%D8%B7%D9%84%D8%A7%D8%B9%D8%A7%D8%AA", "post_title_1": "مبانی نظری و پیشینه تحقیق رابطه ساختار سازمانی و فناوری اطلاعات", "post_content_1": "\n\n#shopContainerBox{width:600px;padding:1px;margin:3px auto;border:solid 1px #ccc;direction:rtl;font-family:Tahoma;font-size:11px;color:#4e88c3;}\n.lstShop{float:right;background-color:#f9f9f9;border:solid 1px #ccc;width:130px;height:230px;margin:2px;padding:1px 3px 3px 3px;line-height:19px;text-align:center;border-radius:5px;box-shadow:0 0 8px 2px #ccc inset;}\n.lstShop:hover{background-color:#e5fde6;border-color:#338d35;color:Black;box-shadow:0 0 8px 2px #338d35 inset;}\n.lstShop,.lstShop a{-moz-transition: all 0.3s linear;-o-transition: all 0.3s linear;-webkit-transition: all 0.3s linear;transition: all 0.3s linear;}\n.lstShop img{border:0;}\n.lstShop a{text-decoration:underline;color:blue;padding:2px 2px 4px 2px;margin-bottom:0px;}\n.lstShop a:hover{text-decoration:none;background-color:#ec2b34;color:White;}\n.prod-img img{width:100px;height:110px;}\n.buylink{margin-top:4px;}\n.buylink a{background-color:#19b0ea;color:white;border-radius:6px;text-decoration:none;padding:2px 9px 6px 9px;border:solid 1px #008cef;margin-right:2px;}\n.buylink a:hover{background-color:#008cef;box-shadow:0 0 5px 1px #008cef;}\n.clear{clear:both;}\n\n\n\n\nمبانی نظری برنامه بهبود کیفیت\n\n\n\n            قیمت 29000 تومان\n            \n\nتوضیحات\n\n                دانلود\n                \n\n\n\nمبانی نظری و پیشینه تحقیق الگوی برنامه درسی تلفیقی\n\n\n\n            قیمت 37000 تومان\n            \n\nتوضیحات\n\n                دانلود\n                \n\n\n\nمبانی نظری و پیشینه تحقیق امر به معروف و نهی از منکر در عرصه عفاف و حجاب\n\n\n\n            قیمت 35000 تومان\n            \n\nتوضیحات\n\n                دانلود\n                \n\n\n\nمبانی نظری و پیشینه تحقیق توانمندسازی منابع انسانی\n\n\n\n            قیمت 29000 تومان\n            \n\nتوضیحات\n\n                دانلود\n                \n\n\n\n\nمبانی نظری و پیشینه تحقیق حجاب در مذهب\n\n\n\n            قیمت 24000 تومان\n            \n\nتوضیحات\n\n                دانلود\n                \n\n\n\nمبانی نظری و پیشینه تحقیق حجاب و بدحجابی\n\n\n\n            قیمت 28000 تومان\n            \n\nتوضیحات\n\n                دانلود\n                \n\n\n\nمبانی نظری و پیشینه تحقیق رابطه ساختار سازمانی و فناوری اطلاعات\n\n\n\n            قیمت 49000 تومان\n            \n\nتوضیحات\n\n                دانلود\n                \n\n\n\nمبانی نظری و پیشینه تحقیق رابطه سبک رهبری و رضایت شغلی\n\n\n\n            قیمت 37000 تومان\n            \n\nتوضیحات\n\n                دانلود\n                \n\n\n\n\nمبانی نظری و پیشینه تحقیق سازمان یادگیرنده\n\n\n\n            قیمت 27000 تومان\n            \n\nتوضیحات\n\n                دانلود\n                \n\n\n\nمبانی نظری و پیشینه تحقیق علل مطالبات معوق در نظام بانکی\n\n\n\n            قیمت 25000 تومان\n            \n\nتوضیحات\n\n                دانلود\n                \n\n\n\nمبانی نظری و پیشینه تحقیق مدیریت ریسک اعتباری\n\n\n\n            قیمت 38000 تومان\n            \n\nتوضیحات\n\n                دانلود\n                \n\n\n\nمبانی نظری و پیشینه دلایل شکلگیری مطالبات معوق\n\n\n\n            قیمت 37000 تومان\n            \n\nتوضیحات\n\n                دانلود\n                \n\n\n\n\nمبانی نظری و پیشینه مطالبات معوق و ریسکهای آن\n\n\n\n            قیمت 35000 تومان\n            \n\nتوضیحات\n\n                دانلود\n                \n\n\n\n", "post_url_2": "http://rouya.blog.ir/post/%D9%BE%D8%A7%D9%88%D8%B1%D9%BE%D9%88%DB%8C%D9%86%D8%AA-%DA%AF%D8%B1%D9%88%D9%87-%D9%87%D8%A7%DB%8C-%D8%AE%D8%A8%D8%B1%DB%8C-%DA%AF%D8%B1%D8%AF%D8%B4%DA%AF%D8%B1%DB%8C", "post_title_2": "پاورپوینت گروه های خبری (گردشگری)", "post_content_2": "\n\n#shopContainerBox{width:600px;padding:1px;margin:3px auto;border:solid 1px #ccc;direction:rtl;font-family:Tahoma;font-size:11px;color:#4e88c3;}\n.lstShop{float:right;background-color:#f9f9f9;border:solid 1px #ccc;width:130px;height:230px;margin:2px;padding:1px 3px 3px 3px;line-height:19px;text-align:center;border-radius:5px;box-shadow:0 0 8px 2px #ccc inset;}\n.lstShop:hover{background-color:#e5fde6;border-color:#338d35;color:Black;box-shadow:0 0 8px 2px #338d35 inset;}\n.lstShop,.lstShop a{-moz-transition: all 0.3s linear;-o-transition: all 0.3s linear;-webkit-transition: all 0.3s linear;transition: all 0.3s linear;}\n.lstShop img{border:0;}\n.lstShop a{text-decoration:underline;color:blue;padding:2px 2px 4px 2px;margin-bottom:0px;}\n.lstShop a:hover{text-decoration:none;background-color:#ec2b34;color:White;}\n.prod-img img{width:100px;height:110px;}\n.buylink{margin-top:4px;}\n.buylink a{background-color:#19b0ea;color:white;border-radius:6px;text-decoration:none;padding:2px 9px 6px 9px;border:solid 1px #008cef;margin-right:2px;}\n.buylink a:hover{background-color:#008cef;box-shadow:0 0 5px 1px #008cef;}\n.clear{clear:both;}\n\n\n\n\nمبانی نظری ترویج کشاورزی\n\n\n\n            قیمت 24000 تومان\n            \n\nتوضیحات\n\n                دانلود\n                \n\n\n\nمبانی نظری توسعه کشاورزی\n\n\n\n            قیمت 17000 تومان\n            \n\nتوضیحات\n\n                دانلود\n                \n\n\n\nمبانی نظری و پیشینه تحقیق ارزیابی عملکرد کارکنان\n\n\n\n            قیمت 21000 تومان\n            \n\nتوضیحات\n\n                دانلود\n                \n\n\n\nمبانی نظری و پیشینه تحقیق اعلامیه های سود نقدی\n\n\n\n            قیمت 22000 تومان\n            \n\nتوضیحات\n\n                دانلود\n                \n\n\n\n\nمبانی نظری و پیشینه تحقیق تعارض نقش\n\n\n\n            قیمت 15000 تومان\n            \n\nتوضیحات\n\n                دانلود\n                \n\n\n\nمبانی نظری و پیشینه تحقیق حفظ و نگهداری نیروی انسانی\n\n\n\n            قیمت 29000 تومان\n            \n\nتوضیحات\n\n                دانلود\n                \n\n\n\nمبانی نظری و پیشینه تحقیق عکس العمل بازار سهام\n\n\n\n            قیمت 21000 تومان\n            \n\nتوضیحات\n\n                دانلود\n                \n\n\n\nمبانی نظری و پیشینه تحقیق تعهد درک شده کارکنان\n\n\n\n            قیمت 15000 تومان\n            \n\nتوضیحات\n\n                دانلود\n                \n\n\n\n\nمبانی نظری و پیشینه تحقیق رضایت شغلی\n\n\n\n            قیمت 19000 تومان\n            \n\nتوضیحات\n\n                دانلود\n                \n\n\n\nمبانی نظری و پیشینه تحقیق رضایت شغلی، ارزشها، نگرشها و انگیزش\n\n\n\n            قیمت 27000 تومان\n            \n\nتوضیحات\n\n                دانلود\n                \n\n\n\nمبانی نظری و پیشینه تحقیق رضایت مشتری\n\n\n\n            قیمت 24000 تومان\n            \n\nتوضیحات\n\n                دانلود\n                \n\n\n\nمبانی نظری و پیشینه تحقیق ساختار سازمانی\n\n\n\n            قیمت 24000 تومان\n            \n\nتوضیحات\n\n                دانلود\n                \n\n\n\n\nمبانی نظری و پیشینه تحقیق سبک رهبری\n\n\n\n            قیمت 25000 تومان\n            \n\nتوضیحات\n\n                دانلود\n                \n\n\n\nمبانی نظری و پیشینه تحقیق فناوری اطلاعات در سازمان\n\n\n\n            قیمت 29000 تومان\n            \n\nتوضیحات\n\n                دانلود\n                \n\n\n\nمبانی نظری و پیشینه تحقیق مالیه رفتاری\n\n\n\n            قیمت 22000 تومان\n            \n\nتوضیحات\n\n                دانلود\n                \n\n\n\nمبانی نظری و پیشینه تحقیق مدیریت منابع انسانی\n\n\n\n            قیمت 26000 تومان\n            \n\nتوضیحات\n\n                دانلود\n                \n\n\n\n\nمبانی نظری و پیشینه تحقیق مشارکت محلی\n\n\n\n            قیمت 24000 تومان\n            \n\nتوضیحات\n\n                دانلود\n                \n\n\n\nمبانی نظری و پیشینه تحقیق شوراهای اسلامی روستایی\n\n\n\n            قیمت 27000 تومان\n            \n\nتوضیحات\n\n                دانلود\n                \n\n\n\nمدیریت جامعه روستایی ایران و سیر تحول آن\n\n\n\n            قیمت 15000 تومان\n            \n\nتوضیحات\n\n                دانلود\n                \n\n\n\nپاورپوینت نگرش اسلامی یا الگوی قرآنی به فساد\n\n\n\n            قیمت 9500 تومان\n            \n\nتوضیحات\n\n                دانلود\n                \n\n\n\n\nپاورپوینت معنای لغوی اصطلاحی مباهله وچگونگی اداء آن\n\n\n\n            قیمت 7000 تومان\n            \n\nتوضیحات\n\n                دانلود\n                \n\n\n\nپاورپوینت بیداری اسلامی در  جهان عرب، ایران و شبه قاره هند\n\n\n\n            قیمت 12000 تومان\n            \n\nتوضیحات\n\n                دانلود\n                \n\n\n\nپاورپوینت گروه های خبری (گردشگری)\n\n\n\n            قیمت 5000 تومان\n            \n\nتوضیحات\n\n                دانلود\n                \n\n\n\nپاورپونیت روش تحقیق کاربردتکنیکهای تشخیص الگو درارزیابی تغییرات زمانی ومکانی کیف...\n\n\n\n            قیمت 15000 تومان\n            \n\nتوضیحات\n\n                دانلود\n                \n\n\n\n\nپاورپوینت تحقیق بادام مربوط به درس میوه های مناطق معتدله\n\n\n\n            قیمت 7000 تومان\n            \n\nتوضیحات\n\n                دانلود\n                \n\n\n\nمبانی نظری و پیشینه تحقیق رابطه رضایت شغلی و توسعه منابع انسانی\n\n\n\n            قیمت 38000 تومان\n            \n\nتوضیحات\n\n                دانلود\n                \n\n\n\n", "post_url_3": "http://rouya.blog.ir/post/%DA%A9%D8%AA%D8%A7%D8%A8-Essential-Guide-to-Canada-%D8%AF%D8%A7%DB%8C%D8%A7%D9%86-%D9%84%D9%85%DB%8C%DA%A9%D8%B3", "post_title_3": "کتاب Essential Guide to Canada (دایان لمیکس)", "post_content_3": "\n\n\nکتاب Essential Guide to Canada (دایان لمیکس)\nدانلود کتاب Essential Guide to Canada تالیف: Diane Lemieux (دایان لمیکس)، در قالب فایل pdf و در حجم 117 صفحه، شامل راهنمای زندگی، سفر، کار، تجارت در کانادا. با مطالعه این کتاب دیگران احساس می کنند سالیان دراز در آن کشور اقامت داشته اید. مجموعه culture smart ...\n\n\n\n\n", "post_url_4": "http://rouya.blog.ir/post/%D9%BE%D8%A7%D9%88%D8%B1%D9%BE%D9%88%DB%8C%D9%86%D8%AA-%D8%AF%D8%B1%D8%B3-%D8%AF%D9%88%D8%A7%D8%B2%D8%AF%D9%87%D9%85-%DA%A9%D8%AA%D8%A7%D8%A8-%D9%85%D8%B7%D8%A7%D9%84%D8%B9%D8%A7%D8%AA-%D8%A7%D8%AC%D8%AA%D9%85%D8%A7%D8%B9%DB%8C-%D9%BE%D8%A7%DB%8C%D9%87-%D9%BE%D9%86%D8%AC%D9%85-%D8%A7%D8%A8%D8%AA%D8%AF%D8%A7%DB%8C%DB%8C", "post_title_4": "پاورپوینت درس دوازدهم کتاب مطالعات اجتماعی پایه پنجم ابتدایی", "post_content_4": "\n\n\nپاورپوینت درس دوازدهم کتاب مطالعات اجتماعی پایه پنجم ابتدایی\nدانلود پاورپوینت آموزش درس دوازدهم کتاب مطالعات اجتماعی پایه پنجم ابتدایی (کشورهای همسایه 2 ) ، تشکیل شده از 37 اسلاید زیبا و جذّاب ، جهت تدریس در کلاس هوشمند توسط معلم کلاس پنجم طراحی شده است. محتوای این پاورپوینت آمزشی شامل همسایگان کشور ما ...\n\n\n\n\n", "post_url_5": "http://rouya.blog.ir/post/%D8%AA%D8%AD%D9%82%DB%8C%D9%82-%D8%A8%D8%B1%D8%B1%D8%B3%DB%8C-%D8%B1%DB%8C%D8%AE%D8%AA%D9%87-%DA%AF%D8%B1%DB%8C-%D9%85%D8%A7%D9%87%DB%8C%DA%86%D9%87-%D8%B3%D8%A7%D8%B2%DB%8C-%D8%A8%D9%87-%D8%B1%D9%88%D8%B4-%D8%AC%D8%B9%D8%A8%D9%87-%D8%B3%D8%B1%D8%AF-Cold-box", "post_title_5": "تحقیق بررسی ریخته گری ماهیچه سازی به روش جعبه سرد Cold box", "post_content_5": "\n\n#shopContainerBox{width:600px;padding:1px;margin:3px auto;border:solid 1px #ccc;direction:rtl;font-family:Tahoma;font-size:11px;color:#4e88c3;}\n.lstShop{float:right;background-color:#f9f9f9;border:solid 1px #ccc;width:130px;height:230px;margin:2px;padding:1px 3px 3px 3px;line-height:19px;text-align:center;border-radius:5px;box-shadow:0 0 8px 2px #ccc inset;}\n.lstShop:hover{background-color:#e5fde6;border-color:#338d35;color:Black;box-shadow:0 0 8px 2px #338d35 inset;}\n.lstShop,.lstShop a{-moz-transition: all 0.3s linear;-o-transition: all 0.3s linear;-webkit-transition: all 0.3s linear;transition: all 0.3s linear;}\n.lstShop img{border:0;}\n.lstShop a{text-decoration:underline;color:blue;padding:2px 2px 4px 2px;margin-bottom:0px;}\n.lstShop a:hover{text-decoration:none;background-color:#ec2b34;color:White;}\n.prod-img img{width:100px;height:110px;}\n.buylink{margin-top:4px;}\n.buylink a{background-color:#19b0ea;color:white;border-radius:6px;text-decoration:none;padding:2px 9px 6px 9px;border:solid 1px #008cef;margin-right:2px;}\n.buylink a:hover{background-color:#008cef;box-shadow:0 0 5px 1px #008cef;}\n.clear{clear:both;}\n\n\n\n\nپروژه پاورپوینت افزودنیهای مخلوط ماهیچه\n\n\n\n            قیمت 4500 تومان\n            \n\nتوضیحات\n\n                دانلود\n                \n\n\n\nمقاله بررسی ماهیچه های ریخته گری دائمی - فلزی\n\n\n\n            قیمت 3600 تومان\n            \n\nتوضیحات\n\n                دانلود\n                \n\n\n\nتحقیق بررسی ریخته گری ماهیچه سازی به روش جعبه گرم  hot box\n\n\n\n            قیمت 3400 تومان\n            \n\nتوضیحات\n\n                دانلود\n                \n\n\n\nتحقیق بررسی ریخته گری ماهیچه سازی به روش جعبه سرد Cold box\n\n\n\n            قیمت 3000 تومان\n            \n\nتوضیحات\n\n                دانلود\n                \n\n\n\n\nمقاله مبرد ها و چپلتهای ریخته گری\n\n\n\n            قیمت 3400 تومان\n            \n\nتوضیحات\n\n                دانلود\n                \n\n\n\nپاورپوینت ساخت جعبه ماهیچه های رزینی اپوکسی\n\n\n\n            قیمت 3500 تومان\n            \n\nتوضیحات\n\n                دانلود\n                \n\n\n\nتحقیق پوشش دادن قالب ماهیچه ریخته گری\n\n\n\n            قیمت 3500 تومان\n            \n\nتوضیحات\n\n                دانلود\n                \n\n\n\nپروژه انواع ماهیچه ریخته گری\n\n\n\n            قیمت 4000 تومان\n            \n\nتوضیحات\n\n                دانلود\n                \n\n\n\n\nدانلود پاورپوینت انواع ماهیچه ریخته گری\n\n\n\n            قیمت 6000 تومان\n            \n\nتوضیحات\n\n                دانلود\n                \n\n\n\nدانلود پاورپوینت طراحی قالب های دایکست\n\n\n\n            قیمت 4800 تومان\n            \n\nتوضیحات\n\n                دانلود\n                \n\n\n\nدانلود پروژه طراحی قالب های دایکست\n\n\n\n            قیمت 3500 تومان\n            \n\nتوضیحات\n\n                دانلود\n                \n\n\n\nمبانی نظری خودکارآمدی حرفه ای\n\n\n\n            قیمت 19000 تومان\n            \n\nتوضیحات\n\n                دانلود\n                \n\n\n\n\nمبانی نظری چربی ها و روغن ها در تغذیه طیور، روغن سویا، روغن آفتابگردان، روغن ماه...\n\n\n\n            قیمت 23000 تومان\n            \n\nتوضیحات\n\n                دانلود\n                \n\n\n\nمبانی نظری بازی های رایانه ای، کاربردهای آموزشی، تربیتی بازی های رایانه ای، یادگ...\n\n\n\n            قیمت 20000 تومان\n            \n\nتوضیحات\n\n                دانلود\n                \n\n\n\nمبانی نظری رسانه های اجتماعی، شبکه های اجتماعی، خصوصیات آموزشی، تربیتی، رسانه ها...\n\n\n\n            قیمت 27000 تومان\n            \n\nتوضیحات\n\n                دانلود\n                \n\n\n\nمبانی نظری خودانگیختگی، هوش هیجانی\n\n\n\n            قیمت 25000 تومان\n            \n\nتوضیحات\n\n                دانلود\n                \n\n\n\n\nمبانی نظری نارسایی شناختی\n\n\n\n            قیمت 25000 تومان\n            \n\nتوضیحات\n\n                دانلود\n                \n\n\n\nمبانی نظری ناتوانی های یادگیری، آموزش و پرورش استثنایی\n\n\n\n            قیمت 23000 تومان\n            \n\nتوضیحات\n\n                دانلود\n                \n\n\n\nمبانی نظری معنادرمانی\n\n\n\n            قیمت 20000 تومان\n            \n\nتوضیحات\n\n                دانلود\n                \n\n\n\nمبانی نظری فشار خون، استرس\n\n\n\n            قیمت 15000 تومان\n            \n\nتوضیحات\n\n                دانلود\n                \n\n\n\n\nمبانی نظری فشار روانی والدگری، کودکان با نیازهای ویژه\n\n\n\n            قیمت 21000 تومان\n            \n\nتوضیحات\n\n                دانلود\n                \n\n\n\nمبانی نظری عملکرد شناختی، هوش، حافظه، توجه\n\n\n\n            قیمت 20000 تومان\n            \n\nتوضیحات\n\n                دانلود\n                \n\n\n\nمبانی نظری آموزش مهارت اجتماعی به کم توان و عقب ماندگی ذهنی\n\n\n\n            قیمت 19000 تومان\n            \n\nتوضیحات\n\n                دانلود\n                \n\n\n\nمبانی نظری روابط زناشویی، صمیمیت زناشویی، رضایت زناشویی و عملکرد جنسی در بین زوج...\n\n\n\n            قیمت 27000 تومان\n            \n\nتوضیحات\n\n                دانلود\n                \n\n\n\n\nمبانی نظری سوختگی و خودسوزی\n\n\n\n            قیمت 25000 تومان\n            \n\nتوضیحات\n\n                دانلود\n                \n\n\n\nمبانی نظری سیگار و دخانیات\n\n\n\n            قیمت 13000 تومان\n            \n\nتوضیحات\n\n                دانلود\n                \n\n\n\n", "post_full_content_1": "", "post_full_content_4": "", "post_full_content_5": "", "post_full_content_2": "", "post_full_content_3": ""}