{"type": "blog", "blog_name": "دانلود خوب", "blog_url": "http://downloadgood.blog.ir/", "post_url_1": "http://downloadgood.blog.ir/1396/05/05/%D8%B3%D8%B1%D9%82%D8%AA-%D8%A7%D8%B2-%D8%B7%D9%84%D8%A7-%D9%81%D8%B1%D9%88%D8%B4%DB%8C-%D8%AF%D8%B1-%D8%B4%DB%8C%D8%B1%D8%A7%D8%B2", "post_title_1": "سرقت از طلا فروشی در شیراز", "post_content_1": "ویدیو سرقت از طلا فروشی در شیراز\n\nبرای تماشای ویدیو بر روی لینک زیر کلیک نمایید .\nhttp://www.vidofa.com/video/72JTLT05YYTC", "post_url_2": "http://downloadgood.blog.ir/1396/03/01/%D9%81%DB%8C%D9%84%D9%85-%D9%84%D8%AD%D8%B8%D9%87-%D8%AD%D9%85%D9%84%D9%87-%D8%AA%D8%B1%D9%88%D8%B1%DB%8C%D8%B3%D8%AA-%D9%87%D8%A7-%D8%A8%D9%87-%DA%A9%D9%84%D8%A7%D9%86%D8%AA%D8%B1%DB%8C-22-%D8%A7%D9%87%D9%88%D8%A7%D8%B2", "post_title_2": "فیلم لحظه حمله تروریست ها به کلانتری 22 اهواز", "post_content_2": " فیلم لحظه حمله تروریست ها به کلانتری 22 اهواز \nبرای تماشا بر روی لینک زیر کلیک نمایید \nhttp://jabeh.com/watch/95e853\n", "post_url_3": "http://downloadgood.blog.ir/1396/02/14/%D9%A2%D9%A5-%D8%AF%D9%84%DB%8C%D9%84-%D8%A8%D8%B1%D8%AA%D8%B1%DB%8C-%DA%AF%D9%88%D8%B4%DB%8C-%D8%A2%DB%8C%D9%81%D9%88%D9%86-%D9%A6-%D8%A7%D8%B3-%D8%A7%D8%B2-%D8%A2%DB%8C%D9%81%D9%88%D9%86-%D9%A6-%D8%A7%D8%B3", "post_title_3": "٢٥ دلیل برتری گوشی آیفون ٦ اس از آیفون ٦ اس", "post_content_3": " ٢٥ دلیل برتری گوشی آیفون ٦ اس از آیفون ٦ اس\nبرای تماشا بر روی لینک زیر کلیک نمایید \nhttp://jabeh.com/watch/95b1g1\n\n", "post_url_4": "http://downloadgood.blog.ir/1396/01/18/%D9%88%DB%8C%D8%AF%DB%8C%D9%88-%D8%A8%D8%B1%D8%B1%D8%B3%DB%8C-%DA%AF%D9%88%D8%B4%DB%8C-%D8%B3%D8%A7%D9%85%D8%B3%D9%88%D9%86%DA%AF-Samsung-Galaxy-A7-2017", "post_title_4": "ویدیو  بررسی گوشی سامسونگ Samsung Galaxy A7  2017", "post_content_4": "ویدیو  بررسی گوشی سامسونگ Samsung Galaxy A7  2017\nبرای\nتماشا بر روی لینک زیر کلیک نمایید\n\nhttp://opizo.com/zs1YdN\n", "post_url_5": "http://downloadgood.blog.ir/1396/01/18/%D8%AA%DB%8C%D8%B2%D8%B1-%D8%A7%D9%86%D9%88%D8%A7%D8%B9-%D9%81%DB%8C%D9%84%D9%85-%D9%87%D8%A7", "post_title_5": "تیزر انواع فیلم ها", "post_content_5": "تیزر انواع فیلم ها\nبرای\nتماشا بر روی لینک زیر کلیک نمایید\n\n\nhttp://jabeh.com/watch/796628\n", "post_full_content_5": "\nتیزر انواع فیلم ها\n\n\n", "post_full_content_2": "\nفیلم لحظه حمله تروریست ها به کلانتری 22 اهواز\n\n\n", "post_full_content_4": "\nویدیو  بررسی گوشی سامسونگ Samsung Galaxy A7  2017\n\n\n", "post_full_content_3": "\n٢٥ دلیل برتری گوشی آیفون ٦ اس از آیفون ٦ اس\n\n\n", "post_full_content_1": "\nسرقت از طلا فروشی در شیراز\n\n\n"}