{"type": "blog", "blog_name": "سایت مسیر توبه", "blog_url": "http://masirtobe.blog.ir/", "post_url_1": "http://masirtobe.blog.ir/1396/05/02/%D8%A7%D9%86%D8%B1%DA%98%DB%8C-%D9%85%D8%AB%D8%A8%D8%AA-%D8%AF%D8%B1-%D8%AA%D8%B1%DA%A9-%DA%AF%D9%86%D8%A7%D9%87", "post_title_1": "انرژی مثبت در ترک گناه", "post_content_1": "☻به نام خدای خوبی و مهربون☻\nسلام به دوستان عزیز و مهربون\nامیدوارم سرشار از عزت نفس و آرامش و موفقیت باشید.\nداداش محمد رضا هستم✌\nتو این مطلب میخوام حسابی درباره انرژی خوب و مثبتی که تو ترک گناه وجود داره\n\nادامه مطلب", "post_url_2": "http://masirtobe.blog.ir/1396/04/29/%D8%AA%D8%B1%DA%A9-%DA%AF%D9%86%D8%A7%D9%87-%D8%A8%D8%A7-%D8%A7%D9%86%DA%AF%DB%8C%D8%B2%D9%87-%D9%82%D9%84%D8%A8", "post_title_2": "ترک گناه با انگیزه قلب", "post_content_2": "❤به نام خدای خوبی و مهربون❤\nسلام خدمت همه دوستان عزیز و گل و مهربون\nشهادت امام خوبی امام صادق (ع) عزیز را تسلیت می گویم\nببخشید چند روز بود خیلی سرم شلوغ بود به سایت نتونستم سر بزنم\nولی با تجربه های عالی و تازه اومدم✌\nدوستان توبه و ترک گناه باید از ته قلب باشه تا خدا بپزیره\nو انگیزه ای برای گناه نباشه\n\nادامه مطلب", "post_url_3": "http://masirtobe.blog.ir/1396/04/23/%D8%AA%D8%B1%DA%A9-%DA%AF%D9%86%D8%A7%D9%87-%D9%88-%D8%B1%D9%88%D8%B4%D9%86%D8%A7%DB%8C%DB%8C-%D8%AF%D9%84", "post_title_3": "ترک گناه و روشنایی دل", "post_content_3": "☻به نام خدای خیلی مهربون☻\nسلام به همه شما دوستان با اراده و پر از انرژی\nامروز میخواهم درباره ترک گناه و روشنایی دل حرف بزنم\nوقتی که بخاطر خدای مهربون از هر نوع گناهی دست کشی میکنیم✌\nتا چند روز احساس می کنیم درون ما خالیه خالیه\nدر واقع احساس تنهایی می کنیم\nولی این یک امتحان از طرف خدا هست\n\nادامه مطلب", "post_url_4": "http://masirtobe.blog.ir/1396/04/20/%D8%AD%D9%85%D9%84%D8%A7%D8%AA-%D8%B4%DB%8C%D8%B7%D8%A7%D9%86-%D8%A8%D8%B9%D8%AF-%D8%A7%D8%B2-%D8%AA%D9%88%D8%A8%D9%87", "post_title_4": "حملات شیطان بعد از توبه", "post_content_4": "❤به نام خدای خوبی❤\nسلام به برادر ها و خواهران عزیز\nامیدوارم حالتون خوب  باشه\nو سرشار از امید و سرحالی و موفقیت باشید.❁\nامروز میخوام تو این پست راجب به حمله های شیطان\nبه انسان که بعد از توبه اتفاق می افته حرف بزنم.\n\nادامه مطلب", "post_url_5": "http://masirtobe.blog.ir/1396/04/17/%D8%B1%D9%88%D8%B2-%D9%87%D8%A7%DB%8C-%D8%B3%D8%AE%D8%AA-%D8%AA%D9%88%D8%A8%D9%87", "post_title_5": "روز های سخت توبه", "post_content_5": "❤ به نام خدای خوبی❤\nسلام\nداداش محمد رضا هستم\nامیدوارم شاد و پر انرژی باشید\nیک چند وقته دارم به روز های سخت توبه فکر می کنم\nمیدونید یک حس لذت و آرامش و عشق به خدا پیدا\nمی کنید بعد از توبه کردن❤\nاینو خدایی فقط اون هایی که از روی عشق و از ته ته دل پاکشون توبه\nکردن میفهمند✌\n\nادامه مطلب", "post_full_content_5": "", "post_full_content_4": "", "post_full_content_3": "", "post_full_content_2": "", "post_full_content_1": ""}