{"type": "blog", "blog_name": "آرامش با خدا", "blog_url": "http://hosna79.blog.ir/", "post_url_1": "http://hosna79.blog.ir/1396/07/15/%D8%AF%D9%84-%D8%A8%D9%87-%D8%AE%D8%AF%D8%A7-%D8%A8%D8%B3%D9%BE%D8%A7%D8%B1", "post_title_1": "دل به خدا بسپار ...", "post_content_1": "\n\nدل به خدا بسپار\nکه شانه به شانه ات حرکت می کند\nو مراقب است از هجوم رگبار ناملایمات.\nدل به خدا بسپار\nتا آسمان پاک قلبت\nستاره باران شود\nو زمین سبز وجودت\nگل افشان.\nدل به خدا بسپار\nکه نمو کند شاخه ی کوچک\nحقیقت در قلبت\nو آنگاه سترگ شود\nو به بلندای کوه ها\nبه پهنای تمامی دشت ها و سرسبزی چمنزارها.\nدل به خدا بسپار\nتا در نهایت به مهمانی\nاو روی در ضیافتی بزرگ و باشکوه و جاودان\nدر سرزمین برین.\nدل به خدا بسپار\nو تمامی تردیدها را به دور بیفکن...!", "post_url_2": "http://hosna79.blog.ir/1396/07/07/%D8%B9%D8%B4%D9%82", "post_title_2": "عشق ...", "post_content_2": "\n\nعشق؛ اتفاق نیست\nکه با آمدن و رفتن ها\nاز چشم بیافتد\nعشق ، تویی !\nوجودت که عشق باشد\nمی بخشی تمامِ مهربانیت را\nحالا اینکه بی حرمتی می کنند\nبا نامِ عشق \nحالا اینکه تفاوتِ آغوش و بوسه هایِ عاشقانه را نمی فهمند ،\nحالا اینکه تو عاشق بوده ای و عاشقی کرده ای\nو ندیدند ، ...\nعشق؛ باز هم همان عشق است\nمثلِ خدا\nکه ما بی مِهر می شویم ...\nما فراموشش می کنیم\nما نمی بینیم دستانِ نوازشگرش را\nاما او باز هم خدایی می کند\nباز هم دلش برایِ خنده هایِ ما\nتنگ می شود ..", "post_url_3": "http://hosna79.blog.ir/1396/06/30/%D9%86%D8%A7%D8%A7%D9%85%DB%8C%D8%AF%DB%8C", "post_title_3": "ناامیدی ...", "post_content_3": "\n\nبعضی لحظه ها که غرق ناامیدی میشی\n وقتی فکر میکنی هیچ راهی نیست\n و هیچ کاری ازت برنمیاد\nوقتایی که دلت فقط یه دلخوشی میخواد \nو یه شادی از ته دل وقتایی که\n حس میکنی توان ادامه دادن نداری \nفقط فقط فراموش نکن که خدا همیشه کنارت بوده و هست \nکه فقط خداست که قدرت مطلقه \nپس باهاش حرف بزن دردودل کن \nخدا حتما کمکت میکنه \nفقط کاش باور کنیم که خدا تنهامون نذاشته\nکه جواب دعاهامونو میده \nکه فقط خداست که میتونه آرامش رو به دلهامون برگردونه \nنه کسی و چیزی دیگه\n.", "post_url_4": "http://hosna79.blog.ir/1396/06/28/%D8%B2%D9%86%D8%AF%DA%AF%DB%8C-%D8%A8%D8%A7-%D8%AE%D8%AF%D8%A7", "post_title_4": "زندگی با خدا", "post_content_4": "\n\nبیایید با خدا زندگی کنیم \nنه اینکه گاهی به او سر بزنیم؛ \nتا با کسی زندگی نکنی نمی‌توانی او را بشناسی \nوبا او انس بگیری!\nاگر مدتی شب و روز با کسی زندگی کنی \nبه او انس خواهی گرفت، \nاگر با خدا انس پیدا کنی \nشدیدا به او علاقمند می‌شوی،\nخدا تنها انیسی است که \nمانوس خود را هرگز تنها نمی‌گذارد\n", "post_url_5": "http://hosna79.blog.ir/1396/06/08/%D9%82%D8%B5%D9%87-%D8%B9%D8%B4%D9%82", "post_title_5": "قصه عشق ...", "post_content_5": "\n\nسر بر شانه خدا بگذار \nتا قصه عشق را چنان زیبا بخواند\nکه نه از دوزخ بترسی\nو نه از بهشت به رقص درآیی\nقصه عشق انسان بودن ماست ...", "post_full_content_4": "", "post_full_content_2": "", "post_full_content_3": "", "post_full_content_5": "", "post_full_content_1": ""}