{"type": "blog", "blog_name": "Picture or movies", "blog_url": "http://picture-f-kh.blog.ir/", "post_url_1": "http://picture-f-kh.blog.ir/1396/09/14/binyeo22", "post_title_1": "binyeo22", "post_content_1": "بسم الله الرحمن الرحیم\n\n\n\nادامه مطلب", "post_url_2": "http://picture-f-kh.blog.ir/1396/07/29/Inuyash-a", "post_title_2": "Inuyash a", "post_content_2": "بسم الله الرحمن الرحیم\n\n\n\n\n\nادامه مطلب", "post_url_3": "http://picture-f-kh.blog.ir/1396/07/28/Snow-White-with-red-h-air", "post_title_3": "Snow White with red h air", "post_content_3": "بسم الله الرحمن الرحیم\n\n\n\n\nادامه مطلب", "post_url_4": "http://picture-f-kh.blog.ir/1396/07/18/binyeo-18", "post_title_4": "binyeo 18", "post_content_4": "بسم الله الرحمن الرحیم\nادامه مطلب", "post_url_5": "http://picture-f-kh.blog.ir/1396/07/10/binyeo-17", "post_title_5": "binyeo 17", "post_content_5": "بسم الله الرحمن الرحیم\nادامه مطلب", "post_full_content_4": "\nbinyeo 18\n\n\n\nبسم الله الرحمن الرحیم\n\n\n", "post_full_content_5": "\nbinyeo 17\n\n\n\nبسم الله الرحمن الرحیم\n\n\n", "post_full_content_3": "\nSnow White with red h air\n\n\n\nبسم الله الرحمن الرحیم\n\n\n\n\n\n\n", "post_full_content_2": "\nInuyash a\n\n\n\nبسم الله الرحمن الرحیم\n\n\n\n\n\n\n\n", "post_full_content_1": "\nbinyeo22\n\n\n\nبسم الله الرحمن الرحیم\n\n\n\n\n\n"}