{"type": "blog", "blog_name": "otaku world", "blog_url": "http://otakou-world.blog.ir/", "post_url_1": "http://otakou-world.blog.ir/1396/10/16/baby-driver", "post_title_1": "baby driver", "post_content_1": "میدونم خیل ربطی به موضوع اصلی وبلاگ نداره ولی من دیروز ( دیشب  ) یک فیلم دیدم که پارسال اکران شده و از محبوبترین فیلم های 2017 هستش .\nbaby driver\nاگه شما هم مثل من عاشق ماشین و آهنگ هستید پیشنهاد میکنم این فیلم رو از دست ندیدددد \nداستان یک پسر هستش که توی یک باند خلاف به عنوان راننده کار میکنه. پسره رانندگیش عالیه و همش آهنگ گوش میده . خیلی هم کم حرفه به خاط همین همه بیبی ( بچه ) صداش میزنن و ... ( بقیش رو خودتون برید ببینید دیگه !!! همش رو که من نباید بگم  )\n\n", "post_url_2": "http://otakou-world.blog.ir/1396/10/13/%D9%85%D9%88%D8%B1%D8%A7%D8%B3%D8%A7%DA%A9%DB%8C%D8%A8%D8%A7%D8%B1%D8%A7-%D8%A2%D8%AA%D8%B3%D9%88%D8%B4%DB%8C-%DA%A9%D9%88%D8%B1%D9%88%DA%A9%D9%88-%D9%86%D9%88-%D8%A8%D8%B3%DA%A9%D9%87", "post_title_2": "موراساکیبارا آتسوشی-کوروکو نو بسکه", "post_content_2": "من در عجبم که این بشر چطوری میتونه انقدر هله هوله بخوره :/\nمن امروز اومدم ادای موراساکیبارا رو در بیارم زیاد آبنبات خوردم هم دندون درد گرفتم هم دل درد هم سر درد :/\n", "post_url_3": "http://otakou-world.blog.ir/1396/10/13/%D8%B9%D8%A7%D8%B4%D9%82%D8%A7%D9%86-%D8%B4%DB%8C%D8%B7%D8%A7%D9%86%DB%8C", "post_title_3": "عاشقان شیطانی", "post_content_3": "خیر سرتون برادرید :///\n", "post_url_4": "http://otakou-world.blog.ir/1396/09/24/%D8%B1%D9%88%D8%B2-%D8%A7%D9%88%D8%AA%D8%A7%DA%A9%D9%88-%D9%85%D8%A8%D8%A7%D8%B1%DA%A9", "post_title_4": "روز اوتاکو مبارک !!!!", "post_content_4": "امروز روز اوتاکو هست ! به همه اوتاکو ها روز اوتاکو رو تبریک میگم !\nخودم خیلی خوشحالم چون امسال اولین روز اوتاکو من هست ! \n\n\n\n", "post_url_5": "http://otakou-world.blog.ir/1396/09/03/attack-on-tittan-season-3", "post_title_5": "attack on tittan season 3", "post_content_5": "چرا فصل سومش نمیاد ؟ :/\n\n", "post_full_content_2": "", "post_full_content_1": "\n\n\n۱۶ دی ۹۶\n\n\n\nbaby driver\n\n\n\n", "post_full_content_5": "\n\n\n۳ آذر ۹۶\n\n\n\nattack on tittan season 3\n\n\n\n", "post_full_content_4": "\n\n\n۲۴ آذر ۹۶\n\n\n\nروز اوتاکو مبارک !!!!\n\n\n\n\nامروز روز اوتاکو هست ! به همه اوتاکو ها روز اوتاکو رو تبریک میگم !\nخودم خیلی خوشحالم چون امسال اولین روز اوتاکو من هست ! \n\n\n", "post_full_content_3": ""}