{"type": "blog", "blog_name": "سیمپل", "blog_url": "http://1simple.blog.ir/", "post_url_1": "http://1simple.blog.ir/1396/09/24/219%D8%A7%D8%A7%D8%A7%D9%84%DA%A9%D9%86", "post_title_1": "219", "post_content_1": "خداروشکر که از فیلم سریال خریدن بیرون اومدیم و چندساله دانلود میکنیم.وگرنه من چجوری به فروشنده میگفتم \"وقتی تو خواب بودی\" رو میخوام؟ :/", "post_url_2": "http://1simple.blog.ir/1396/08/29/21%DB%B8%20%D8%AA%D8%B1%D8%A7%DA%98%D8%AF%DB%8C%20%D8%B7%D9%88%D8%B1", "post_title_2": "218", "post_content_2": "یک ساعت فیلم میبینی\nنیم ساعت گریه میکنی\nبیست دقیقش برای خودت، ده دقیقش واسه اونی که قراره آخر فیلم با تمام بدبختیاش بمیره...\nنویسنده ی لعنتی بدردنخور تراژدی که نوشتی داره نابودم میکنه!\nبعدش یه کمدی ببینم بشوره ببره پایین این حجم از غم و غصه رو!", "post_url_3": "http://1simple.blog.ir/1396/08/28/217%20%DA%86%D9%87%20%DA%A9%D9%86%D9%85%20%D9%85%DB%8C%DA%AF%DB%8C%D8%9F", "post_title_3": "217", "post_content_3": "دو تا احمق تو دنیا وجود داره\nیکیش منم که دارم برای دومین بار کنکور میدم\nدومیش هم خودمم که وسط بندوبساط کنکور فیلم تراژدی میبینم که روزی دوساعت زار بزنم...\n\n+جدیدا فهمیدم من به هیچی علاقه ندارم جز فیلم دیدن،خداروشکر تو هیچیم استعداد ندارم.به من بگن یه هفتصد هشتصد گیگ بهت میدیم بشین فیلم ببین بعدشم بمیر.من دیگه هیچی از دنیا نمیخوام.\n+ بزرگترین آرزوم اینه که همه فیلمای دنیا رو ببینم! مردم آرزوشون چیه من آرزوم چیه!صددرصد نگه داری مرغان دریایی چلغوز آباد قبول میشم.سلام کنکور!", "post_url_4": "http://1simple.blog.ir/1396/07/13/%D8%B3%D8%B1%D9%86%D9%88%D8%B4%D8%AA-%D8%B9%D8%AC%DB%8C%D8%A8", "post_title_4": "سرنوشتِ عجیب!", "post_content_4": "بچه ها یه فیلمی معرفی کردن، اسمش The Villainess 2017 هست، بعد از سرچی که کردم فهمیدم درمورد دختریه که از بچگی دوست داشته یه قاتل حرفه ای باشه، یاد خودم افتادم! منم از طفولیتم دلم میخواست قاتل حرفه ای باشم، از اینا که تو فیلما نشون میدن و هزارتا تکنولوژی پیشرفته دم دستشونه!", "post_url_5": "http://1simple.blog.ir/1396/06/18/%D9%88-%D9%81%D9%82%D8%B7-%DB%8C%D9%87-%D8%A8%D8%A7%D8%B1-%D8%B4%D8%AC%D8%A7%D8%B9%D8%AA%D8%B4-%D8%B1%D9%88-%D9%BE%DB%8C%D8%AF%D8%A7-%D9%85%DB%8C%DA%A9%D9%86%DB%8C", "post_title_5": "و فقط یه بار شجاعتش رو پیدا میکنی...!", "post_content_5": "همه چی از اونجا شروع میشه که فکرای شوخی شوخیمون جدی میشه.طوفان میگفت فکرای وحشتناکش اینقدر شوخی بود که بعدش به خنده می افتاد، اما الان اینقدر جدی شده که میترسه واقعا یه روز انجامشون بده...", "post_full_content_5": "", "post_full_content_4": "", "post_full_content_3": "", "post_full_content_2": "", "post_full_content_1": ""}