{"type": "blog", "blog_name": "نرم افزار مهاجر بیان", "blog_url": "http://mohajer.blog.ir/", "post_url_1": "http://mohajer.blog.ir/post/14", "post_title_1": "رفع مشکل نگارش جدید مهاجر در سیستم عامل ویندوز با انکدینگ فارسی", "post_content_1": "ایراد نگارش سوم «مهاجر» در سیستم عامل ویندوز با انکدینگ فارسی\n\nمشکل بوجود آمده بدین صورت است که در زمان اجرا ، صفحه اولیه مهاجر برای چند لحظه دیده می شود و پس از آن بسته می شود.\nپس از ارائه نگارش جدید مهاجر (نگارش سه) تعدادی از کاربران دچار این مشکل شده بودند که پس از بررسی ، مشخص شد که مشکل بوجود آمده ، به ایرادی در نگارش جدید ماشین مجازی جاوا مربوط می شود.\nاین ایراد در JVM-8 بوجود آمده بود (کلیه نگارش های مهاجر تا قبل از مهاجر ۳ از JRE 1.7 استفاده می نمودند و از نگارش ۳ به بعد JRE 1.8 مورد استفاده قرار گرفته است.) و محدود به سیستم عامل هایی می گردد که Charset و یا Locale پیشفرض آنها فارسی (و یا زبان های مشابه) می باشد.\nاین مشکل در نگارش اخیر JRE رفع شده و نگارش جدید مهاجر نیز از JRE اخیر (1.8.60) استفاده می نماید.\nبرای اطلاعات بیشتر در خصوص این ایراد به این مطلب مراجعه فرمایید.\n\nراه حل\nدرصورتیکه با چنین مشکلی مواجه هستید کافیست نگارش جدید مهاجر را دریافت و نصب نمایید.\nالبته در صورت عدم تمایل به دریافت مهاجر جدید ، می توانید با تغییر تنظیمات سیستم عامل خود به صورت موقت این مشکل را مرتفع نمایید.\nبرای تغییر Locale در سیستم عامل ویندوز (۷ و ۸)  می توانید از این مسیر اقدام نمایید\nControl-Panel  ->  Clock, Language, and Region   ->   Region and Language  ->  Administrative   ->   Language for non-Unicode programs  ->  Change system locale  ", "post_url_2": "http://mohajer.blog.ir/post/13", "post_title_2": "پشتیبانی از بلاگفا در نگارش جدید مهاجر", "post_content_2": "نگارش جدید مهاجر در اختیار عموم قرار گرفت.\nدر این نگارش ، مهاجرت از بلاگفا مجددا قابل استفاده می باشد.\n\nنکته مهم:\nنگارش های قبلی ،‌ قابلیت به روز رسانی به این نگارش را ندارند.\nدر صورتی که در حال حاضر از نگارش قدیمی مهاجر استفاده می کنید ، لطفا آنرا از رایانه خود حذف نموده و نگارش جدید را از صفحه دانلود دریافت نمایید.", "post_url_3": "http://mohajer.blog.ir/post/11", "post_title_3": "مشخصات نگارش ۲.۵ «مهاجر»", "post_content_3": "نگارش ۲.۴ مهاجر در تاریخ نوزدهم تیر ماه برای علاقه مندان در دسترس قرار گرفت\nبرای استفاده از این نگارش ،  کافیست که نسخه نصب شده بر روی سیستم خود را اجرا نموده تا «مهاجر» عملیات به روز رسانی را به صورت خودکار انجام دهد.\n\nامکاناتی که در این نگارش به «مهاجر» اضافه می شوند عبارت است از :\n\n\nمهاجرت از بلاگر (و بلاگ اسپات)\n\nانتقال مطالب ، به همراه تنظیمات مربوط به نظرات ، کلمات کلیدی و طبقه بندی موضوعی \nانتقال نظرات\nانتقال صفحه های مستقل\n\n\nبهبود سرعت و کاربری «مهاجر»\n\nبرای مهاجرت از وردپرس ، کافیست به شیوه زیر عمل کنید‌:\n\nبا ورود به پنل مدیریت در بلاگر ،  یک فایل پشتیبان کامل از وبلاگ خود تهیه و ذخیره نمایید\n«مهاجر» را اجرا نمایید\nدر صفحه تعریف مبدا ، در صورتی که نام کاربری و یا نام وبلاگ خود را به خاطر ندارید ، می توانید از نام های موقت استفاده نمایید.\nدر هنگام دریافت اطلاعات ، صفحه ورود آدرس فایل نمایش داده خواهد شد. در این صفحه ، آدرس فایل پشتیبانی که از پنل بلاگر خود تهییه نموده اید را وارد نمایید.\nدر بقیه موارد ، طبق راهنما عمل کنید.\n", "post_url_4": "http://mohajer.blog.ir/post/10", "post_title_4": "مشخصات نگارش ۲.۴ «مهاجر»", "post_content_4": "نگارش ۲.۴ مهاجر در تاریخ سیزدهم تیر ماه برای علاقه مندان در دسترس قرار گرفت\nبرای استفاده از این نگارش ،  کافیست که نسخه نصب شده بر روی سیستم خود را اجرا نموده تا «مهاجر» عملیات به روز رسانی را به صورت خودکار انجام دهد.\n\nامکاناتی که در این نگارش به «مهاجر» اضافه می شوند عبارت است از :\n\n\nمهاجرت از ورد پرس\n\nانتقال مطالب ، به همراه تنظیمات مربوط به نظرات ، کلمات کلیدی و طبقه بندی موضوعی \nانتقال نظرات\nانتقال صفحه های مستقل\n\n\n\nبرای مهاجرت از وردپرس ، کافیست به شیوه زیر عمل کنید‌:\n\nبا ورود به پنل مدیریت در ورد پرس ،  یک فایل پشتیبان کامل از وبلاگ خود تهیه و ذخیره نمایید\n«مهاجر» را اجرا نمایید\nدر صفحه تعریف مبدا ، در صورتی که نام کاربری و یا نام وبلاگ خود را به خاطر ندارید ، می توانید از نام های موقت استفاده نمایید.\nدر هنگام دریافت اطلاعات ، صفحه ورود آدرس فایل نمایش داده خواهد شد. در این صفحه ، آدرس فایل پشتیبانی که از پنل وردپرس خود تهییه نموده اید را وارد نمایید.\nدر بقیه موارد ، طبق راهنما عمل کنید.\n\n", "post_url_5": "http://mohajer.blog.ir/post/9", "post_title_5": "مشخصات نگارش ۲.۳ «مهاجر»", "post_content_5": "نگارش ۲.۳ مهاجر در تاریخ ششم تیر ماه برای علاقه مندان در دسترس قرار گرفت\nبرای استفاده از این نگارش ،  کافیست که نسخه نصب شده بر روی سیستم خود را اجرا نموده تا «مهاجر» عملیات به روز رسانی را به صورت خودکار انجام دهد.\n\nامکاناتی که در این نگارش به «مهاجر» اضافه می شوند عبارت است از :\n\n\nمهاجرت از پرشین بلاگ\n\nانتقال مطالب ، به همراه تنظیمات مربوط به نظرات ، کلمات کلیدی و طبقه بندی موضوعی \nانتقال نظرات و تنظیمات مربوطه\nانتقال صفحه های مستقل\n\n\n", "post_full_content_5": "\nمشخصات نگارش ۲.۳ «مهاجر»\n\n\n\nنگارش ۲.۳ مهاجر در تاریخ ششم تیر ماه برای علاقه مندان در دسترس قرار گرفت\nبرای استفاده از این نگارش ،  کافیست که نسخه نصب شده بر روی سیستم خود را اجرا نموده تا «مهاجر» عملیات به روز رسانی را به صورت خودکار انجام دهد.\n\nامکاناتی که در این نگارش به «مهاجر» اضافه می شوند عبارت است از :\n\n\nمهاجرت از پرشین بلاگ\n\nانتقال مطالب ، به همراه تنظیمات مربوط به نظرات ، کلمات کلیدی و طبقه بندی موضوعی \nانتقال نظرات و تنظیمات مربوطه\nانتقال صفحه های مستقل\n\n\n\n\n", "post_full_content_4": "\nمشخصات نگارش ۲.۴ «مهاجر»\n\n\n\nنگارش ۲.۴ مهاجر در تاریخ سیزدهم تیر ماه برای علاقه مندان در دسترس قرار گرفت\nبرای استفاده از این نگارش ،  کافیست که نسخه نصب شده بر روی سیستم خود را اجرا نموده تا «مهاجر» عملیات به روز رسانی را به صورت خودکار انجام دهد.\n\nامکاناتی که در این نگارش به «مهاجر» اضافه می شوند عبارت است از :\n\n\nمهاجرت از ورد پرس\n\nانتقال مطالب ، به همراه تنظیمات مربوط به نظرات ، کلمات کلیدی و طبقه بندی موضوعی \nانتقال نظرات\nانتقال صفحه های مستقل\n\n\n\nبرای مهاجرت از وردپرس ، کافیست به شیوه زیر عمل کنید‌:\n\nبا ورود به پنل مدیریت در ورد پرس ،  یک فایل پشتیبان کامل از وبلاگ خود تهیه و ذخیره نمایید\n«مهاجر» را اجرا نمایید\nدر صفحه تعریف مبدا ، در صورتی که نام کاربری و یا نام وبلاگ خود را به خاطر ندارید ، می توانید از نام های موقت استفاده نمایید.\nدر هنگام دریافت اطلاعات ، صفحه ورود آدرس فایل نمایش داده خواهد شد. در این صفحه ، آدرس فایل پشتیبانی که از پنل وردپرس خود تهییه نموده اید را وارد نمایید.\nدر بقیه موارد ، طبق راهنما عمل کنید.\n\n\n\n", "post_full_content_2": "\nپشتیبانی از بلاگفا در نگارش جدید مهاجر\n\n\n\nنگارش جدید مهاجر در اختیار عموم قرار گرفت.\nدر این نگارش ، مهاجرت از بلاگفا مجددا قابل استفاده می باشد.\n\nنکته مهم:\nنگارش های قبلی ،‌ قابلیت به روز رسانی به این نگارش را ندارند.\nدر صورتی که در حال حاضر از نگارش قدیمی مهاجر استفاده می کنید ، لطفا آنرا از رایانه خود حذف نموده و نگارش جدید را از صفحه دانلود دریافت نمایید.\n\n", "post_full_content_1": "\nرفع مشکل نگارش جدید مهاجر در سیستم عامل ویندوز با انکدینگ فارسی\n\n\n\nایراد نگارش سوم «مهاجر» در سیستم عامل ویندوز با انکدینگ فارسی\n\nمشکل بوجود آمده بدین صورت است که در زمان اجرا ، صفحه اولیه مهاجر برای چند لحظه دیده می شود و پس از آن بسته می شود.\nپس از ارائه نگارش جدید مهاجر (نگارش سه) تعدادی از کاربران دچار این مشکل شده بودند که پس از بررسی ، مشخص شد که مشکل بوجود آمده ، به ایرادی در نگارش جدید ماشین مجازی جاوا مربوط می شود.\nاین ایراد در JVM-8 بوجود آمده بود (کلیه نگارش های مهاجر تا قبل از مهاجر ۳ از JRE 1.7 استفاده می نمودند و از نگارش ۳ به بعد JRE 1.8 مورد استفاده قرار گرفته است.) و محدود به سیستم عامل هایی می گردد که Charset و یا Locale پیشفرض آنها فارسی (و یا زبان های مشابه) می باشد.\nاین مشکل در نگارش اخیر JRE رفع شده و نگارش جدید مهاجر نیز از JRE اخیر (1.8.60) استفاده می نماید.\nبرای اطلاعات بیشتر در خصوص این ایراد به این مطلب مراجعه فرمایید.\n\nراه حل\nدرصورتیکه با چنین مشکلی مواجه هستید کافیست نگارش جدید مهاجر را دریافت و نصب نمایید.\nالبته در صورت عدم تمایل به دریافت مهاجر جدید ، می توانید با تغییر تنظیمات سیستم عامل خود به صورت موقت این مشکل را مرتفع نمایید.\nبرای تغییر Locale در سیستم عامل ویندوز (۷ و ۸)  می توانید از این مسیر اقدام نمایید\nControl-Panel  -  Clock, Language, and Region   -   Region and Language  -  Administrative   -   Language for non-Unicode programs  -  Change system locale  \n\n", "post_full_content_3": "\nمشخصات نگارش ۲.۵ «مهاجر»\n\n\n\nنگارش ۲.۴ مهاجر در تاریخ نوزدهم تیر ماه برای علاقه مندان در دسترس قرار گرفت\nبرای استفاده از این نگارش ،  کافیست که نسخه نصب شده بر روی سیستم خود را اجرا نموده تا «مهاجر» عملیات به روز رسانی را به صورت خودکار انجام دهد.\n\nامکاناتی که در این نگارش به «مهاجر» اضافه می شوند عبارت است از :\n\n\nمهاجرت از بلاگر (و بلاگ اسپات)\n\nانتقال مطالب ، به همراه تنظیمات مربوط به نظرات ، کلمات کلیدی و طبقه بندی موضوعی \nانتقال نظرات\nانتقال صفحه های مستقل\n\n\nبهبود سرعت و کاربری «مهاجر»\n\nبرای مهاجرت از وردپرس ، کافیست به شیوه زیر عمل کنید‌:\n\nبا ورود به پنل مدیریت در بلاگر ،  یک فایل پشتیبان کامل از وبلاگ خود تهیه و ذخیره نمایید\n«مهاجر» را اجرا نمایید\nدر صفحه تعریف مبدا ، در صورتی که نام کاربری و یا نام وبلاگ خود را به خاطر ندارید ، می توانید از نام های موقت استفاده نمایید.\nدر هنگام دریافت اطلاعات ، صفحه ورود آدرس فایل نمایش داده خواهد شد. در این صفحه ، آدرس فایل پشتیبانی که از پنل بلاگر خود تهییه نموده اید را وارد نمایید.\nدر بقیه موارد ، طبق راهنما عمل کنید.\n\n\n"}