{"type": "blog", "blog_name": "دوست واقعی", "blog_url": "http://comeon77.blog.ir/", "post_url_1": "http://comeon77.blog.ir/post/%D9%85%D8%A8%D8%A7%D9%86%DB%8C-%D9%86%D8%B8%D8%B1%DB%8C-%D9%88-%D9%BE%DB%8C%D8%B4%DB%8C%D9%86%D9%87-%D8%AA%D8%AD%D9%82%DB%8C%D9%82-%D8%AD%D8%AC%D8%A7%D8%A8-%D9%88-%D8%A8%D8%AF%D8%AD%D8%AC%D8%A7%D8%A8%DB%8C", "post_title_1": "مبانی نظری و پیشینه تحقیق حجاب و بدحجابی", "post_content_1": "\n\n#shopContainerBox{width:600px;padding:1px;margin:3px auto;border:solid 1px #ccc;direction:rtl;font-family:Tahoma;font-size:11px;color:#4e88c3;}\n.lstShop{float:right;background-color:#f9f9f9;border:solid 1px #ccc;width:130px;height:230px;margin:2px;padding:1px 3px 3px 3px;line-height:19px;text-align:center;border-radius:5px;box-shadow:0 0 8px 2px #ccc inset;}\n.lstShop:hover{background-color:#e5fde6;border-color:#338d35;color:Black;box-shadow:0 0 8px 2px #338d35 inset;}\n.lstShop,.lstShop a{-moz-transition: all 0.3s linear;-o-transition: all 0.3s linear;-webkit-transition: all 0.3s linear;transition: all 0.3s linear;}\n.lstShop img{border:0;}\n.lstShop a{text-decoration:underline;color:blue;padding:2px 2px 4px 2px;margin-bottom:0px;}\n.lstShop a:hover{text-decoration:none;background-color:#ec2b34;color:White;}\n.prod-img img{width:100px;height:110px;}\n.buylink{margin-top:4px;}\n.buylink a{background-color:#19b0ea;color:white;border-radius:6px;text-decoration:none;padding:2px 9px 6px 9px;border:solid 1px #008cef;margin-right:2px;}\n.buylink a:hover{background-color:#008cef;box-shadow:0 0 5px 1px #008cef;}\n.clear{clear:both;}\n\n\n\n\nمبانی نظری برنامه بهبود کیفیت\n\n\n\n            قیمت 29000 تومان\n            \n\nتوضیحات\n\n                دانلود\n                \n\n\n\nمبانی نظری و پیشینه تحقیق الگوی برنامه درسی تلفیقی\n\n\n\n            قیمت 37000 تومان\n            \n\nتوضیحات\n\n                دانلود\n                \n\n\n\nمبانی نظری و پیشینه تحقیق امر به معروف و نهی از منکر در عرصه عفاف و حجاب\n\n\n\n            قیمت 35000 تومان\n            \n\nتوضیحات\n\n                دانلود\n                \n\n\n\nمبانی نظری و پیشینه تحقیق توانمندسازی منابع انسانی\n\n\n\n            قیمت 29000 تومان\n            \n\nتوضیحات\n\n                دانلود\n                \n\n\n\n\nمبانی نظری و پیشینه تحقیق حجاب در مذهب\n\n\n\n            قیمت 24000 تومان\n            \n\nتوضیحات\n\n                دانلود\n                \n\n\n\nمبانی نظری و پیشینه تحقیق حجاب و بدحجابی\n\n\n\n            قیمت 28000 تومان\n            \n\nتوضیحات\n\n                دانلود\n                \n\n\n\nمبانی نظری و پیشینه تحقیق رابطه ساختار سازمانی و فناوری اطلاعات\n\n\n\n            قیمت 49000 تومان\n            \n\nتوضیحات\n\n                دانلود\n                \n\n\n\nمبانی نظری و پیشینه تحقیق رابطه سبک رهبری و رضایت شغلی\n\n\n\n            قیمت 37000 تومان\n            \n\nتوضیحات\n\n                دانلود\n                \n\n\n\n\nمبانی نظری و پیشینه تحقیق سازمان یادگیرنده\n\n\n\n            قیمت 27000 تومان\n            \n\nتوضیحات\n\n                دانلود\n                \n\n\n\nمبانی نظری و پیشینه تحقیق علل مطالبات معوق در نظام بانکی\n\n\n\n            قیمت 25000 تومان\n            \n\nتوضیحات\n\n                دانلود\n                \n\n\n\nمبانی نظری و پیشینه تحقیق مدیریت ریسک اعتباری\n\n\n\n            قیمت 38000 تومان\n            \n\nتوضیحات\n\n                دانلود\n                \n\n\n\nمبانی نظری و پیشینه دلایل شکلگیری مطالبات معوق\n\n\n\n            قیمت 37000 تومان\n            \n\nتوضیحات\n\n                دانلود\n                \n\n\n\n\nمبانی نظری و پیشینه مطالبات معوق و ریسکهای آن\n\n\n\n            قیمت 35000 تومان\n            \n\nتوضیحات\n\n                دانلود\n                \n\n\n\n", "post_url_2": "http://comeon77.blog.ir/post/%D8%AF%D8%A7%D9%86%D9%84%D9%88%D8%AF-%D8%AC%D8%B2%D9%88%D9%87-%DB%8C%D8%A7-%DA%A9%D8%AA%D8%A7%D8%A8-%D8%A8%D8%A7%D9%86%DA%A9%D8%AF%D8%A7%D8%B1%DB%8C-%D8%A8%DB%8C%D9%86-%D8%A7%D9%84%D9%85%D9%84%D9%84%DB%8C-%D9%88%DB%8C%DA%98%D9%87-%D8%A2%D8%B2%D9%85%D9%88%D9%86-%D8%A7%D8%B3%D8%AA%D8%AE%D8%AF%D8%A7%D9%85%DB%8C", "post_title_2": "دانلود جزوه یا کتاب بانکداری بین المللی ویژه آزمون استخدامی", "post_content_2": "\n\n#shopContainerBox{width:600px;padding:1px;margin:3px auto;border:solid 1px #ccc;direction:rtl;font-family:Tahoma;font-size:11px;color:#4e88c3;}\n.lstShop{float:right;background-color:#f9f9f9;border:solid 1px #ccc;width:130px;height:230px;margin:2px;padding:1px 3px 3px 3px;line-height:19px;text-align:center;border-radius:5px;box-shadow:0 0 8px 2px #ccc inset;}\n.lstShop:hover{background-color:#e5fde6;border-color:#338d35;color:Black;box-shadow:0 0 8px 2px #338d35 inset;}\n.lstShop,.lstShop a{-moz-transition: all 0.3s linear;-o-transition: all 0.3s linear;-webkit-transition: all 0.3s linear;transition: all 0.3s linear;}\n.lstShop img{border:0;}\n.lstShop a{text-decoration:underline;color:blue;padding:2px 2px 4px 2px;margin-bottom:0px;}\n.lstShop a:hover{text-decoration:none;background-color:#ec2b34;color:White;}\n.prod-img img{width:100px;height:110px;}\n.buylink{margin-top:4px;}\n.buylink a{background-color:#19b0ea;color:white;border-radius:6px;text-decoration:none;padding:2px 9px 6px 9px;border:solid 1px #008cef;margin-right:2px;}\n.buylink a:hover{background-color:#008cef;box-shadow:0 0 5px 1px #008cef;}\n.clear{clear:both;}\n\n\n\n\nمبانی نظری و پیشینه غنی سازی روابط و بهبود کیفیت روابط زناشویی\n\n\n\n            قیمت 15000 تومان\n            \n\nتوضیحات\n\n                دانلود\n                \n\n\n\nمبانی نظری و پیشینه فرهنگ سازمانی و مدیریت مشارکتی\n\n\n\n            قیمت 15000 تومان\n            \n\nتوضیحات\n\n                دانلود\n                \n\n\n\nمبانی نظری و پیشینه کاربرد سیستم اطلاعات مدیریت و مدیریت منابع انسانی\n\n\n\n            قیمت 15000 تومان\n            \n\nتوضیحات\n\n                دانلود\n                \n\n\n\nمبانی نظری و پیشینه مدیریت دانش در کتابخانه‌ های دانشگاهی\n\n\n\n            قیمت 15000 تومان\n            \n\nتوضیحات\n\n                دانلود\n                \n\n\n\n\nمبانی نظری و پیشینه مدیریت زمان و عملکرد مدیران مدارس\n\n\n\n            قیمت 15000 تومان\n            \n\nتوضیحات\n\n                دانلود\n                \n\n\n\nمبانی نظری و پیشینه مشاوره و راهنمایی در دبیرستان ها\n\n\n\n            قیمت 15000 تومان\n            \n\nتوضیحات\n\n                دانلود\n                \n\n\n\nمبانی نظری و پیشینه مهارت مذاکره مدیران و میزان تعارض میان کارکنان\n\n\n\n            قیمت 15000 تومان\n            \n\nتوضیحات\n\n                دانلود\n                \n\n\n\nمبانی نظری و پیشینه نقش دانشگاه در شکل گیری هویت دانشجویان\n\n\n\n            قیمت 15000 تومان\n            \n\nتوضیحات\n\n                دانلود\n                \n\n\n\n\nمبانی نظری و پیشینه نوع ساختار سازمانی و منابع قدرت مدیران\n\n\n\n            قیمت 15000 تومان\n            \n\nتوضیحات\n\n                دانلود\n                \n\n\n\nمبانی نظری و پیشینه هویت دینی و شادمانی در دانشجویان\n\n\n\n            قیمت 15000 تومان\n            \n\nتوضیحات\n\n                دانلود\n                \n\n\n\nجزوه بسیار کامل ادبیات فارسی ویژه آزمون استخدامی\n\n\n\n            قیمت 5000 تومان\n            \n\nتوضیحات\n\n                دانلود\n                \n\n\n\nدانلود جزوه یا کتاب بانکداری بین المللی ویژه آزمون استخدامی\n\n\n\n            قیمت 5000 تومان\n            \n\nتوضیحات\n\n                دانلود\n                \n\n\n\n", "post_url_3": "http://comeon77.blog.ir/post/%D9%BE%D8%A7%D9%88%D8%B1%D9%BE%D9%88%DB%8C%D9%86%D8%AA-%D8%A7%D8%B3%D9%84%D8%A7%DB%8C%D8%AF-%D9%85%D9%87%D8%A7%D8%B1%D8%AA-%D9%86%D9%87-%DA%AF%D9%81%D8%AA%D9%86", "post_title_3": "پاورپوینت (اسلاید) مهارت نه گفتن", "post_content_3": "\n\n\nپاورپوینت (اسلاید) مهارت نه گفتن\nدانلود پاورپوینت روانشناسی با موضوع مهارت نه گفتن، در حجم 15 اسلاید، همراه با تصاویر کارتونی زیبا. نه گفتن یک مرحله مهم زندگی است  ممکن است روی فرد تاثیر منفی یامثبتی ایجاد کند شما هم سعی کنید مهارت نه گفتن را در خود تقویت کنید ...\n\n\n\n\n", "post_url_4": "http://comeon77.blog.ir/post/%D8%AC%D8%B2%D9%88%D9%87-%D9%BE%D8%A7%DB%8C%DA%AF%D8%A7%D9%87-%D8%AF%D8%A7%D8%AF%D9%87-%D9%BE%DB%8C%D8%B4%D8%B1%D9%81%D8%AA%D9%87-%D8%AF%DA%A9%D8%AA%D8%B1-%D9%85%D9%87%D8%AF%DB%8C-%D8%AC%D8%A7%D9%85%D8%B9%DB%8C", "post_title_4": "جزوه پایگاه داده پیشرفته (دکتر مهدی جامعی)", "post_content_4": "\n\n\nجزوه پایگاه داده پیشرفته (دکتر مهدی جامعی)\nدانلود جزوه پایگاه داده پیشرفته، کلاس درس دکتر مهدی جامعی، بصورت دستنویس و کاملا مرتب (اسکن رنگی)، در قالب فایل pdf و در حجم 33 صفحه. تراکنش؛ یک سری دستورات هستند که با هم اجرا می شوند. مهم ترین جایی که با آن ها برخورد داشتیم خودپرداز (دستگاه ATM) است. تراکنش یک ...\n\n\n\n\n", "post_url_5": "http://comeon77.blog.ir/post/%D8%AF%D8%A7%D9%86%D9%84%D9%88%D8%AF-%D9%BE%D8%B1%D9%88%DA%98%D9%87-%D8%B7%D8%B1%D8%A7%D8%AD%DB%8C-%D9%82%D8%A7%D9%84%D8%A8-%D9%87%D8%A7%DB%8C-%D8%AF%D8%A7%DB%8C%DA%A9%D8%B3%D8%AA", "post_title_5": "دانلود پروژه طراحی قالب های دایکست", "post_content_5": "\n\n#shopContainerBox{width:600px;padding:1px;margin:3px auto;border:solid 1px #ccc;direction:rtl;font-family:Tahoma;font-size:11px;color:#4e88c3;}\n.lstShop{float:right;background-color:#f9f9f9;border:solid 1px #ccc;width:130px;height:230px;margin:2px;padding:1px 3px 3px 3px;line-height:19px;text-align:center;border-radius:5px;box-shadow:0 0 8px 2px #ccc inset;}\n.lstShop:hover{background-color:#e5fde6;border-color:#338d35;color:Black;box-shadow:0 0 8px 2px #338d35 inset;}\n.lstShop,.lstShop a{-moz-transition: all 0.3s linear;-o-transition: all 0.3s linear;-webkit-transition: all 0.3s linear;transition: all 0.3s linear;}\n.lstShop img{border:0;}\n.lstShop a{text-decoration:underline;color:blue;padding:2px 2px 4px 2px;margin-bottom:0px;}\n.lstShop a:hover{text-decoration:none;background-color:#ec2b34;color:White;}\n.prod-img img{width:100px;height:110px;}\n.buylink{margin-top:4px;}\n.buylink a{background-color:#19b0ea;color:white;border-radius:6px;text-decoration:none;padding:2px 9px 6px 9px;border:solid 1px #008cef;margin-right:2px;}\n.buylink a:hover{background-color:#008cef;box-shadow:0 0 5px 1px #008cef;}\n.clear{clear:both;}\n\n\n\n\nپروژه پاورپوینت افزودنیهای مخلوط ماهیچه\n\n\n\n            قیمت 4500 تومان\n            \n\nتوضیحات\n\n                دانلود\n                \n\n\n\nمقاله بررسی ماهیچه های ریخته گری دائمی - فلزی\n\n\n\n            قیمت 3600 تومان\n            \n\nتوضیحات\n\n                دانلود\n                \n\n\n\nتحقیق بررسی ریخته گری ماهیچه سازی به روش جعبه گرم  hot box\n\n\n\n            قیمت 3400 تومان\n            \n\nتوضیحات\n\n                دانلود\n                \n\n\n\nتحقیق بررسی ریخته گری ماهیچه سازی به روش جعبه سرد Cold box\n\n\n\n            قیمت 3000 تومان\n            \n\nتوضیحات\n\n                دانلود\n                \n\n\n\n\nمقاله مبرد ها و چپلتهای ریخته گری\n\n\n\n            قیمت 3400 تومان\n            \n\nتوضیحات\n\n                دانلود\n                \n\n\n\nپاورپوینت ساخت جعبه ماهیچه های رزینی اپوکسی\n\n\n\n            قیمت 3500 تومان\n            \n\nتوضیحات\n\n                دانلود\n                \n\n\n\nتحقیق پوشش دادن قالب ماهیچه ریخته گری\n\n\n\n            قیمت 3500 تومان\n            \n\nتوضیحات\n\n                دانلود\n                \n\n\n\nپروژه انواع ماهیچه ریخته گری\n\n\n\n            قیمت 4000 تومان\n            \n\nتوضیحات\n\n                دانلود\n                \n\n\n\n\nدانلود پاورپوینت انواع ماهیچه ریخته گری\n\n\n\n            قیمت 6000 تومان\n            \n\nتوضیحات\n\n                دانلود\n                \n\n\n\nدانلود پاورپوینت طراحی قالب های دایکست\n\n\n\n            قیمت 4800 تومان\n            \n\nتوضیحات\n\n                دانلود\n                \n\n\n\nدانلود پروژه طراحی قالب های دایکست\n\n\n\n            قیمت 3500 تومان\n            \n\nتوضیحات\n\n                دانلود\n                \n\n\n\nمبانی نظری خودکارآمدی حرفه ای\n\n\n\n            قیمت 19000 تومان\n            \n\nتوضیحات\n\n                دانلود\n                \n\n\n\n\nمبانی نظری چربی ها و روغن ها در تغذیه طیور، روغن سویا، روغن آفتابگردان، روغن ماه...\n\n\n\n            قیمت 23000 تومان\n            \n\nتوضیحات\n\n                دانلود\n                \n\n\n\nمبانی نظری بازی های رایانه ای، کاربردهای آموزشی، تربیتی بازی های رایانه ای، یادگ...\n\n\n\n            قیمت 20000 تومان\n            \n\nتوضیحات\n\n                دانلود\n                \n\n\n\nمبانی نظری رسانه های اجتماعی، شبکه های اجتماعی، خصوصیات آموزشی، تربیتی، رسانه ها...\n\n\n\n            قیمت 27000 تومان\n            \n\nتوضیحات\n\n                دانلود\n                \n\n\n\nمبانی نظری خودانگیختگی، هوش هیجانی\n\n\n\n            قیمت 25000 تومان\n            \n\nتوضیحات\n\n                دانلود\n                \n\n\n\n\nمبانی نظری نارسایی شناختی\n\n\n\n            قیمت 25000 تومان\n            \n\nتوضیحات\n\n                دانلود\n                \n\n\n\nمبانی نظری ناتوانی های یادگیری، آموزش و پرورش استثنایی\n\n\n\n            قیمت 23000 تومان\n            \n\nتوضیحات\n\n                دانلود\n                \n\n\n\nمبانی نظری معنادرمانی\n\n\n\n            قیمت 20000 تومان\n            \n\nتوضیحات\n\n                دانلود\n                \n\n\n\nمبانی نظری فشار خون، استرس\n\n\n\n            قیمت 15000 تومان\n            \n\nتوضیحات\n\n                دانلود\n                \n\n\n\n\nمبانی نظری فشار روانی والدگری، کودکان با نیازهای ویژه\n\n\n\n            قیمت 21000 تومان\n            \n\nتوضیحات\n\n                دانلود\n                \n\n\n\nمبانی نظری عملکرد شناختی، هوش، حافظه، توجه\n\n\n\n            قیمت 20000 تومان\n            \n\nتوضیحات\n\n                دانلود\n                \n\n\n\nمبانی نظری آموزش مهارت اجتماعی به کم توان و عقب ماندگی ذهنی\n\n\n\n            قیمت 19000 تومان\n            \n\nتوضیحات\n\n                دانلود\n                \n\n\n\nمبانی نظری روابط زناشویی، صمیمیت زناشویی، رضایت زناشویی و عملکرد جنسی در بین زوج...\n\n\n\n            قیمت 27000 تومان\n            \n\nتوضیحات\n\n                دانلود\n                \n\n\n\n\nمبانی نظری سوختگی و خودسوزی\n\n\n\n            قیمت 25000 تومان\n            \n\nتوضیحات\n\n                دانلود\n                \n\n\n\nمبانی نظری سیگار و دخانیات\n\n\n\n            قیمت 13000 تومان\n            \n\nتوضیحات\n\n                دانلود\n                \n\n\n\n", "post_full_content_5": "\nدانلود پروژه طراحی قالب های دایکست\n\n\n\n\n\n#shopContainerBox{width:600px;padding:1px;margin:3px auto;border:solid 1px #ccc;direction:rtl;font-family:Tahoma;font-size:11px;color:#4e88c3;}\n.lstShop{float:right;background-color:#f9f9f9;border:solid 1px #ccc;width:130px;height:230px;margin:2px;padding:1px 3px 3px 3px;line-height:19px;text-align:center;border-radius:5px;box-shadow:0 0 8px 2px #ccc inset;}\n.lstShop:hover{background-color:#e5fde6;border-color:#338d35;color:Black;box-shadow:0 0 8px 2px #338d35 inset;}\n.lstShop,.lstShop a{-moz-transition: all 0.3s linear;-o-transition: all 0.3s linear;-webkit-transition: all 0.3s linear;transition: all 0.3s linear;}\n.lstShop img{border:0;}\n.lstShop a{text-decoration:underline;color:blue;padding:2px 2px 4px 2px;margin-bottom:0px;}\n.lstShop a:hover{text-decoration:none;background-color:#ec2b34;color:White;}\n.prod-img img{width:100px;height:110px;}\n.buylink{margin-top:4px;}\n.buylink a{background-color:#19b0ea;color:white;border-radius:6px;text-decoration:none;padding:2px 9px 6px 9px;border:solid 1px #008cef;margin-right:2px;}\n.buylink a:hover{background-color:#008cef;box-shadow:0 0 5px 1px #008cef;}\n.clear{clear:both;}\n\n\n\n\nپروژه پاورپوینت افزودنیهای مخلوط ماهیچه\n\n\n\n            قیمت 4500 تومان\n            \n\nتوضیحات\n\n                دانلود\n                \n\n\n\nمقاله بررسی ماهیچه های ریخته گری دائمی - فلزی\n\n\n\n            قیمت 3600 تومان\n            \n\nتوضیحات\n\n                دانلود\n                \n\n\n\nتحقیق بررسی ریخته گری ماهیچه سازی به روش جعبه گرم  hot box\n\n\n\n            قیمت 3400 تومان\n            \n\nتوضیحات\n\n                دانلود\n                \n\n\n\nتحقیق بررسی ریخته گری ماهیچه سازی به روش جعبه سرد Cold box\n\n\n\n            قیمت 3000 تومان\n            \n\nتوضیحات\n\n                دانلود\n                \n\n\n\n\nمقاله مبرد ها و چپلتهای ریخته گری\n\n\n\n            قیمت 3400 تومان\n            \n\nتوضیحات\n\n                دانلود\n                \n\n\n\nپاورپوینت ساخت جعبه ماهیچه های رزینی اپوکسی\n\n\n\n            قیمت 3500 تومان\n            \n\nتوضیحات\n\n                دانلود\n                \n\n\n\nتحقیق پوشش دادن قالب ماهیچه ریخته گری\n\n\n\n            قیمت 3500 تومان\n            \n\nتوضیحات\n\n                دانلود\n                \n\n\n\nپروژه انواع ماهیچه ریخته گری\n\n\n\n            قیمت 4000 تومان\n            \n\nتوضیحات\n\n                دانلود\n                \n\n\n\n\nدانلود پاورپوینت انواع ماهیچه ریخته گری\n\n\n\n            قیمت 6000 تومان\n            \n\nتوضیحات\n\n                دانلود\n                \n\n\n\nدانلود پاورپوینت طراحی قالب های دایکست\n\n\n\n            قیمت 4800 تومان\n            \n\nتوضیحات\n\n                دانلود\n                \n\n\n\nدانلود پروژه طراحی قالب های دایکست\n\n\n\n            قیمت 3500 تومان\n            \n\nتوضیحات\n\n                دانلود\n                \n\n\n\nمبانی نظری خودکارآمدی حرفه ای\n\n\n\n            قیمت 19000 تومان\n            \n\nتوضیحات\n\n                دانلود\n                \n\n\n\n\nمبانی نظری چربی ها و روغن ها در تغذیه طیور، روغن سویا، روغن آفتابگردان، روغن ماه...\n\n\n\n            قیمت 23000 تومان\n            \n\nتوضیحات\n\n                دانلود\n                \n\n\n\nمبانی نظری بازی های رایانه ای، کاربردهای آموزشی، تربیتی بازی های رایانه ای، یادگ...\n\n\n\n            قیمت 20000 تومان\n            \n\nتوضیحات\n\n                دانلود\n                \n\n\n\nمبانی نظری رسانه های اجتماعی، شبکه های اجتماعی، خصوصیات آموزشی، تربیتی، رسانه ها...\n\n\n\n            قیمت 27000 تومان\n            \n\nتوضیحات\n\n                دانلود\n                \n\n\n\nمبانی نظری خودانگیختگی، هوش هیجانی\n\n\n\n            قیمت 25000 تومان\n            \n\nتوضیحات\n\n                دانلود\n                \n\n\n\n\nمبانی نظری نارسایی شناختی\n\n\n\n            قیمت 25000 تومان\n            \n\nتوضیحات\n\n                دانلود\n                \n\n\n\nمبانی نظری ناتوانی های یادگیری، آموزش و پرورش استثنایی\n\n\n\n            قیمت 23000 تومان\n            \n\nتوضیحات\n\n                دانلود\n                \n\n\n\nمبانی نظری معنادرمانی\n\n\n\n            قیمت 20000 تومان\n            \n\nتوضیحات\n\n                دانلود\n                \n\n\n\nمبانی نظری فشار خون، استرس\n\n\n\n            قیمت 15000 تومان\n            \n\nتوضیحات\n\n                دانلود\n                \n\n\n\n\nمبانی نظری فشار روانی والدگری، کودکان با نیازهای ویژه\n\n\n\n            قیمت 21000 تومان\n            \n\nتوضیحات\n\n                دانلود\n                \n\n\n\nمبانی نظری عملکرد شناختی، هوش، حافظه، توجه\n\n\n\n            قیمت 20000 تومان\n            \n\nتوضیحات\n\n                دانلود\n                \n\n\n\nمبانی نظری آموزش مهارت اجتماعی به کم توان و عقب ماندگی ذهنی\n\n\n\n            قیمت 19000 تومان\n            \n\nتوضیحات\n\n                دانلود\n                \n\n\n\nمبانی نظری روابط زناشویی، صمیمیت زناشویی، رضایت زناشویی و عملکرد جنسی در بین زوج...\n\n\n\n            قیمت 27000 تومان\n            \n\nتوضیحات\n\n                دانلود\n                \n\n\n\n\nمبانی نظری سوختگی و خودسوزی\n\n\n\n            قیمت 25000 تومان\n            \n\nتوضیحات\n\n                دانلود\n                \n\n\n\nمبانی نظری سیگار و دخانیات\n\n\n\n            قیمت 13000 تومان\n            \n\nتوضیحات\n\n                دانلود\n                \n\n\n\n\n\n", "post_full_content_3": "\nپاورپوینت (اسلاید) مهارت نه گفتن\n\n\n\n\n\n\nپاورپوینت (اسلاید) مهارت نه گفتن\nدانلود پاورپوینت روانشناسی با موضوع مهارت نه گفتن، در حجم 15 اسلاید، همراه با تصاویر کارتونی زیبا. نه گفتن یک مرحله مهم زندگی است  ممکن است روی فرد تاثیر منفی یامثبتی ایجاد کند شما هم سعی کنید مهارت نه گفتن را در خود تقویت کنید ...\n\n\n\n\n\n\n", "post_full_content_2": "\nدانلود جزوه یا کتاب بانکداری بین المللی ویژه آزمون استخدامی\n\n\n\n\n\n#shopContainerBox{width:600px;padding:1px;margin:3px auto;border:solid 1px #ccc;direction:rtl;font-family:Tahoma;font-size:11px;color:#4e88c3;}\n.lstShop{float:right;background-color:#f9f9f9;border:solid 1px #ccc;width:130px;height:230px;margin:2px;padding:1px 3px 3px 3px;line-height:19px;text-align:center;border-radius:5px;box-shadow:0 0 8px 2px #ccc inset;}\n.lstShop:hover{background-color:#e5fde6;border-color:#338d35;color:Black;box-shadow:0 0 8px 2px #338d35 inset;}\n.lstShop,.lstShop a{-moz-transition: all 0.3s linear;-o-transition: all 0.3s linear;-webkit-transition: all 0.3s linear;transition: all 0.3s linear;}\n.lstShop img{border:0;}\n.lstShop a{text-decoration:underline;color:blue;padding:2px 2px 4px 2px;margin-bottom:0px;}\n.lstShop a:hover{text-decoration:none;background-color:#ec2b34;color:White;}\n.prod-img img{width:100px;height:110px;}\n.buylink{margin-top:4px;}\n.buylink a{background-color:#19b0ea;color:white;border-radius:6px;text-decoration:none;padding:2px 9px 6px 9px;border:solid 1px #008cef;margin-right:2px;}\n.buylink a:hover{background-color:#008cef;box-shadow:0 0 5px 1px #008cef;}\n.clear{clear:both;}\n\n\n\n\nمبانی نظری و پیشینه غنی سازی روابط و بهبود کیفیت روابط زناشویی\n\n\n\n            قیمت 15000 تومان\n            \n\nتوضیحات\n\n                دانلود\n                \n\n\n\nمبانی نظری و پیشینه فرهنگ سازمانی و مدیریت مشارکتی\n\n\n\n            قیمت 15000 تومان\n            \n\nتوضیحات\n\n                دانلود\n                \n\n\n\nمبانی نظری و پیشینه کاربرد سیستم اطلاعات مدیریت و مدیریت منابع انسانی\n\n\n\n            قیمت 15000 تومان\n            \n\nتوضیحات\n\n                دانلود\n                \n\n\n\nمبانی نظری و پیشینه مدیریت دانش در کتابخانه‌ های دانشگاهی\n\n\n\n            قیمت 15000 تومان\n            \n\nتوضیحات\n\n                دانلود\n                \n\n\n\n\nمبانی نظری و پیشینه مدیریت زمان و عملکرد مدیران مدارس\n\n\n\n            قیمت 15000 تومان\n            \n\nتوضیحات\n\n                دانلود\n                \n\n\n\nمبانی نظری و پیشینه مشاوره و راهنمایی در دبیرستان ها\n\n\n\n            قیمت 15000 تومان\n            \n\nتوضیحات\n\n                دانلود\n                \n\n\n\nمبانی نظری و پیشینه مهارت مذاکره مدیران و میزان تعارض میان کارکنان\n\n\n\n            قیمت 15000 تومان\n            \n\nتوضیحات\n\n                دانلود\n                \n\n\n\nمبانی نظری و پیشینه نقش دانشگاه در شکل گیری هویت دانشجویان\n\n\n\n            قیمت 15000 تومان\n            \n\nتوضیحات\n\n                دانلود\n                \n\n\n\n\nمبانی نظری و پیشینه نوع ساختار سازمانی و منابع قدرت مدیران\n\n\n\n            قیمت 15000 تومان\n            \n\nتوضیحات\n\n                دانلود\n                \n\n\n\nمبانی نظری و پیشینه هویت دینی و شادمانی در دانشجویان\n\n\n\n            قیمت 15000 تومان\n            \n\nتوضیحات\n\n                دانلود\n                \n\n\n\nجزوه بسیار کامل ادبیات فارسی ویژه آزمون استخدامی\n\n\n\n            قیمت 5000 تومان\n            \n\nتوضیحات\n\n                دانلود\n                \n\n\n\nدانلود جزوه یا کتاب بانکداری بین المللی ویژه آزمون استخدامی\n\n\n\n            قیمت 5000 تومان\n            \n\nتوضیحات\n\n                دانلود\n                \n\n\n\n\n\n", "post_full_content_4": "\nجزوه پایگاه داده پیشرفته (دکتر مهدی جامعی)\n\n\n\n\n\n\nجزوه پایگاه داده پیشرفته (دکتر مهدی جامعی)\nدانلود جزوه پایگاه داده پیشرفته، کلاس درس دکتر مهدی جامعی، بصورت دستنویس و کاملا مرتب (اسکن رنگی)، در قالب فایل pdf و در حجم 33 صفحه. تراکنش؛ یک سری دستورات هستند که با هم اجرا می شوند. مهم ترین جایی که با آن ها برخورد داشتیم خودپرداز (دستگاه ATM) است. تراکنش یک ...\n\n\n\n\n\n\n", "post_full_content_1": "\nمبانی نظری و پیشینه تحقیق حجاب و بدحجابی\n\n\n\n\n\n#shopContainerBox{width:600px;padding:1px;margin:3px auto;border:solid 1px #ccc;direction:rtl;font-family:Tahoma;font-size:11px;color:#4e88c3;}\n.lstShop{float:right;background-color:#f9f9f9;border:solid 1px #ccc;width:130px;height:230px;margin:2px;padding:1px 3px 3px 3px;line-height:19px;text-align:center;border-radius:5px;box-shadow:0 0 8px 2px #ccc inset;}\n.lstShop:hover{background-color:#e5fde6;border-color:#338d35;color:Black;box-shadow:0 0 8px 2px #338d35 inset;}\n.lstShop,.lstShop a{-moz-transition: all 0.3s linear;-o-transition: all 0.3s linear;-webkit-transition: all 0.3s linear;transition: all 0.3s linear;}\n.lstShop img{border:0;}\n.lstShop a{text-decoration:underline;color:blue;padding:2px 2px 4px 2px;margin-bottom:0px;}\n.lstShop a:hover{text-decoration:none;background-color:#ec2b34;color:White;}\n.prod-img img{width:100px;height:110px;}\n.buylink{margin-top:4px;}\n.buylink a{background-color:#19b0ea;color:white;border-radius:6px;text-decoration:none;padding:2px 9px 6px 9px;border:solid 1px #008cef;margin-right:2px;}\n.buylink a:hover{background-color:#008cef;box-shadow:0 0 5px 1px #008cef;}\n.clear{clear:both;}\n\n\n\n\nمبانی نظری برنامه بهبود کیفیت\n\n\n\n            قیمت 29000 تومان\n            \n\nتوضیحات\n\n                دانلود\n                \n\n\n\nمبانی نظری و پیشینه تحقیق الگوی برنامه درسی تلفیقی\n\n\n\n            قیمت 37000 تومان\n            \n\nتوضیحات\n\n                دانلود\n                \n\n\n\nمبانی نظری و پیشینه تحقیق امر به معروف و نهی از منکر در عرصه عفاف و حجاب\n\n\n\n            قیمت 35000 تومان\n            \n\nتوضیحات\n\n                دانلود\n                \n\n\n\nمبانی نظری و پیشینه تحقیق توانمندسازی منابع انسانی\n\n\n\n            قیمت 29000 تومان\n            \n\nتوضیحات\n\n                دانلود\n                \n\n\n\n\nمبانی نظری و پیشینه تحقیق حجاب در مذهب\n\n\n\n            قیمت 24000 تومان\n            \n\nتوضیحات\n\n                دانلود\n                \n\n\n\nمبانی نظری و پیشینه تحقیق حجاب و بدحجابی\n\n\n\n            قیمت 28000 تومان\n            \n\nتوضیحات\n\n                دانلود\n                \n\n\n\nمبانی نظری و پیشینه تحقیق رابطه ساختار سازمانی و فناوری اطلاعات\n\n\n\n            قیمت 49000 تومان\n            \n\nتوضیحات\n\n                دانلود\n                \n\n\n\nمبانی نظری و پیشینه تحقیق رابطه سبک رهبری و رضایت شغلی\n\n\n\n            قیمت 37000 تومان\n            \n\nتوضیحات\n\n                دانلود\n                \n\n\n\n\nمبانی نظری و پیشینه تحقیق سازمان یادگیرنده\n\n\n\n            قیمت 27000 تومان\n            \n\nتوضیحات\n\n                دانلود\n                \n\n\n\nمبانی نظری و پیشینه تحقیق علل مطالبات معوق در نظام بانکی\n\n\n\n            قیمت 25000 تومان\n            \n\nتوضیحات\n\n                دانلود\n                \n\n\n\nمبانی نظری و پیشینه تحقیق مدیریت ریسک اعتباری\n\n\n\n            قیمت 38000 تومان\n            \n\nتوضیحات\n\n                دانلود\n                \n\n\n\nمبانی نظری و پیشینه دلایل شکلگیری مطالبات معوق\n\n\n\n            قیمت 37000 تومان\n            \n\nتوضیحات\n\n                دانلود\n                \n\n\n\n\nمبانی نظری و پیشینه مطالبات معوق و ریسکهای آن\n\n\n\n            قیمت 35000 تومان\n            \n\nتوضیحات\n\n                دانلود\n                \n\n\n\n\n\n"}