{"type": "blog", "blog_name": "‌", "blog_url": "http://clash-in-city.blog.ir/", "post_url_1": "http://clash-in-city.blog.ir/post/dl.clashofclans", "post_title_1": "دانلود کلش اف کلنز", "post_content_1": "دانلود جدیدترین نسخه کلش اف کلنز\nبرای اطلاعات بیشتر به ادامه مطلب مراجعه کنید...\n\nادامه مطلب", "post_url_2": "http://clash-in-city.blog.ir/post/leadermovafagh", "post_title_2": "چگونه یک لیدر موفق باشیم؟", "post_content_2": "چگونه یک لیدر(رهبر)موفق برای کلن باشیم؟\nبرای اطلاعات بیشتر به ادامه مطلب مراجعه کنید...\n\nادامه مطلب", "post_url_3": "http://clash-in-city.blog.ir/post/maps-bilder", "post_title_3": "مپ های بیلدر هال", "post_content_3": "مپ های عالیه بیلدر هال(هر لولی)\nبرای اطلاعات بیشتر به ادامه مطلب مراجعه کنید...\n\nادامه مطلب", "post_url_4": "http://clash-in-city.blog.ir/post/kharejgod", "post_title_4": "خارج از گود", "post_content_4": "خارج از گود\nبرای اطلاعات بیشتر به ادامه مطلب مراجعه کنید...\n\nادامه مطلب", "post_url_5": "http://clash-in-city.blog.ir/post/halmoshkell", "post_title_5": "حل مشکل ورود به سرور هک B کلش", "post_content_5": "قاطی پاتی\nحل مشکل ورود به سرور های هک کلش اف کلنز\nبرای اطلاعات بیشتر به ادامه مطلب مراجعه کنید...\n\nادامه مطلب", "post_full_content_5": "\nحل مشکل ورود به سرور هک B کلش\n\n\n", "post_full_content_4": "\nخارج از گود\n\n\n\nدانلود بازی GTA:::SAnandres+دیتا\nلینک این بازی به سرعت پاک میشود پس سریع بجنبید.\nبرای دانلود GTA 5(اینجا کلیک کنید)\nدانلود سریال فرار از زندان(دوبله پیشنهادی تاینی موویز)\nفیلم فرار از زندان برترین یا بهتره بگم بهترین سریال در ژانر استراتژیک و اکشن در جهان با موزیک بای ایرانی به نام رامین جوادی.\nبرای دانلود سریال فرار از زندان(دوبله پیشنهادی تاینی موویز)(اینجا کلیک کنید)\n\n\n\n\n\n\n\n\n\n\nCiC\n\n\n\n\n", "post_full_content_3": "\nمپ های بیلدر هال\n\n\n\n1:مپ آنتی 3 ستاره بیلدر هال(3)\n\n.\nمپ آنتی 3 ستاره بیلدر هال 3 که هر اتکی که با شما بزنند نحایت 2 ستاره بشه فقط اگر کاپ از 850 عدد بالا بزند شما احتمال اینکه 3 ستاره بشوید زیاد است!\n\n", "post_full_content_2": "", "post_full_content_1": ""}