{"type": "blog", "blog_name": "وپ کید  جدیدترین  ها", "blog_url": "http://wapkid.blog.ir/", "post_url_1": "http://wapkid.blog.ir/post/456", "post_title_1": "امیر گودرزی  ♥  پایگاه قدس سعید اباد (تبریز)", "post_content_1": "", "post_url_2": "http://wapkid.blog.ir/post/455", "post_title_2": "مشخصات عمومی سامسونگ Galaxy Note8", "post_content_2": "\n\nحدود قیمت: \nاز 3,620,000 تا 4,200,000 تومان\n\n\nادامه مطلب", "post_url_3": "http://wapkid.blog.ir/post/448", "post_title_3": "دانلود جدیدترین نسخه های هک شده شده کلش اف کلنز 8.212.12", "post_content_3": "\n(ورژن 9.105.9) \nتاون هال 11\nبازی کلش اف کلنز به صورت آنلاین می باشد و برای بازی کردن آن باید به اینترنت متصل باشید . گرافیک بازی نیز به خوبی کار شده است و کاراکترها دارای طراحی طنز و بامزه ای میباشند و شما میتوانید در محیط سه بعدی آن ، انواع قلعه ها را بسازید ، قلمروتان را مشخص کنید و از مردم خود دفاع کنید . شما می توانید آخرین نسخه  مود شده پول بی نهایت را با لینک مستقیم و به صورت رایگان از سایت  وپ کید دریافت نمایید .\n\nادامه مطلب", "post_url_4": "http://wapkid.blog.ir/post/454", "post_title_4": "دانلود موبوگرام کامپیوتر", "post_content_4": "\nدانلود تلگرام کامپیوتر ( دریافت نسخه دسکتاپ )\n\n\n\nامکانات نسخه iGram.2.0.0.81 (دسکتاپ):\nآیگرام ، تلگرام پیشرفته ( نسخه غیر رسمی) تلگرام ، حتما تجربه کنید !\n امکان حذف دو طرفهدر چت\n امکان مخفی کردن گفتگو ها برای کانال ، سوپر گروه ، گروه و ربات ها\n جاروبرقی در ایگرام : امکان پاک کردن فایل ها ،فیلم ها ، عکس ها برای آزاد کردن فضای حافظه دستگاه\nبا امکان حالت روح تلگرام پیشرفته آنلاین بودن خود را پنهان کنید و آفلاین دیده شوید از دیگر ویژگی های این امکان دیدن پیام های خوانده نشده بدون تغییر در وضعیت تیک دوم است\n امکان مشاهده مخاطبینی که شماره تلگرام ما را ذخیره کرده اند\n\n\nادامه مطلب", "post_url_5": "http://wapkid.blog.ir/post/440", "post_title_5": "آپدیت جدید 95/01/24 موبوگرام", "post_content_5": "\nپست ویژه اپدیت امروز موبوگرام!\n\nآپدیت جدید 95/9/5\n\n ارتقا به T3.13.1-M9.5\n\nادامه مطلب", "post_full_content_5": "\nآپدیت جدید 95/01/24 موبوگرام\n\n\n\n\nپست ویژه اپدیت امروز موبوگرام!🌹\n", "post_full_content_4": "\nدانلود موبوگرام کامپیوتر\n\n\n", "post_full_content_3": "\nدانلود جدیدترین نسخه های هک شده شده کلش اف کلنز 8.212.12\n\n\n\n", "post_full_content_2": "\nمشخصات عمومی سامسونگ Galaxy Note8\n\n\n\n\n\nحدود قیمت: \nاز 3,620,000 تا 4,200,000 تومان\n\n\n\nمشخصات عمومی سامسونگ Galaxy Note8\n\n\nشبکه 2GGSM 850 / 900 / 1800 / 1900 - سیم کارت 1  سیم کارت 2 (dual-سیم کارت model فقط)\n\n\nشبکه 3GHSDPA 850 / 900 / 1900 / 2100\n\n\nشبکه 4GLTE\n\n\nسیم کارتتک سیم کارت (نانو سیم کارت) ,Hybrid دو سیم کارته (نانو سیم کارت, Dual Standby)\n\n\nتاریخ معرفی2017, آگوست\n\n\nوضعیتبه زودی. زمان عرضه اولیه 2017, سپتامبر\n\n\n\nبدنه سامسونگ Galaxy Note8\n\n\nابعاد162.5x74.8x8.6 میلیمتر (6.40x2.94x0.34 اینچ)\n\n\nوزن195 گرم (6.88 oz)\n\n\nساختارCorning Gorilla Glass 5 پشت\n\n\n\nصفحه نمایش سامسونگ Galaxy Note8\n\n\nنوعصفحه نمایش لمسی خازنی Super AMOLED, با 16 میلیون رنگ\n\n\nاندازه6.3 اینچ (نسبت سطح صفحه نمایش به بدنه در حدود 83.2 درصد)\n\n\nوضوح1440x2960 پیکسل (در حدود 521 پیکسل در هر اینچ)\n\n\nقابلیت چند لمسی\n\n\nفن آوری محافظCorning Gorilla Glass 5\n\n\n\nزنگ سامسونگ Galaxy Note8\n\n\nانواع زنگویبریشن; MP3, WAV زنگ\n\n\nبلندگو\n\n\n3.5mm jack\n\n\n\n\nحافظه سامسونگ Galaxy Note8\n\n\nکارت حافظهmicroSD, تا 256 گیگابایت (dedicated slot) - تک-سیم کارت modelmicroSD, تا 256 گیگابایت (uses سیم کارت 2 slot) - dual-سیم کارت model\n\n\nداخل دستگاه64/128/256 گیگابایت, 6 گیگابایت RAM\n\n\n\nامکانات ارتباطی سامسونگ Galaxy Note8\n", "post_full_content_1": ""}