{"type": "blog", "blog_name": "شهید گرافی", "blog_url": "http://shahidgraphy.blog.ir/", "post_url_1": "http://shahidgraphy.blog.ir/1396/04/29/%D9%BE%D9%88%D8%B3%D8%AA%D8%B1-%D9%85%D8%AF%D8%A7%D9%81%D8%B9%D8%A7%D9%86-%D8%AD%D8%B1%D9%85", "post_title_1": "پوستر / مدافعان حرم", "post_content_1": "شادی روح شهدا مدافع حرم صلوات\n\nادامه مطلب", "post_url_2": "http://shahidgraphy.blog.ir/1396/04/05/%D9%86%D8%A7%DA%A9%D8%A7%D9%85-%D9%85%D9%86%D9%85", "post_title_2": "ناکام منم...", "post_content_2": "", "post_url_3": "http://shahidgraphy.blog.ir/1396/04/01/%D9%85%D8%A7%D8%AF%D8%B1%DB%8C-%D8%AF%D8%B3%D8%AA-%D8%A8%D9%87-%D9%BE%D9%87%D9%84%D9%88-%D8%A8%D9%87-%D8%AD%D8%B1%D9%85-%D9%85%DB%8C-%D8%A2%DB%8C%D8%AF", "post_title_3": "مادری دست به پهلو به حرم می آید", "post_content_3": "", "post_url_4": "http://shahidgraphy.blog.ir/1396/04/01/%D8%AA%D9%86%D9%87%D8%A7-%D8%AA%D8%B1%DB%8C%D9%86-%D8%AA%D9%86%D9%87%D8%A7", "post_title_4": "تنها ترین تنها", "post_content_4": "", "post_url_5": "http://shahidgraphy.blog.ir/1396/03/31/%D8%A8%D9%87-%D8%A8%D9%86%D8%AF-%DA%A9%D8%B4%DB%8C%D8%AF%D9%86-%D9%86%D9%81%D8%B3", "post_title_5": "به بند کشیدن نفس", "post_content_5": "", "post_full_content_5": "", "post_full_content_3": "", "post_full_content_4": "", "post_full_content_2": "", "post_full_content_1": ""}