{"type": "blog", "blog_name": "نقد و تحلیل سیاستهای دولت دوازدهم", "blog_url": "http://naghd12.blog.ir/", "post_url_1": "http://naghd12.blog.ir/1396/10/30/%D9%85%D9%86%D8%A7%D8%B8%D8%B1%D9%87-%D8%AC%D9%86%D8%AC%D8%A7%D9%84%DB%8C-%D9%85%D9%88%D8%A7%D9%81%D9%82-%D9%88-%D9%85%D8%AE%D8%A7%D9%84%D9%81-%D8%A8%D8%B1%D8%AC%D8%A7%D9%85-%D8%AF%D8%B1-%D8%AA%D9%84%D9%88%DB%8C%D8%B2%DB%8C%D9%88%D9%86", "post_title_1": "مناظره جنجالی موافق و مخالف برجام در تلویزیون", "post_content_1": "دو روز پیش مناظره ای زنده در برنامه ثریا - که از صداوسیما پخش شد - بین موافق و مخالف برجام، که آقایان جبرائیلی و رحمانیان بودند شکل گرفت.\n(فیلم کامل مناظره را می توانید از اینجا مشاهده و دانلود کنید)\n\nبخش هایی از مناظره را در ادامه میخوانید:\n\nادامه مطلب", "post_url_2": "http://naghd12.blog.ir/1396/10/29/%DA%86%D8%A7%D9%84%D8%B4%D9%87%D8%A7%DB%8C-%D8%B1%D9%88%D8%AD%D8%A7%D9%86%DB%8C-%D8%AF%D8%B1-%D8%A8%D8%B1%D8%AC%D8%A7%D9%85", "post_title_2": "چالشهای روحانی در برجام", "post_content_2": "چالش‌های روحانی در برجامچالش‌های روحانی در برجام فزاینده شده است. روحانی برای مهار چالش‌های چندگانه در برجام چه خواهد کرد؟♦️چالش‌های روحانی در برجام1⃣ افزونه طلبی‌های آمریکا در برجام 2⃣ عدم اجرای تعهدات آمریکا در برجام 3⃣ عدم تحقق وعده‌های اقتصادی برجام‌4⃣ همراهی اروپا با افزونه‌طلبی آمریکا5⃣ آغاز شمارش معکوس برای پایان برجامبرجام فاقد دستاورد است. دیگر حتی با ابر، باد، مه، خورشید، فلک و تمام میوه‌ها، نمی‌توان برای آن دستاورد ساخت. اعتماد به آمریکا، تکیه بر باد بود. با این شرایط، روحانی دو مسیر پیش رو دارد؛ یا باید پایان برجام را بپذیرد و #پاسخگوی مطالبات و وعده‌های بی‌شمار گردد و یا اینکه مجددا جامعه را نسبت به برجام شرطی و #برجامیزه کند. روحانی برای مهار چالش‌های خود در برجام، مسیر دوم را انتخاب خواهد کرد. مسیر دوم، تن دادن به افزونه طلبی‌های آمریکا در برجام با پوشش برجام اروپایی است. در مسیر دوم مشکل روحانی، اقناع جامعه است. در این ارتباط مرکز امنیتی سوفان در واشنگتن، طی گزارشی نوشت : «چالشی که رئیس‌جمهور ایران با آن مواجه خواهد بود، متقاعد کردن عموم مردم و مخالفانش برای ادامه برجام، بدون منافع اقتصادی خواهد بود.»  @DrRezaSeraj", "post_url_3": "http://naghd12.blog.ir/1396/10/29/%D8%A7%DB%8C%D8%AC%D8%A7%D8%AF-%D8%B4%D8%BA%D9%84-%D8%A8%D9%87-%D9%BE%D9%88%D9%84-%D9%BE%D8%A7%D8%B4%DB%8C-%D9%86%DB%8C%D8%B3%D8%AA", "post_title_3": "ایجاد شغل به پول پاشی نیست!", "post_content_3": "ایجاد شغل به پول پاشی نیستنگاه برنامه ریزان دولت باید تغییر کند✍️برخی برنامه ریزان اقتصادی دولت وقتی چرتکه می اندازند، می گویند با حذف یارانه 34 میلیون نفر و گران کردن 50 درصدی بنزین (که آثار تورمی شدید در پی دارد و حداقل 480 هزار شغل را از بین می برد) می توانیم چند ده هزار میلیارد تومان سرمایه برای ایجاد اشتغال کنار بگذاریم. آنها - با برآوردهای مختلف- می گویند ایجاد هر شغل، 100 تا 300 میلیون بودجه لازم دارد و با فلان مقدار حذف یارانه می توان بهمان مقدار شغل ایجاد کرد. این ادبیات سهل اندیشانه مانند این است که بگوییم فلان مقدار پول پس انداز می کنیم و مثلا یک تلویزیون می خریم.ادامه در ادامه مطلب\nادامه مطلب", "post_url_4": "http://naghd12.blog.ir/1396/10/23/%D8%AA%D8%AD%D9%84%DB%8C%D9%84-%D9%85%D8%B1%D8%A7%D9%82%D8%A8-%D8%A7%DB%8C%D9%86-120-%D8%B1%D9%88%D8%B2-%D8%A8%D8%A7%D8%B4%DB%8C%D8%AF", "post_title_4": "تحلیل| مراقب این 120 روز باشید!", "post_content_4": "ترامپ روی کی حساب کرده؟پس از تمدید تعلیق تحریم‌های ایران تا 120 روز آینده، کاخ سفید با انتشار بیانیه‌ای اعلام کرد : « این آخرین باری است که رئیس جمهور آمریکا تعلیق تحریمهای هسته‌ای را تمدید می‌کند. دولت آمریکا خواهان مذاکره مجدد درباره توافق هسته‌ای ایران با اتحادیه اروپاست. توافق جدید باید دربرگیرنده برنامه موشکی ایران باشد. توافق جدید نباید محدودیت زمانی داشته باشد.»راهبرد ترامپ برای تغییر محتوای برجام از طریق ایجاد لبه پرتگاه خروج از برجام، نیازمند بازی هماهنگ اروپایی‌ها و تلاش‌های شبکه همکار داخلی غرب در ایران است. با توجه به توافق و هماهنگی اروپایی‌ها با آمریکا، از امروز تا پایان ضرب‌ العجل 120 روزه ترامپ، باید مراقب شبکه همکار داخلی غرب در ایران بود. از این پس غربگرایان در ایران با آسمان و ریسمان بافتن، جاده صاف‌کن اروپایی‌ها برای پذیرش تغییرات در برجام می‌شوند و جدول آمریکا برای کمپین جنگ سیاسی را پُر خواهند نمود.  @DrRezaSeraj", "post_url_5": "http://naghd12.blog.ir/1396/10/22/%D9%BE%D8%A7%D8%B3%D8%AE-%D8%A8%D9%87-%D8%B3%D8%AE%D9%86%D8%A7%D9%86-%D8%A2%D9%82%D8%A7%DB%8C-%D8%B1%D9%88%D8%AD%D8%A7%D9%86%DB%8C-2", "post_title_5": "پاسخ به سخنان آقای روحانی (2)", "post_content_5": " انتقاد به پیامبر و ائمه: آری؛\n\n انتقاد به روحانی: خیر!\n\n\n\n منافقی که روحانی او را الگوی انتقاد معرفی میکند، کیست؟!\n\nادامه در ادامه مطلب\nادامه مطلب", "post_full_content_5": "\n\n\n\n\n\nپاسخ به سخنان آقای روحانی (2)\n\n\n\n\n🔴 انتقاد به پیامبر و ائمه: آری؛\n\n🔴 انتقاد به روحانی: خیر!\n\n\n\n🔻 منافقی که روحانی او را الگوی انتقاد معرفی میکند، کیست؟!\n\nادامه در ادامه مطلب\n\n📝 در کمال تعجب شنیدیم که رییس جمهور روحانی که خود و وزرایش بارها منتقدین را با برچسب های \"تندرو\"، \"افراطی\"، \"برو به جهنم\"، \"نادان\"، \"بی سواد\"، \"بیکار\"، \"همسو با اسرائیل\" و \"بی شعور\"  نوازش داده و روزنامه \"کیهان، ۹دی، وطن امروز، یالثارات و پرتو و ....\" بارها توقیف و تعطیل شده و تمام منتقدین را از پست های وزارت، معاوت وزیر، مشاور وزیر، مدیرکل ها، استانداری‌ها، فرمانداری‌ها، بخشداری ها، روسای ادارات حذف کرده و هزاران دروغ و تهمت را به رقبا بسته و علیه چندین نماینده و فعال سیاسی و منتقد حتی حسین دهباشی کارگردان فیلم تبلیغات انتخاباتی وی در ۹۲، شکایت قضایی کرده است و رسانه‌های ضدانقلاب حامی وی نظیر #آمدنیوز در حوادث اخیر، انتقادات و مطالبات اقتصادی ملت را با مدیریت اغتشاشات به حاشیه برده اند، حالا چند روز پیش در بیان مجاز بودن انتقاد افاضه فرموده نسبت به همه نقد آزاد است حتی پیامبر اکرم صلی الله علیه و آله و امام دوازدهم!!\n\n\n\n🔹 روحانی در حالی انتقاد به پیامبر و ائمه معصوم علیهم السلام را جائز و وارد می‌داند که خود بارها نشان داده هیچوقت انتقادپذیر نبوده و پاسخ منتقدین را با برخوردهای امنیتی و قضایی و ... می‌دهد!\n\n\n\n🔹 اما این اولین بار نیست که روحانی برای اثبات ادعاهایش به تحریف معارف مسلم اسلامی دست میزند. ولی هربار جسارت وی در این مسئله بیش از قبل شده و با کمتر واکنش جدی از سوی صاحب نظران روبرو میشود. \n\n\n\n 🔹 میتوان آیات زیادی را که نادرست بودن جملات روحانی را اثبات میکند ذکر کرد. اما عمق فاجعه و تحریف دین وقتی آشکار میشود که بدانیم شخصی که روحانی در این سخنرانی دارد بعنوان الگوی انتقاد (که جرات کرده رسول خدا را نقد کند) معرفی میکند، چه کسی ست و چه سرنوشتی پیدا کرد. \n\n\n\n✅ هنگامی که رسول خدا (ص) علی (ع) را در روز \"غدیر خم\" به خلافت منصوب فرمود و درباره او گفت: '' من کنت مولاه فعلی مولاه\" هر کس من مولی و ولی او هستم علی مولی و ولی او است\" چیزی نگذشت که این مساله در بلاد و شهرها منتشر شد\" نعمان بن حارث فهری\" خدمت پیامبر (ص) آمد و عرض کرد تو به ما دستور دادی شهادت به یگانگی خدا و اینکه تو فرستاده او هستی دهیم ما هم شهادت دادیم، سپس دستور به جهاد و حج و روزه و نماز و زکات دادی ما همه اینها را نیز پذیرفتیم، اما با اینها راضی نشدی تا اینکه این جوان (اشاره به علی (ع) است) را به جانشینی خود منصوب کردی، و گفتی: من کنت مولاه فعلی مولاه، آیا این سخنی است که از ناحیه خودت یا از سوی خدااست؟! پیامبر (ص) فرمود:\" قسم به خدایی که معبودی جز او نیست این از ناحیه خدا است\".\n\n\n\n\" نعمان\" روی بر گرداند در حالی که می‏گفت اللَّهُمَّ إِنْ کانَ هذا هُوَ الْحَقَّ مِنْ عِنْدِکَ فَأَمْطِرْ عَلَیْنا حِجارَةً مِنَ السَّماءِ:\" خداوندا! اگر این سخن حق است و از ناحیه تو، سنگی از آسمان بر ما بباران\"! اینجا بود که سنگی از آسمان بر سرش فرود آمد و او را کشت، همین جا آیه سَأَلَ سائِلٌ بِعَذابٍ واقِعٍ لِلْکافِرینَ لَیْسَ لَهُ دافِعٌ نازل گشت\".\n\n(ترجمه تفسیر المیزان ج۲۰ ص ۱۳) \n\n\n\n🔹 جناب روحانی با بیان وارونه ماجرای مسلمی که در تمامی تفاسیر شیعی نقل شده، با کلمات بازی میکند که مثلا نتیجه بگیرد حال که نقد رسول خدا هم مجاز بوده، پس نقد ولی فقیه به طریق اولی مجاز است. کسی هم نیست به او بگوید اولاً هیچ کس حتی شخص ولی فقیه، معتقد نیست که کسی وی را نقد نکند! بلکه شخص ولی فقیه بارها از آزادی و جواز انتقاد به شخص خود هم صحبت کرده اند.ثانیاً در این شرایط که مردم بخاطر فشار اقتصادی ناشی از بی برنامگی دولتتان گله مندند، طرح بحث بی ربط جواز نقد رهبری فرار رو به جلو نیست؟ \n\n\n\n⛔️ این روشی که روحانی بعد از انتخابات ریاست جمهوری در تحریف معارف دینی و مذهبی در پیش گرفته در تاریخ انقلاب اسلامی بی سابقه است و برای او عاقبت خوشی در پی نخواهد داشت.\n\nاز کانال : @BDON_SANSOR\n\n\n\n\n\n\n\nتاریخ : جمعه ۲۲ دی ۹۶\n\n\n\n\nساعت : ۲۲ : ۱۳\n\n\nادامه مطلب\n\n\n\nموافق [ ۱ ] \n\n\n|\n\n\nمخالف [ ۱ ] \n\n\n\n\nنظرات [ ۰ ] \n\n\n\n\n\n\n\n\n\n\n\nکلمات کلیدی\n\n\nپاسخ به سخنان ئریس جمهور درباره نقد امام زمان\n\n\n\n", "post_full_content_4": "\n\n\n\n\n\nتحلیل| مراقب این 120 روز باشید!\n\n\n\n\n🔴ترامپ روی کی حساب کرده؟🔴🔹پس از تمدید تعلیق تحریم‌های ایران تا 120 روز آینده، کاخ سفید با انتشار بیانیه‌ای اعلام کرد : « این آخرین باری است که رئیس جمهور آمریکا تعلیق تحریمهای هسته‌ای را تمدید می‌کند. دولت آمریکا خواهان مذاکره مجدد درباره توافق هسته‌ای ایران با اتحادیه اروپاست. توافق جدید باید دربرگیرنده برنامه موشکی ایران باشد. توافق جدید نباید محدودیت زمانی داشته باشد.»🔹راهبرد ترامپ برای تغییر محتوای برجام از طریق ایجاد لبه پرتگاه خروج از برجام، نیازمند بازی هماهنگ اروپایی‌ها و تلاش‌های شبکه همکار داخلی غرب در ایران است. با توجه به توافق و هماهنگی اروپایی‌ها با آمریکا، از امروز تا پایان ضرب‌ العجل 120 روزه ترامپ، باید مراقب شبکه همکار داخلی غرب در ایران بود. از این پس غربگرایان در ایران با آسمان و ریسمان بافتن، جاده صاف‌کن اروپایی‌ها برای پذیرش تغییرات در برجام می‌شوند و جدول آمریکا برای کمپین جنگ سیاسی را پُر خواهند نمود. 🚩 @DrRezaSeraj\n\n\n\n\n\n\n\nتاریخ : شنبه ۲۳ دی ۹۶\n\n\n\n\nساعت : ۱۵ : ۲۵\n\n\n\n\n\nموافق [ ۱ ] \n\n\n|\n\n\nمخالف [ ۰ ] \n\n\n\n\nنظرات [ ۰ ] \n\n\n\n\n\n\n\n\n\n\n\nکلمات کلیدی\n\n\nبرجام\n\n\nترامپ و برجام\n\n\nترامپ و تعلیق تحریم ها\n\n\n\n", "post_full_content_3": "\n\n\n\n\n\nایجاد شغل به پول پاشی نیست!\n\n\n\n\nایجاد شغل به پول پاشی نیستنگاه برنامه ریزان دولت باید تغییر کند✍️برخی برنامه ریزان اقتصادی دولت وقتی چرتکه می اندازند، می گویند با حذف یارانه 34 میلیون نفر و گران کردن 50 درصدی بنزین (که آثار تورمی شدید در پی دارد و حداقل 480 هزار شغل را از بین می برد) می توانیم چند ده هزار میلیارد تومان سرمایه برای ایجاد اشتغال کنار بگذاریم. آنها - با برآوردهای مختلف- می گویند ایجاد هر شغل، 100 تا 300 میلیون بودجه لازم دارد و با فلان مقدار حذف یارانه می توان بهمان مقدار شغل ایجاد کرد. این ادبیات سهل اندیشانه مانند این است که بگوییم فلان مقدار پول پس انداز می کنیم و مثلا یک تلویزیون می خریم.ادامه در ادامه مطلب📊 آیا ایجاد و نگهداری یک شغل نیز از همین رویکرد ساده انگارانه پیروی می کند؟ در اینکه برای ایجاد شغل سرمایه نیاز است، تردیدی نیست اما اولا ایجاد شغل برای هر یک نفر، الزاما نیازمند 100 تا 300 میلیون بودجه و تسهیلات نیست. گاه با یک دهم همین مبالغ می شود برای بیکاران کار فراهم کرد. مناطق مختلف کشور به لحاظ ظرفیت های بومی موجود، مستعد ایجاد اشتغال با کمترین بودجه ها هستند که فقط همت مدیران دولتی ذی ربط را کم دارد. کارهایی مانند پرورش ماهی، تبدیل میوه های انباشته در باغ ها به محصولات فراوری شده، تولیدکمپوست و این قبیل، با کمترین تسهیلات مقدور است و می تواند به صورت واحدهای کوچک تولیدی، ایجاد شغل کند.📈 ثانیا ایجاد شغل پایدار، فقط به پول پاشیدن های سردرگم (احیانا رانتی برای نورچشمی ها) نیست. شغل های موجود یا شغل هایی که بعدا ایجاد می شود، نیازمند سیاست های حمایتی است. با یک نهال کاشته شده یا در حال کاشت دو گونه می شود رفتار کرد: فقط  برای افتتاح فلان مقام، کاشت و رها کرد و رفت؛ یا اینکه آن را \"داشت\"، آبیاری کرد ، ازسم پاشی غافل نشد و به موقع میوه آن را چید و به بازار رساند.🏗 از تولید ملی باید با چنگ و دندان حمایت کرد؛ حداقلش این است که راه واردات دارای مشابه داخلی و لو با کیفیت تر باشد، با قاطعیت بسته شود. نه اینکه برخی مدیران، سود خود را در تبدیل شدن به نمایندگی واردات و فروش توام با رانت محصول خارجی ببینند. دلالان نزدیک به برخی مدیران در اینجا خسارت های چند ده میلیارد دلاری به تولید داخلی ( و نتیجتا اشتغال) می زنند. کار آنها در حقیقت به قیمت بند آوردن نفس تولید و کارگر ایرانی تمام می شود. این در جنگ اقتصادی به مفهوم ریختن خون کارگر ایرانی است.🏭 نه تنها باید راه را بر واردات وبی رویه و قاچاق کالاهای خارجی بست بلکه مسئولیت مهم تر، حمایت از بازاریابی و صادرات تولید ایرانی است. برای رونق اقتصاد و ایجاد شغل پایدار نمی توان صرفا به پرمصرف کردن بازار داخل اندیشید، که خود این کار، ضد پس انداز و سرمایه گذاری داخلی است. صادرات، اکسیژن تفس برای اقتصاد ملی است. تعدد همسایگان در این زمینه فرصت مهم برای رونق اقتصاد ماست که گاه مغفول واقع می شود و موجب می گردد بازار کشورهای دوست و متحدی مثل عراق، در اثر کم کاری ما، تقدیم رقبای اقتصادی شود. تلقی مدیران ما درباره نحوه ایجاد اشتغال ، بابد دوباره کوبیده و ساخته شود.@IMANImohamad51\n\n\n\n\n\n\n\nتاریخ : جمعه ۲۹ دی ۹۶\n\n\n\n\nساعت : ۱۲ : ۵۵\n\n\nادامه مطلب\n\n\n\nموافق [ ۰ ] \n\n\n|\n\n\nمخالف [ ۰ ] \n\n\n\n\nنظرات [ ۰ ] \n\n\n\n\n\n\n\n\n\n\n\nکلمات کلیدی\n\n\nاقتصاد دولت دوازدهم\n\n\nتحلیل اقتصاد دولت دوازدهم\n\n\nپول پاشی دولت\n\n\n\n", "post_full_content_2": "\n\n\n\n\n\nچالشهای روحانی در برجام\n\n\n\n\n🔴چالش‌های روحانی در برجام🔴🔹چالش‌های روحانی در برجام فزاینده شده است. روحانی برای مهار چالش‌های چندگانه در برجام چه خواهد کرد؟♦️چالش‌های روحانی در برجام1⃣ افزونه طلبی‌های آمریکا در برجام 2⃣ عدم اجرای تعهدات آمریکا در برجام 3⃣ عدم تحقق وعده‌های اقتصادی برجام‌4⃣ همراهی اروپا با افزونه‌طلبی آمریکا5⃣ آغاز شمارش معکوس برای پایان برجام🔹برجام فاقد دستاورد است. دیگر حتی با ابر، باد، مه، خورشید، فلک و تمام میوه‌ها، نمی‌توان برای آن دستاورد ساخت. اعتماد به آمریکا، تکیه بر باد بود. با این شرایط، روحانی دو مسیر پیش رو دارد؛ یا باید پایان برجام را بپذیرد و #پاسخگوی مطالبات و وعده‌های بی‌شمار گردد و یا اینکه مجددا جامعه را نسبت به برجام شرطی و #برجامیزه کند. روحانی برای مهار چالش‌های خود در برجام، مسیر دوم را انتخاب خواهد کرد. مسیر دوم، تن دادن به افزونه طلبی‌های آمریکا در برجام با پوشش برجام اروپایی است. در مسیر دوم مشکل روحانی، اقناع جامعه است. در این ارتباط مرکز امنیتی سوفان در واشنگتن، طی گزارشی نوشت : «چالشی که رئیس‌جمهور ایران با آن مواجه خواهد بود، متقاعد کردن عموم مردم و مخالفانش برای ادامه برجام، بدون منافع اقتصادی خواهد بود.» 🚩 @DrRezaSeraj\n\n\n\n\n\n\n\nتاریخ : جمعه ۲۹ دی ۹۶\n\n\n\n\nساعت : ۲۲ : ۱۷\n\n\n\n\n\nموافق [ ۰ ] \n\n\n|\n\n\nمخالف [ ۰ ] \n\n\n\n\nنظرات [ ۰ ] \n\n\n\n\n\n\n\n\n\n\n\nکلمات کلیدی\n\n\nبرجام\n\n\nبرجام اروپایی\n\n\nسالگرد برجام\n\n\n\n", "post_full_content_1": "\n\n\n\n\n\nمناظره جنجالی موافق و مخالف برجام در تلویزیون\n\n\n\n\nدو روز پیش مناظره ای زنده در برنامه ثریا - که از صداوسیما پخش شد - بین موافق و مخالف برجام، که آقایان جبرائیلی و رحمانیان بودند شکل گرفت.\n(فیلم کامل مناظره را می توانید از اینجا مشاهده و دانلود کنید)\n\nبخش هایی از مناظره را در ادامه میخوانید:\n\nمهدی رحمانیان، مدیر مسئول روزنامه شرق:🔹من موافق نظر آقای جبرائیلی نیستم. شما تمام مسائل جهان اسلام را به حوادث ۸۸ ربط می‌دهید. آقای ظریف این موضوع را تکذیب کردند.آقای روحانی نگفتند آمریکا کدخداست و اشاره ایشان به اروپایی‌ها بود و اینکه اگر شما می‌گویید آمریکا کدخداست، باشد حالا می‌رویم و با کدخدا صحبت می‌کنیم.🔹ما در برجام پیروز شدیم، وظیفه برجام این نبود که تمام مشکلات قبل و بعد از برجام را حل کند و معضلات ۴۰ ساله ما با آمریکا حل کند.🔹یک ایران هراسی قبل از برجام بوجود آمده بود، مبادلات بانکی نداشتیم، نمی‌توانستیم نفت بفروشیم، هواپیماهای ما نمی‌توانستند سوخت گیری کنند.🔹تیم قبلی کارش فقط این بود که بروند و بنشینند و درباره مکان بعدی مذاکرات صحبت کنند و توافق کنند.سید یاسر جبرائیلی، کارشناس اقتصاد سیاسی:🔸آیا شما فیلم پخش شده از آقای ظریف را ندیده‌اید. آیا شما برجام را خوانده‌اید؟ آیا انصاف است که اینطور درباره تیم قبلی صحبت کرد، توافق آلماتی را فرآموش کردید؟🔸شما امروز می‌گویید که برجام نمی‌خواست مشکلات جهان اسلام را حل کنید. اما قبلا شما در روزنامه خود اینطور تیتر می‌زدید: اینک بدون تحریم، خلاص شدیم، تحریم خاک شد، امضای کری تضمین است، ۲۵۰۰ میلیون دلار از تاخیر برجام ضرر کردیم و آمدید عبارت آقای برژینسکی را تیتر کردید که «پیروزی بدون جنگ».🔸آقای روحانی گفتند تمام تحریم‌های اقتصادی و... لغو خواهد شد. شما یک آینده تخیلی و غیرواقعی از فضای بعد از برجام نشان دادید.چرا روزنامه شما امروز در سالگرد برجام هیچ مطلبی از برجام تابان نمی‌زند.آقای اوباما می‌گفت رژیم تحریم‌ها در حال فرو ریختن بود.🔸ما می‌گوییم چرا توافق بد کردید، نه اینکه چرا توافق کردید. مسئولین بارها گفتند که آثار تحریم‌ها همچنان باقی‌ست.🔸رویترز در گزارشی اعلام می‌کند که تهران یک بازار فوق‌العاده پر سود برای سرمایه گذاری‌ست.🔸انگلیس ۱۱۷ درصد رشد در صادراتش به ایران بوده و ذرت دامی، سویا، تراکتور بود، ما صنعت خودرو سازیمان را به فرانسه دادیم و اکثر واردتمان تجهیزات خودرو است. همچنین آمدند و اطلاعات فاز۱۱ پارس جنوبی را گرفتند و بردند.مهدی رحمانیان، مدیر مسئول روزنامه شرق:🔹من شجاعت دوستان را ندارم که شب را بگویم روز است و راست را بگویم دروغه. من همچنان از برجام دفاع می‌کنم بخاطر شرایطی که در آن بودیم.🔹برجام یکی از قابل دفاع ترین کاردر دیپلماسی دوران جمهوری اسلامی است و ما رفتیم و با ۶ قدرت جهانی نشستیم و مذاکره کردیم. 🔹الزاما ما مشکلمان تحریم‌ها نیست بلکه داخلی است و هر قوه‌ای برای خودش جزیره‌ای کار می‌کند، اتفاقا اعتراضاتی که اخیرا شد نشان از مشکلات داخلی ما است.🔹در دولت نهم و دهم ۶ قطعنامه صادر شد که اگر ادامه پیدا می‌کرد ما نمی‌توانستیم دیگر نفت صادر کنیم.سید یاسر جبرائیلی، کارشناس اقتصاد سیاسی:🔸ما تا حالا ذیل فصل ۴۲ نبودیم. لطفا راجع به وعده‌هایی که دادید و مبالغه کردید جواب بدهید.آقای رحمانیان راجع به واقعیات سخن بگویید نه تخیلات.🔸مشکلات مالی ما اصلا حل نشده و شاهدش نیز صحبت‌های آقای سیف است که گفت هیچ چیز حل نشده.🔸برجام الان چیز قابل دفاعی ندارد و دلیل این حاشیه‌های آقای رحمانیان همین است. شما واقعا برجام را خوانده‌اید؟ من از صادق زیبا کلام پرسیدم که برجام را خوانده‌اید و صادقانه گفت که نخوانده است.شما نیز صادقانه بگویید.🔸اروپا مقابل آمریکا نیست، آمریکا می‌گوید بیایید و مسئله موشکی وحضور درمنطقه را رها کنید و گرنه برجام را پاره می‌کنم، اروپا می‌گوید دست به برجام نزن و بیاییم و درباره مسائل موشکی و مسائل منطقه‌ای مذاکره کنیم، فرقشان فقط همین است. حساب اروپا از آمریکا اصلا جدا نیست.@Farsna\n\n\nپس از این مناظره وزارت امور خارجه نسبت به قسمتی از سخنان آقای جبرائیلی بیانیه ای صادر کرده و ایشان را با نسبتهایی مانند :  عقده گشایی، متوهم، تردست ایشان را معرفی کرده است!  (پ.ن: چند روز پیش بود که رئیس جمهور فرموده بودند همه باید نقد شوند! اما ایشان و تیم مودب تر از خودشان مستثنی هستند ظاهرا !!)\n\nدر ادامه پاسخ آقای جبرائیلی آمده است:\n🔹پاسخی به بیانیه وزارت امور خارجه🔺تردستی ژورنالیستی و صحنه سازی سیاسی، پیوند زدن برجام به آب خوردن مردم و ادعای لغو همه تحریم ها بود🔺▫️ بسم الله الرحمن الرحیم🔹 پیرو مناظره روز چهارشنبه 27 دیماه 96 اینجانب با آقای مهدی رحمانیان مدیرمسئول روزنامه شرق در برنامه ثریا، وزارت امور خارجه دولت آقای روحانی بیانیه ای صادر کرده و ضمن ایراد ناسزاهایی چون «تازه از راه رسیده»، «کم اطلاع»، «عقده گشا»، «مغرض سیاسی و جناحی»، «مصاحبه سخیف ساختگی»، «همنوایی با دشمنان» و...، مسائلی را مطرح کرده است که لازم می دانم نکاتی را درباره آنها متذکر شوم.🔹 اولا از خواندن متن این بیانیه حقیقتا بسیار خوشحال شدم. وقتی شنیدم وزارت خارجه علیه این حقیر بیانیه داده، با خود گفتم لابد چونان همه بیانیه هایی که از آن دستگاه صادر می‌شود، مرا نیز به «خویشتن داری» توصیه کرده‌اند. اما با مطالعه بیانیه دیدم که خیر، وزارت خارجه ما هم می‌تواند مواضع آتشین اتخاذ کند؛ اما ظاهرا آن کلی‌گویی‌های دیپلماتیک، مصرف خارجی و این ناسزاگویی‌ها، مصرف داخلی دارد.🔹 ثانیا جای خشنودی است که این بیانیه درباره 90 درصد اظهارات این حقیر در برنامه ثریا سخنی برای گفتن نداشته و صرفا درباره یک نکته بیانیه داده است که آن هم نه تنها تکذیبیه نیست، بلکه تائیدیه است. آن نکته، اشاره حقیر به انتشار متن برجام توسط اندیشکده آمریکایی International Crisis Group  چهارده ماه پیش از توافق بود که دوستان وزارت خارجه ضمن تائید این سخن، در کمال تعجب آن را نقطه قوت مذاکره کنندگان دانسته‌اند: «اینکه در میانه راه یک موسسه مطالعاتی پیشنهادهایی را برای پایین آمدن مذاکره کنندگان آمریکایی از مواضع خود مطرح نماید و آنها هم قبول نمایند، اتفاقا نقطه قوت مذاکره کنندگان ایرانی است». همانطوریکه مشاهده می‌کنید، آقایان تکذیب نکرده‌اند که مفاد پیشنهاد ICG در برجام تکرار شده است، اما حقیقتا جای سوال است که تکرار متن پیشنهادی یک اندیشکده وابسته به دولت آمریکا -که جرج سوروس از اعضای اصلی آن است- در برجام، چگونه نقطه قوت مذاکره کنندگان ایرانی است؟🔹 ثالثا، وزارت خارجه اظهارات این جانب را «تردستی ژورنالیستی» خوانده و گفته است «مردم فریب صحنه‌سازی‌های سیاسی مخالفان برجام را نخواهند خورد». برادران گرامی! تردستی ژورنالیستی و صحنه سازی سیاسی را کسانی انجام دادند که مدعی شدند تمامی تحریم ها در روز اجرای برجام لغو- و نه تعلیق- خواهد شد. کسانی مردم را فریب دادند که آب خوردن مردم را هم به برجام پیوند دادند. لیست این تردستی ها و صحنه سازی ها فراوان است، مکرر درباره آنها سخن گفته ایم  و صدای مقامات دولت هنوز در گوش مردم است. از دیگر سو، همه گفته ها و نوشته های منتقدان در طول مذاکرات و ادعاهای شما عالیجنابان موجود است. مردم خوب می فهمند چه کسانی دغدغه منافع ملی را داشتند و درباره این روزها انذار می دادند و چه کسانی عده ای را با «یک دلاری و هزار تومانی» وسط خیابان‌های تهران رقصاندند.🔹 رابعا، این پرسش از جناب آقای دکتر ظریف بسیار جدی است که آمریکایی ها، چه امیدی به حضور طیف سیاسی جنابعالی در قدرت داشتند و پیروزی شما در انتخابات چه نفعی برایشان داشت که به شورای روابط خارجی آمریکا رفتید و آنها را تهدید کردید که اگر توافق نشود، مردم به افراد دیگری رای خواهند داد. «همنوایی با دشمنان قسم خورده ملت»، این رفتارهای حیرت انگیز سیاسی شماست یا نقدهای مستند ما بر برجام؟\n▫️ ادامه از پست قبل‌‌  ▫️🔹 خامسا، بارها گفته ایم و باز هم تکرار می کنیم که دو برجام وجود دارد. یکی برجام آمریکایی که متن برجام موجود با همه سوابق درخشانش است، و دیگری برجام نظام جمهوری اسلامی که اجرای آن، مشروط به شروط 9 گانه رهبر حکیم انقلاب اسلامی است، که دولت اغلب آنها را رعایت نکرده است. لذا دولت آقای روحانی حق ندارد توافق خود با آمریکایی‌ها را به پای نظام بنویسد. طبق شروط رهبر انقلاب، اقداماتی نظیر تصویب تحریم کاتسا، نقض برجام است و باید روال مصوب مجلس درباره تعهدات ایران طی شود. دولت آقای روحانی اگر مجری برجام نظام بود، تاکنون این روال مصوب را طی کرده بود. 🔹 سادسا، وزارت امور خارجه در پایان بیانیه خود، این حقیر را به پیگیری حقوقی تهدید کرده است. من حتما از شکایت این دستگاه استقبال می‌کنم تا در یک دادگاه علنی، ناگفته‌های دیگری را نیز بازگویم. 🔹 سابعا، در بیانیه وزارت خارجه ادعا شده است صدا و سیما با این حقیر «مصاحبه سخیف ساختگی» کرده است. ظاهرا آقایان تفاوت مناظره و مصاحبه را نمی دانند. برنامه ثریا مصاحبه یک طرفه مانند تمام مصاحبه های مقامات دولتی نبود، بلکه یک مناظره میان این حقیر و یکی از بزرگترین بزک کنندگان آمریکا یعنی مدیرمسئول روزنامه شرق بوده است. اگر تصور دوستان وزارت خارجه این است که مدیرمسئول روزنامه شرق «نقش ساختگی» داشته است، این را باید از وی سوال کنند، اما پیشنهاد اینجانب این است که در برنامه ای دیگر، یکی از مسئولان وزارت خارجه به مناظره بیایند تا مناظره، به زعم آنان، «واقعی» شود.🔹 نهایتا از مسئولان محترم سازمان صدا و سیما درخواست می کنم به این نکته توجه داشته باشند که امروز، روز نتیجه گرفتن از تجربه برجام است. تجربه برجام، همان بی فایده بودن مذاکره با آمریکا و ضرورت بازگشت به خویشتن برای رسیدن به عزت و پیشرفت و تعالی ملت ایران است. جز با این قبیل برنامه ها، تجربه گران سنگ برجام به دست نخواهد آمد. صدا و سیما اگر در این برهه، به درس ها و تجربه های برجام نبپردازد، وظیفه خود را در حق ملت ادا نکرده است. والعاقبه للمتقینسید یاسر جبرائیلیسی ام دیماه نود و شش\n\n\n\n\n\n\n\nتاریخ : شنبه ۳۰ دی ۹۶\n\n\n\n\nساعت : ۱۶ : ۰۸\n\n\nادامه مطلب\n\n\n\nموافق [ ۰ ] \n\n\n|\n\n\nمخالف [ ۰ ] \n\n\n\n\nنظرات [ ۰ ] \n\n\n\n\n\n\n\n\n\n\n\nکلمات کلیدی\n\n\nبرجام\n\n\nمناظره جبرائیلی و رحمانیان در برنامه ثریا با موضوع برجام\n\n\nمناظره موافقان و مخالفان برجام\n\n\n\n"}