{"type": "blog", "blog_name": "قرآن حق است", "blog_url": "http://ketabehagh.blog.ir/", "post_url_1": "http://ketabehagh.blog.ir/1396/11/05/%DA%86%D8%B1%D8%A7%D8%BA-%D8%A8%D8%B1%D8%AF%D8%A7%D8%B1", "post_title_1": "چراغ بردار...", "post_content_1": "\nبسم الله الرحمن الرحیم\n...\n \nبا خودت چراغ بردار \n \nهمین\n...", "post_url_2": "http://ketabehagh.blog.ir/1396/11/03/amanat%20va%20amanatdari", "post_title_2": "امانت و امانتداری", "post_content_2": "بسم الله الرحمن الرحیم\n \nخداوند به شما فرمان می دهد که امانت ها را به صاحبانش برگردانید...(1)\n...\nحدیثی از امام سجاد (علیه السلام) هستش درباره امانتداری، تکان دهنده...\nاما چون منبعش رو متاسفانه پیدا نکردم نتونستم بذارم...\n \nدوستان مطلب بسیار مهمه،اونقدری مهم که هم قرآن و هم ائمه علیه السلام به این موضوع پرداخته اند...\n...\nحواس هایمان به همین چیزها باید باشد،فردا سوال و جواب داریم...\nسوالو جوابی سخت...\n \nبا وبلاگ کتاب حق در ارتباط باشید.\nیاحق\n...\nثوابش تقدیم به شهید (اصغر وصالی)\nــــــــــــــــــــــــــــــــــــــــــــــــــــــــــــــــــــــــــــــــــــــــــــــــــــــــــــــــــــــــــــــــــــــــــــــــــــــــــــــــــــ\n1.سوره نساء/آیه 58\n \n ", "post_url_3": "http://ketabehagh.blog.ir/1396/10/05/%D8%B1%D9%88%D8%AD-%D8%A7%D9%84%D9%84%D9%87-%D9%87%D9%85%D8%B1%D8%A7%D9%87-%D8%AD%D8%B6%D8%B1%D8%AA-%D8%A8%D9%82%DB%8C%D9%87-%D8%A7%D9%84%D9%84%D9%87-%D8%B9%D8%AC", "post_title_3": "روح الله(همراه حضرت بقیة الله«عج»)", "post_content_3": "\n \nبسم الله الرحمن الرحیم\nــــــــــــ\nحضرت عیسی مسیح(ع)، پیامبر اولوالعزم الهی، همراه با امام زمان(عج)، ظهور می‌کنند، که فرود حضرت مسیح(ع) از آسمان، موجب گرایش غربی‌ها و مسیحیان جهان به اسلام و انعقاد پیمان صلح می‌گردد...\n...\nسلام به همه دوستانی که این مطلب رو میخونن...\nدر ایام میلاد حضرت عیسی مسیح (ع)هستیم،و بنده خواستم این عید باشکوه رو خدمت همه دوستان علی الخصوص دوستان پیرو آیین حضرت مسیح(ع)تبریک عرض کنم.\n...\n \nپیامبری پر از خیر و برکت...(سوره مریم/آیه 31)\nدوستان این آیه رو حتما بخونید...خیلی کوتاه اما بسیار زیبا...نماز تنها برای مسلمانان نیست...خداوند بزرگ حضرت عیسی مسیح(ع) رو هم به نماز سفارش کرده...\n...\n \nثواب این متن تقدیم به شهدای(گمنام)\n...\n \n.دوستان نظراتتون رو با ما به اشتراک بذارید.", "post_url_4": "http://ketabehagh.blog.ir/1396/09/14/%D8%A8%D8%A7-%D8%AE%D8%AF%D8%A7", "post_title_4": "با خدا", "post_content_4": "بسم الله الرحمن الرحیم\n...\nخدایا اهدنا الصراط المستقیم\nهدایت کردی؟خودت تو راه مستقیم مارو نگه دار\n...\nگاهی کارایی می کنیم که درست نیست\nمارو ببخش\nبخشیدی؟کمک کن دیگه تکرارشون نکنیم\n...\nخدایا تو تنگنای زندگی گیر کردیم\nچه کنیم؟\nتو با مایی؟پس هیچ وقت ترکمون نکن\n...\nخدایا احتیاج به صحبت با تو دارم\nتو را کجا پیدا کنم؟\nدر قلبم؟\nتو در قلب منی؟پس خدایا آن را به تو فروختم تمامش را...\nلطف کن خانه ات را عوض نکن\n...\nخدایا\nخیلی دوست دارم\n\n...\nیه درد و دل کوچیک\n...\n \nصحبتی با خدا دارید؟\nبا وبلاگ کتاب حق به اشتراک بذارید\n...\n \nثوابش تقدیم به شهید(محسن حججی)", "post_url_5": "http://ketabehagh.blog.ir/1396/09/07/%D8%A8%D8%A7-%D8%AE%D8%AF%D8%A7-%D8%A8%D9%85%D8%A7%D9%86%DB%8C%D9%85", "post_title_5": "با خدا بمانیم", "post_content_5": "\n...\nبسم الله الرحمن الرحیم\nهمه به درگاه خدا توبه کنید،باشد که رستگار شوید(1)\n...\nمیشه به سمت خدا برگشت،اختیار با شماست...\nهمه چیز در دستان شماست،خدا را انتخاب می کنید؟یا غیر از خدارو؟\n؟؟؟\n \nانتخاب با ماست...\nکدام طرفی هستیم؟؟؟\nاما یک پیشنهاد دوستانه،راه خدا بهترین راه است...\n...\nشما بخشیده شدید دوباره شروع کنید...\nدوباره می توانید شروع کنید...(پس بسم الله)\n...\n یک بار هم با خدا بمانیم شاید بهتر باشد...\nیکبار دلش را نشکنیم...\nهمه جوره هوای مارا داشته...\n \nیکبار با خدا بمانیم...\n...\nثوابش تقدیم به شهید(محمود رضا بیضایی)\n \n...\nنظر شما چیه؟؟؟\nنظرهای خودتون رو با کتاب حق به اشتراک بذارید...\nـــــــــــــــــــــــــــــــــــــــــــــــــــــــــــــــــــــــــــــــ\n1.سوره نور/آیه 31\n ", "post_full_content_4": "", "post_full_content_3": "", "post_full_content_5": "", "post_full_content_2": "", "post_full_content_1": ""}