{"type": "blog", "blog_name": "دریچـ ـهـ انتـ ــظار", "blog_url": "http://darichehentezar.blog.ir/", "post_url_1": "http://darichehentezar.blog.ir/1395/05/24/%D8%AD%D9%85%D8%A7%DB%8C%D8%AA-%D9%87%D9%86%D8%B1%D9%85%D9%86%D8%AF%D8%A7%D9%86-%D8%A7%D8%B2-%DA%A9%D9%85%D9%BE%DB%8C%D9%86-%D9%85%D8%B1%D8%AF%D9%85%DB%8C-%D9%85%D8%B9%DB%8C%D9%86-%D8%A7%D9%84%D8%B6%D8%B9%D9%81%D8%A7", "post_title_1": "حمایت هنرمندان از کمپین مردمی معین الضعفا", "post_content_1": "\n\nحمایت هنرمندان از کمپین مردمی معین الضعفا(کلیک کنید)\n\nالسلام علیک یا معین الضعفاء\nکمپین #معین_الضعفا، حرکتی‌ست برای ترویج مهربانی و نهادینه سازی فرهنگ دستگیری از مستضعفین در جای جای این مرز و بوم. عهدی‌ست که با حضرت ثامن‌الحجج(ع) می‌بندیم تا مثل خودش به یاری نیازمندان بشتابیم. شما هم از قول و قرارتان با امام مهربانی، برای کمک به #مستضعفین فیلم و عکس بگیرید، صدا ضبط کنید و یا متنی بنویسید و در لینک زیر به اشتراک بگذارید. #معین_الضعفا#امام_رضا(ع)#دهه_کرامتشما هم دعوتید...\n\nکمپین معین الضعفاء در تلگرام\nکمپین معین الضعفاء در اینستاگرام\nکمپین معین الضعفاء در آپارات", "post_url_2": "http://darichehentezar.blog.ir/1395/05/20/%D8%A2%D9%82%D8%A7-%D9%85%D9%86-%D8%A8%D9%86%D8%A7-%D9%87%D8%B3%D8%AA%D9%85", "post_title_2": "آقا من بنا هستم... / کمپین مردمی معین الضعفا", "post_content_2": "\n\nآقا، من بنّا هستم...قول می دهم در ساخت خانه #مستضعفین به آنها کمک کنم...\n #معین_الضعفا#امام_رضا(ع)#دهه_کرامت\n#مستضعفینشما هم دعوتید...\n\nکمپین معین الضعفاء در تلگرام\nکمپین معین الضعفاء در اینستاگرام\nکمپین معین الضعفاء در آپارات", "post_url_3": "http://darichehentezar.blog.ir/1395/05/19/%D8%AA%DB%8C%D8%B2%D8%B1-%DA%A9%D9%85%D9%BE%DB%8C%D9%86-%D9%85%D8%B1%D8%AF%D9%85%DB%8C-%D9%85%D8%B9%DB%8C%D9%86-%D8%A7%D9%84%D8%B6%D8%B9%D9%81%D8%A7", "post_title_3": "تیزر کمپین مردمی معین الضعفا", "post_content_3": "\n\nنمایش تیزر کمپین مردمی معین الضعفا در آپارات\n\n\nالسلام علیک یا معین الضعفاء\nکمپین #معین_الضعفا، حرکتی‌ست برای ترویج مهربانی و نهادینه سازی فرهنگ دستگیری از مستضعفین در جای جای این مرز و بوم. عهدی‌ست که با حضرت ثامن‌الحجج(ع) می‌بندیم تا مثل خودش به یاری نیازمندان بشتابیم. شما هم از قول و قرارتان با امام مهربانی، برای کمک به #مستضعفین فیلم و عکس بگیرید، صدا ضبط کنید و یا متنی بنویسید و در لینک زیر به اشتراک بگذارید. #معین_الضعفا#امام_رضا(ع)#دهه_کرامتشما هم دعوتید...\n\nکمپین معین الضعفاء در تلگرام\nکمپین معین الضعفاء در اینستاگرام\nکمپین معین الضعفاء در آپارات\n", "post_url_4": "http://darichehentezar.blog.ir/1395/05/18/%DA%A9%D9%85%D9%BE%DB%8C%D9%86-%D9%85%D8%B1%D8%AF%D9%85%DB%8C-%D9%85%D8%B9%DB%8C%D9%86-%D8%A7%D9%84%D8%B6%D8%B9%D9%81%D8%A7", "post_title_4": "کمپین مردمی معین الضعفا", "post_content_4": "السلام علیک یا معین الضعفاء\nکمپین #معین_الضعفا، حرکتی‌ست برای ترویج مهربانی و نهادینه سازی فرهنگ دستگیری از مستضعفین در جای جای این مرز و بوم. عهدی‌ست که با حضرت ثامن‌الحجج(ع) می‌بندیم تا مثل خودش به یاری نیازمندان بشتابیم. شما هم از قول و قرارتان با امام مهربانی، برای کمک به #مستضعفین فیلم و عکس بگیرید، صدا ضبط کنید و یا متنی بنویسید و در لینک زیر به اشتراک بگذارید. #معین_الضعفا#امام_رضا(ع)#دهه_کرامتشما هم دعوتید...\n\nکمپین معین الضعفاء در تلگرام\nکمپین معین الضعفاء در اینستاگرام\nکمپین معین الضعفاء در آپارات\n\nـــافسرنوشت: بسم رب الرضالطفا این لینک رو منتشر کنید؛ خودتونم عضو کمپین بشید و کلیپ هاش رو ببینین و ازش ایده بگیرین و حتما در کمپین شرکت کنید؛ یه کار خداپسندانه است و برای استارت کار و ادامه مراحلش زحمات زیادی کشیده شده؛ ان شاءالله بزودی از کلیپ های شخصیت های هنری و فرهنگی که از این کمپین حمایت کردن رونمایی می شود و در کانال و صفحات مربوطه قرار خواهد گرفت. استیکرهای مخصوص طراحی شده و ایده های ناب دیگری که ان شاءالله بزودی شاهد خواهید بود. پس فقط عضو بشید و در فرهنگ سازی این کار خداپسندانه ما را یاری نمایید.سپاسگزاریم!", "post_url_5": "http://darichehentezar.blog.ir/1395/02/30/%D8%AF%D8%A7%D9%86%D9%84%D9%88%D8%AF-%D8%A2%D9%87%D9%86%DA%AF-%D8%AC%D9%88%D9%88%D9%86-%D8%A7%D8%B2-%D8%AD%D8%A7%D9%85%D8%AF-%D8%B2%D9%85%D8%A7%D9%86%DB%8C-%D9%85%DB%8C%D9%84%D8%A7%D8%AF-%D8%AD%D8%B6%D8%B1%D8%AA-%D8%B9%D9%84%DB%8C-%D8%A7%DA%A9%D8%A8%D8%B1-%D8%B9", "post_title_5": "دانلود آهنگ \"جوون\" از حامد زمانی / میلاد حضرت علی اکبر(ع)", "post_content_5": "\n شاعر:امیر علی سلیمانی\nتنظیم:امیر جمالفرد\nآهنگساز:حامد زمانی\nگرافیک:سروش کریمی\nتهیه شده در استودیو ایستادهلینک دانلود آهنگ جوون\n\nمتن آهنگ در ادامه مطلب...\n\nمتن آهنگ:\nتو اسمون اسم مارو نوشتن\nباید با هم دوباره همصدا شیم\nچند تاقدم مونده باید بمونیم\nما میتونیم مثل ستاره ها شیم\nباید بدونیم که خدا همیشه\nهوای غنچه های باغو داره\nجهاد ما یه کار خیره بی شک\nنیازی نیست دیگه به استخاره\nجوون که عاشق نباشه جوون نیست\nدلی که عاشق نشه تنهاتره\nباید برای راهمون بجنگیم\nمعلم ما علی اکبره\nخسته شدن برای ما مهم نیست\nبرای ما که راهمون بلنده\nاگه کسی یه لحظه وایسه حتما\nوایساده بندکفششو ببنده\nخاک وطن برای ما بهشته\nچشامون از خونه جدا نمیشه\nحتی اگه شبا بیدار بمونیم\nنماز صبح ما قضا نمیشه\nجوون که عاشق نباشه جوون نیست\nدلی که عاشق نشه تنهاتره\nباید برای راهمون بجنگیم\nمعلم ما علی اکبره\nدعای ما میرسه تا اسمون\nبا اینکه خیلی وقتا بی صداییم\nما تشنه زیارت بهشتیم\nغبار خاک مشهدالرضاییم\nفرصت ما فرصت بی بدیله\nکاشکی ازش به سادگی نگذریم\nشعارمون رسیدنه تو این راه\nمنتظر اشارهرهبریم\nجوون که عاشق نباشه جوون نیست\nدلی که عاشق نشه تنهاتره\nباید برای راهمون بجنگیم\nمعلم ما علی اکبره", "post_full_content_4": "\nکمپین مردمی معین الضعفا\n\n\n\nالسلام علیک یا معین الضعفاء\nکمپین #معین_الضعفا، حرکتی‌ست برای ترویج مهربانی و نهادینه سازی فرهنگ دستگیری از مستضعفین در جای جای این مرز و بوم. عهدی‌ست که با حضرت ثامن‌الحجج(ع) می‌بندیم تا مثل خودش به یاری نیازمندان بشتابیم. شما هم از قول و قرارتان با امام مهربانی، برای کمک به #مستضعفین فیلم و عکس بگیرید، صدا ضبط کنید و یا متنی بنویسید و در لینک زیر به اشتراک بگذارید. #معین_الضعفا#امام_رضا(ع)#دهه_کرامتشما هم دعوتید...\n\nکمپین معین الضعفاء در تلگرام\nکمپین معین الضعفاء در اینستاگرام\nکمپین معین الضعفاء در آپارات\n\nـــافسرنوشت: بسم رب الرضالطفا این لینک رو منتشر کنید؛ خودتونم عضو کمپین بشید و کلیپ هاش رو ببینین و ازش ایده بگیرین و حتما در کمپین شرکت کنید؛ یه کار خداپسندانه است و برای استارت کار و ادامه مراحلش زحمات زیادی کشیده شده؛ ان شاءالله بزودی از کلیپ های شخصیت های هنری و فرهنگی که از این کمپین حمایت کردن رونمایی می شود و در کانال و صفحات مربوطه قرار خواهد گرفت. استیکرهای مخصوص طراحی شده و ایده های ناب دیگری که ان شاءالله بزودی شاهد خواهید بود. پس فقط عضو بشید و در فرهنگ سازی این کار خداپسندانه ما را یاری نمایید.سپاسگزاریم!\n\n", "post_full_content_5": "\nدانلود آهنگ \"جوون\" از حامد زمانی / میلاد حضرت علی اکبر(ع)\n\n\n\n\n شاعر:امیر علی سلیمانی\nتنظیم:امیر جمالفرد\nآهنگساز:حامد زمانی\nگرافیک:سروش کریمی\nتهیه شده در استودیو ایستادهلینک دانلود آهنگ جوون\n\nمتن آهنگ در ادامه مطلب...\n\nمتن آهنگ:\nتو اسمون اسم مارو نوشتن\nباید با هم دوباره همصدا شیم\nچند تاقدم مونده باید بمونیم\nما میتونیم مثل ستاره ها شیم\nباید بدونیم که خدا همیشه\nهوای غنچه های باغو داره\nجهاد ما یه کار خیره بی شک\nنیازی نیست دیگه به استخاره\nجوون که عاشق نباشه جوون نیست\nدلی که عاشق نشه تنهاتره\nباید برای راهمون بجنگیم\nمعلم ما علی اکبره\nخسته شدن برای ما مهم نیست\nبرای ما که راهمون بلنده\nاگه کسی یه لحظه وایسه حتما\nوایساده بندکفششو ببنده\nخاک وطن برای ما بهشته\nچشامون از خونه جدا نمیشه\nحتی اگه شبا بیدار بمونیم\nنماز صبح ما قضا نمیشه\nجوون که عاشق نباشه جوون نیست\nدلی که عاشق نشه تنهاتره\nباید برای راهمون بجنگیم\nمعلم ما علی اکبره\nدعای ما میرسه تا اسمون\nبا اینکه خیلی وقتا بی صداییم\nما تشنه زیارت بهشتیم\nغبار خاک مشهدالرضاییم\nفرصت ما فرصت بی بدیله\nکاشکی ازش به سادگی نگذریم\nشعارمون رسیدنه تو این راه\nمنتظر اشارهرهبریم\nجوون که عاشق نباشه جوون نیست\nدلی که عاشق نشه تنهاتره\nباید برای راهمون بجنگیم\nمعلم ما علی اکبره\n\n", "post_full_content_3": "\nتیزر کمپین مردمی معین الضعفا\n\n\n\n\n\nنمایش تیزر کمپین مردمی معین الضعفا در آپارات\n\n\nالسلام علیک یا معین الضعفاء\nکمپین #معین_الضعفا، حرکتی‌ست برای ترویج مهربانی و نهادینه سازی فرهنگ دستگیری از مستضعفین در جای جای این مرز و بوم. عهدی‌ست که با حضرت ثامن‌الحجج(ع) می‌بندیم تا مثل خودش به یاری نیازمندان بشتابیم. شما هم از قول و قرارتان با امام مهربانی، برای کمک به #مستضعفین فیلم و عکس بگیرید، صدا ضبط کنید و یا متنی بنویسید و در لینک زیر به اشتراک بگذارید. #معین_الضعفا#امام_رضا(ع)#دهه_کرامتشما هم دعوتید...\n\nکمپین معین الضعفاء در تلگرام\nکمپین معین الضعفاء در اینستاگرام\nکمپین معین الضعفاء در آپارات\n\n\n", "post_full_content_2": "\nآقا من بنا هستم... / کمپین مردمی معین الضعفا\n\n\n\n\n\nآقا، من بنّا هستم...قول می دهم در ساخت خانه #مستضعفین به آنها کمک کنم...\n #معین_الضعفا#امام_رضا(ع)#دهه_کرامت\n#مستضعفینشما هم دعوتید...\n\nکمپین معین الضعفاء در تلگرام\nکمپین معین الضعفاء در اینستاگرام\nکمپین معین الضعفاء در آپارات\n\n", "post_full_content_1": "\nحمایت هنرمندان از کمپین مردمی معین الضعفا\n\n\n\n\n\nحمایت هنرمندان از کمپین مردمی معین الضعفا(کلیک کنید)\n\nالسلام علیک یا معین الضعفاء\nکمپین #معین_الضعفا، حرکتی‌ست برای ترویج مهربانی و نهادینه سازی فرهنگ دستگیری از مستضعفین در جای جای این مرز و بوم. عهدی‌ست که با حضرت ثامن‌الحجج(ع) می‌بندیم تا مثل خودش به یاری نیازمندان بشتابیم. شما هم از قول و قرارتان با امام مهربانی، برای کمک به #مستضعفین فیلم و عکس بگیرید، صدا ضبط کنید و یا متنی بنویسید و در لینک زیر به اشتراک بگذارید. #معین_الضعفا#امام_رضا(ع)#دهه_کرامتشما هم دعوتید...\n\nکمپین معین الضعفاء در تلگرام\nکمپین معین الضعفاء در اینستاگرام\nکمپین معین الضعفاء در آپارات\n\n"}