{"type": "blog", "blog_name": "گروه معماری بعد سوم", "blog_url": "http://architect3rd.blog.ir/", "post_url_1": "http://architect3rd.blog.ir/1396/02/19/%D8%B9%DA%A9%D8%B3-%D9%81%D8%B6%D8%A7%DB%8C-%D8%A8%DB%8C%D8%B1%D9%88%D9%86%DB%8C-%D9%88-%D9%86%D9%85%D8%A7%DB%8C-%D8%A8%D8%A7%D8%BA-%D8%AA%D8%A7%D9%84%D8%A7%D8%B1-%D9%86%DB%8C%D9%84%D9%88%D9%81%D8%B1", "post_title_1": "عکس فضای بیرونی و نمای باغ تالار نیلوفر", "post_content_1": "\nعکس نمای باغ تالار نیلوفر در حین اجرا", "post_url_2": "http://architect3rd.blog.ir/1396/02/19/%D9%81%D8%B6%D8%A7%DB%8C-%D8%AF%D8%A7%D8%AE%D9%84%DB%8C-%D8%A8%D8%A7%D8%BA-%D8%AA%D8%A7%D9%84%D8%A7%D8%B1-%D9%86%DB%8C%D9%84%D9%88%D9%81%D8%B1", "post_title_2": "فضای داخلی باغ تالار نیلوفر", "post_content_2": "\nنمایی از فضای داخلی باغ تالار نیلوفر  پس از اجرا", "post_url_3": "http://architect3rd.blog.ir/1396/02/19/%D8%B7%D8%B1%D8%A7%D8%AD%DB%8C-%D8%AF%D8%A7%D8%AE%D9%84%DB%8C-%D8%A8%D8%A7%D8%BA-%D8%AA%D8%A7%D9%84%D8%A7%D8%B1-%D9%86%DB%8C%D9%84%D9%88%D9%81%D8%B1", "post_title_3": "طراحی داخلی باغ تالار نیلوفر", "post_content_3": "\nطراحی داخلی باغ تالار نیلوفر ", "post_url_4": "http://architect3rd.blog.ir/1396/02/19/%D8%B7%D8%B1%D8%A7%D8%AD%DB%8C-%D8%A8%D8%A7%D8%BA-%D8%AA%D8%A7%D9%84%D8%A7%D8%B1-%D9%86%DB%8C%D9%84%D9%88%D9%81%D8%B1", "post_title_4": "طراحی باغ تالار نیلوفر", "post_content_4": "\nباغ تالار نیلوفر \nواقع در منطقه ی چهار باغ کرج\n", "post_url_5": "http://architect3rd.blog.ir/1395/06/31/%D8%B7%D8%B1%D8%A7%D8%AD%DB%8C-%D9%88-%D8%A7%D8%AC%D8%B1%D8%A7%DB%8C-%D8%B3%D9%82%D9%81-%D8%B5%D8%AD%D9%86-%D8%AE%D8%A7%D9%86%D9%85-%D9%81%D8%A7%D8%B7%D9%85%D9%87-%DB%8C-%D8%B2%D9%87%D8%B1%D8%A7-%D8%B3", "post_title_5": "طراحی و اجرای سقف صحن خانم فاطمه ی زهرا (س)", "post_content_5": "\n\n\nبه نام خدای بزرگ\nبا لطف و عنایت خدای متعال و مدد اهل بیت (ع) سرانجام طرح بزرگ سقف صحن خانم فاطمه ی زهرا (س) به مرحله ی اجرا رسید و سقف به زیبایی هرچه تمام تر اجرا شد...\nگروه معماری بعد سوم(علی موحدسرشت و بهزاد پوراصغری) افتخار طراحی این پروژه ی بزرگ رو داشت.\n در این شیت مراحل طراحی سازه و رندر داخلی صحن و عکسهای تمام شده ی کار موجود هستش...\nممنون از توجه شما دوستان عزیز و بزرگوار\n\nالتماس دعا", "post_full_content_4": "\nطراحی باغ تالار نیلوفر\n\n\n\n\nباغ تالار نیلوفر \nواقع در منطقه ی چهار باغ کرج\n\n\n", "post_full_content_5": "\nطراحی و اجرای سقف صحن خانم فاطمه ی زهرا (س)\n\n\n\n\n\n\nبه نام خدای بزرگ\nبا لطف و عنایت خدای متعال و مدد اهل بیت (ع) سرانجام طرح بزرگ سقف صحن خانم فاطمه ی زهرا (س) به مرحله ی اجرا رسید و سقف به زیبایی هرچه تمام تر اجرا شد...\nگروه معماری بعد سوم(علی موحدسرشت و بهزاد پوراصغری) افتخار طراحی این پروژه ی بزرگ رو داشت.\n در این شیت مراحل طراحی سازه و رندر داخلی صحن و عکسهای تمام شده ی کار موجود هستش...\nممنون از توجه شما دوستان عزیز و بزرگوار\n\nالتماس دعا\n\n", "post_full_content_2": "\nفضای داخلی باغ تالار نیلوفر\n\n\n\n\nنمایی از فضای داخلی باغ تالار نیلوفر  پس از اجرا\n\n", "post_full_content_1": "\nعکس فضای بیرونی و نمای باغ تالار نیلوفر\n\n\n\n\nعکس نمای باغ تالار نیلوفر در حین اجرا\n\n", "post_full_content_3": "\nطراحی داخلی باغ تالار نیلوفر\n\n\n\n\nطراحی داخلی باغ تالار نیلوفر \n\n"}