{"type": "blog", "blog_name": "پایگاه مرکزی آموزش رسانه ای ثامن", "blog_url": "http://mr1396.blog.ir/", "post_url_1": "http://mr1396.blog.ir/1396/09/05/%D8%B9%D9%82%D8%A8-%D9%86%D8%B4%DB%8C%D9%86%DB%8C", "post_title_1": "عقب نشینی", "post_content_1": "\nعقب نشین❗️\nاز آرزوت دست نکش، خودت رو نباز. تمرکز  کن، با برنامه کارکن. \nنادیدہ بگیر افرادی رو که باورت ندارند  یا به توانایی تو برای رسیدن به آرزوهات شک دارند.  \nبا هرچه که داری دست و پنجه نرم میکنی، اینو باور کن که تو  انرژی بیشتر، قدرت بیشتر،  شجاعت بیشتر، عزم بیشتر... برای عوض کردن زندگیت داری. \nادامه بدہ و یک قدم دیگه به سمت جلو رفتن بردار با وجود تمام موانعی که سر راهته.  \nعظمت در وجود توست.\n\n", "post_url_2": "http://mr1396.blog.ir/1396/09/05/%D9%85%D9%86-%D8%AF%D8%B2%D8%AF%D9%85", "post_title_2": "من دزدم؟", "post_content_2": "آیا من دزدم\nیکی از پرفسورهاى دانشگاه اهل سودان مقاله زیبایی نوشت تحت عنوان \"آیا من دزدم؟\"\n ایشان برای بیان این مطلب به دو رخداد که برای او پیش آمده است اشاره می کند.\nرخداد اول:\nاو می گوید: زمان امتحانات پزشکی من در ایرلند بود، و مبلغی که برای امتحانات می بایست پرداخت میکردم 309 پوند بود، در صورتی که پول خرد نداشته و من مبلغ 310 پوند را پرداخت نمودم، امتحانات خود را دادم و بعد از گذشت زمان در حالی که به کشورم سودان برگشته بودم ..... \nدر آن هنگام نامه ای دریافت نمودم که از ایرلند برایم ارسال شده بود. در آن نامه آمده بود که\n(شما در پرداخت هزینه های امتحان اشتباه کردید و به جای مبلغ 309 پوند ، 310 پوند پرداخت کردید، و این چکی که به همراه این نامه برای شما ارسال شده به ارزش یک پوند می باشد ... ما بیش از حق خودمان دریافت نمی کنیم).\nجالب اینجاست که ارزش آن پاکت نامه و نامه ای که در آن تایپ شده بود خود بیش از مبلغ 1 پوند بود!!!!! \n اتفاق دوم:\nاو می گوید که من اکثر اوقات که در مسیر دانشگاه و خانه تردد میکردم، از بقالی (سوپر مارکت) که تو مسیرم بود و خانمی در آن فروشنده بود کاکائو به قیمت 18 بینس میخردم و به مسیر خودم ادامه می دادم .در یکی از روزها ...  قیمت جدیدی  برای همان نوع از کاکائو که بر روی آن 20 بینس نوشته بود در قفسه دیگر قرار داد.\nبرای من جای تعجب داشت و از او پرسیدم آیا فرقی بین این دو رقم جنس وجود دارد؟\nدر پاسخ ، به من گفت :\n نه، همان نوع و همان کیفیت است !!\nپس دلیل چیست؟!!!\nچرا قیمت کاکائو در قفسه ای 18 و در دیگری به قیمت 20 به فروش می رسد؟؟!!\nدر پاسخ به من گفت :\nبه تازگی در کشور نیجریه، که کاکائو برای ما صادر میکرد اتفاق جدیدی رخ داده که همراه با افزایش قیمت کاکائو برای ما بود و این جنس جدید قیمت فروش اش 20 بینس و قبلی 18 بینس است.\nبه او گفتم با این وضعیت کسی از شما جنس جدید خرید نمی کند تا زمانی که جنس قبل کامل به فروش نرود. \nاو گفت: بله، من آن را می دانم\nمن به او گفتم: بیا یه کاری بکن همه جنس ها را قاطی کن و با قیمت جدید بفروش با این کار کسی نمی تواند متوجه شود و جنس قدیم از جنس جدید تشخیص دهد.\nدر پاسخ؛ در گوشی به من گفت ؛ مگه شما یک دزدی ؟؟؟؟\nشگفت زده شدم از آنچه او به من گفت و مسیر خودم را پیش گرفتم و رفتم؛ در حالی که همیشه این سوال در گوش من تکرار می شود و ذهن مرا در گیر کرده است که : \nآیا من دزدم ؟!\nاین چه اخلاق و کرداری است؟!\nما از جهان غرب عقب تر نیستیم ، از باورهایمان عقب تر مانده ایم", "post_url_3": "http://mr1396.blog.ir/1396/09/05/%D8%AB%D8%B1%D9%88%D8%AA%D9%85%D9%86%D8%AF%D8%A7%D9%86%20%D8%B1%D8%A7%20%D8%AA%D8%AD%D8%B3%DB%8C%D9%86%20%DA%A9%D9%86%DB%8C%D9%85.", "post_title_3": "ثروتمندان را تحسین کنیم.", "post_content_3": "ثروتمندان را تحسین کنیم.\n ثروتمندان، ثروتمندان را تحسین می‌کنند.\nثروتمندان وقتی که ثروتمندی را می‌بینند، می‌گویند آه توپ داغونش نمی‌کند، حاج آقا فلانی را می‌بینی چقدر پول دارد و...  دائماً تعریف و تشویق می‌کنند.\n فقرا چه می‌کنند؟ غیظ دارند و خشم می‌ورزند.\nآن کسی که تفکر فقر دارد می‌گوید:\nکوفتشان شود، آن همه ثروت را می‌خواهند چه کار، سیری ندارند؟!\nفکر می‌کند اگر دیگری نداشته باشد، گیر خودش خواهد آمد!\nهر وقت یک آدم ثروتمند، هر وقت یک خانه قشنگ و ماشین زیبا می‌بینید، آن را تحسین کنید، به نفع شماست.\nحتماً می‌پرسید: چرا؟\nچرا من باید ثروتمند را دوست داشته باشم و او را دعا و تحسین کنم؟\nزیرا اگر من به یک ثروتمند بد و بیراه بگویم و به یک ماشین مدل بالا بد بگویم و حسادت کنم و به یک آدم ثروتمند بغض بورزم، خودم را هم (وقتی ثروتمند باشم) جای او مجسم می‌کنم که مردم دارند به من بد و بیراه می‌گویند و فحش می‌دهند. خب من ثروتمند نمی‌شوم و مغزِ من مرا به سوی ثروت نمی‌برد.\nبالعکس اگر فکر کنم که پشت یک ماشین مدل بالا باشم مردم به من احترام می‌گذارند و مرا دوست دارند، این تصویر و این تجسم، مرا به سمت ثروت می‌برد.\nهرگاه در خیابان یک ماشین قشنگ دیدید، دعایش کنید و بگویید خدا بیشتر به او بدهد. آفرین، احسنت، چه لیاقتی دارد، چه ماشین خوبی سوار شده است! خانه‌ای رفتید و دیدید که چه خانه زیبایی است، تعریف کنید بگویید به‌به! چه زیبا ساخته‌اید، چگونه آن را خریده‌اید و آن را ساخته‌اید، من اگر بخواهم خانه‌ای به این زیبایی بسازم چه باید کنم، می‌شود به من هم یاد بدهید؟\nآن وقت است که ثروتمند می‌شوید، زیرا مغزتان شما را جایی نمی‌برد که آسیب ببینید.\n وقتی ثروتمندی را دعا و تحسین کردید و دوستش داشتید و نزد او رفتید و از او چیز یاد گرفتید، آن وقت است که وقتی شما هم به اینجا برسید، دیگران هم برای شما این کار را انجام می‌دهند.\nبه همین جهت ثروتمندان را دعا کنید، تحسین کنید.", "post_url_4": "http://mr1396.blog.ir/1396/09/05/%D8%B1%D8%A7%D8%B2-%D8%AB%D8%B1%D9%88%D8%AA", "post_title_4": "راز ثروت", "post_content_4": "\nراز ثروتمند شدن چیست ؟\nبر خوشی که برای شما دارم این است که، راز ثروتمند شدن نخست در ذهنیت ما نهفته است و نوع تفکر و نگاهی که ما به خود، ثروت و ثروتمندان داریم. این بدان معناست که برای داشتن گران‌بها‌ترین چیز‌ها در زندگی، بیشتر باید روی خود کار کنیم تا این‌که به شانس و کمک دیگران و... تکیه داشته باشیم.\nتحقیقات و تجربیات زیادی در زمینۀ ثروت و ثروتمندی انجام شده و در نتیجۀ آنها، عوامل متعددی که به‌سادگی موجب می‌شوند یک فرد، یک سازمان، و یک ملت ثروتمند شوند، شناسایی شده است. یکی از آن عواملِ موثر در ثروتمندی، «عادت به پس‌انداز کردن پول» است", "post_url_5": "http://mr1396.blog.ir/1396/09/05/%D9%85%D8%AF%DB%8C%D8%B1%D9%85%D9%88%D9%81%D9%82", "post_title_5": "مدیرموفق", "post_content_5": "مدیر موفق کیست؟\n️خیلی برای من مایه‌ی تعجب است که:\nچرا یک‌جا، کسی که مسئول است و باید عذرخواهی کند و از همکارانش درخواست کمک کند تا کارها پیش برود، پرخاشگری می‌‌کند! و وقتی به او راه حل نشان می‌دهیم، به جای تشکر، انکار می‌کند و خشمگین می‌شود! و در جای دیگر، شخصی دیگر که هیچ قصور و کوتاهی نداشته است، با روشی سنجیده برخورد می‌کند و مسائل را حل می‌کند!\n من و شما در زندگی‌مان و مسئولیت‌هایی که به عهده داریم، دنبالِ مقصرمی‌‌گردیم یا سعی می‌‌کنیم کاری را که به عهده‌‌ی ما است را درست انجام دهیم و به کسانی که به ما اعتماد کرده‌‌اند، کمک کنیم؟\n اگر در سیستمی اداری باشید که کارها درست پیش نرود، همکارانتان را متهم می‌کنید یا انگشتِ اشاره‌‌تان به سمت خودتان می‌‌رود و از خودتان می‌‌پرسید:\n\"من چه کار کنم که در کارمندان انگیزش و ایمان به پیشرفت ایجاد شود؟ چه کارکنم که آنها با عشق و علاقه کار کنند؟ چه کار کنم که راه‌حل‌ها و ایده‌هایشان را مطرح کنند؟\"\nاگر حتی همکارانِ ما کم‌کارند یا بد کار می‌‌کنند، از خودمان سوال کنیم:\n\"من چه کار می‌کنم که این‌ها به کارشان علاقه ندارند؟ چرا در کار تخریب ایجاد می‌‌کنند؟ چرا کار را عقب می‌‌اندازند و یک کار یکماهه را در دو ماه انجام می‌‌دهند؟\"\n شروعِ دوست‌‌داشتنِ کار هم این است که:\nسازمان و مدیریت کاری کند که منِ نیروی کار، از کار کردن در اینجا خوشحال باشم.\nوقتی توجه به نیروی انسانی مطرح می‌شود، معمولاً چرخِ ما لنگ می‌زند!\n توجه کنیم که:\nسوء مدیریت ما است که موجب زمین خوردنمان می‌شود.\nمسئولیت بپذیریم و بدانیم که مؤثریم.\nانتخاب با ماست که فرارکنیم یا مسئولیت بپذیریم.", "post_full_content_2": "\nمن دزدم؟\n\n\n\nآیا من دزدم\nیکی از پرفسورهاى دانشگاه اهل سودان مقاله زیبایی نوشت تحت عنوان \"آیا من دزدم؟\"\n ایشان برای بیان این مطلب به دو رخداد که برای او پیش آمده است اشاره می کند.\nرخداد اول:\nاو می گوید: زمان امتحانات پزشکی من در ایرلند بود، و مبلغی که برای امتحانات می بایست پرداخت میکردم 309 پوند بود، در صورتی که پول خرد نداشته و من مبلغ 310 پوند را پرداخت نمودم، امتحانات خود را دادم و بعد از گذشت زمان در حالی که به کشورم سودان برگشته بودم ..... \nدر آن هنگام نامه ای دریافت نمودم که از ایرلند برایم ارسال شده بود. در آن نامه آمده بود که\n(شما در پرداخت هزینه های امتحان اشتباه کردید و به جای مبلغ 309 پوند ، 310 پوند پرداخت کردید، و این چکی که به همراه این نامه برای شما ارسال شده به ارزش یک پوند می باشد ... ما بیش از حق خودمان دریافت نمی کنیم).\nجالب اینجاست که ارزش آن پاکت نامه و نامه ای که در آن تایپ شده بود خود بیش از مبلغ 1 پوند بود!!!!! \n اتفاق دوم:\nاو می گوید که من اکثر اوقات که در مسیر دانشگاه و خانه تردد میکردم، از بقالی (سوپر مارکت) که تو مسیرم بود و خانمی در آن فروشنده بود کاکائو به قیمت 18 بینس میخردم و به مسیر خودم ادامه می دادم .در یکی از روزها ...  قیمت جدیدی  برای همان نوع از کاکائو که بر روی آن 20 بینس نوشته بود در قفسه دیگر قرار داد.\nبرای من جای تعجب داشت و از او پرسیدم آیا فرقی بین این دو رقم جنس وجود دارد؟\nدر پاسخ ، به من گفت :\n نه، همان نوع و همان کیفیت است !!\nپس دلیل چیست؟!!!\nچرا قیمت کاکائو در قفسه ای 18 و در دیگری به قیمت 20 به فروش می رسد؟؟!!\nدر پاسخ به من گفت :\nبه تازگی در کشور نیجریه، که کاکائو برای ما صادر میکرد اتفاق جدیدی رخ داده که همراه با افزایش قیمت کاکائو برای ما بود و این جنس جدید قیمت فروش اش 20 بینس و قبلی 18 بینس است.\nبه او گفتم با این وضعیت کسی از شما جنس جدید خرید نمی کند تا زمانی که جنس قبل کامل به فروش نرود. \nاو گفت: بله، من آن را می دانم\nمن به او گفتم: بیا یه کاری بکن همه جنس ها را قاطی کن و با قیمت جدید بفروش با این کار کسی نمی تواند متوجه شود و جنس قدیم از جنس جدید تشخیص دهد.\nدر پاسخ؛ در گوشی به من گفت ؛ مگه شما یک دزدی ؟؟؟؟\nشگفت زده شدم از آنچه او به من گفت و مسیر خودم را پیش گرفتم و رفتم؛ در حالی که همیشه این سوال در گوش من تکرار می شود و ذهن مرا در گیر کرده است که : \nآیا من دزدم ؟!\nاین چه اخلاق و کرداری است؟!\nما از جهان غرب عقب تر نیستیم ، از باورهایمان عقب تر مانده ایم\n\n\n\n\n\n\n\n\n\nدزد\n\n\n\n\n\n\n\n\n\n\n\n\n\nپربیننده ترین مطالب\nسخنان رهبر درباره تهدید\nیه توصیه درخصوص کار تیمی\nخوبی وبدی های زندگی\nآموزش پایه تقویت هوش مالی-کارآفرینی\nاستاد\nشهدای مدافع حرم و شهدای مرزبان ازنگاه رهبر\nااقتصاد ایران و معضل «تورو حاد»\nتلنگر\nانسانیت\nطنز به سبک ایرانی\n\n\n\n\nمحبوب ترین مطالب\nانسانیت\nتسلیت ایران کرمانشاه\nتلنگر هوشمند\nتلنگری به سبک شمر\nقدرت کلمات\nیک شهروند معمولی\nدوستی یا عشق\nچانه زنی\nشیح بهایی میفرمایید:\nدردناک و مُسَکِن\n\n\n\n\nآخرین مطالب\nعقب نشینی\nمن دزدم؟\nثروتمندان را تحسین کنیم.\nراز ثروت\nمدیرموفق\nخودنا امیدی\nعشق\nالگوی دلقک\nدیوید راکفلر\nنارگیل\n\n\n\n\n\n\n\nساخت وبلاگ در بلاگ بیان، رسانه متخصصان و اهل قلم\n\n\n\n\n\n\n\n\n\n\n\n\n", "post_full_content_4": "\nراز ثروت\n\n\n\n\nراز ثروتمند شدن چیست ؟\nبر خوشی که برای شما دارم این است که، راز ثروتمند شدن نخست در ذهنیت ما نهفته است و نوع تفکر و نگاهی که ما به خود، ثروت و ثروتمندان داریم. این بدان معناست که برای داشتن گران‌بها‌ترین چیز‌ها در زندگی، بیشتر باید روی خود کار کنیم تا این‌که به شانس و کمک دیگران و... تکیه داشته باشیم.\nتحقیقات و تجربیات زیادی در زمینۀ ثروت و ثروتمندی انجام شده و در نتیجۀ آنها، عوامل متعددی که به‌سادگی موجب می‌شوند یک فرد، یک سازمان، و یک ملت ثروتمند شوند، شناسایی شده است. یکی از آن عواملِ موثر در ثروتمندی، «عادت به پس‌انداز کردن پول» است\n\n\n\n\n\n\n\n\n\nراز ثروت\n\n\n\n\n\n\n\n", "post_full_content_5": "\nمدیرموفق\n\n\n\nمدیر موفق کیست؟\n️خیلی برای من مایه‌ی تعجب است که:\nچرا یک‌جا، کسی که مسئول است و باید عذرخواهی کند و از همکارانش درخواست کمک کند تا کارها پیش برود، پرخاشگری می‌‌کند! و وقتی به او راه حل نشان می‌دهیم، به جای تشکر، انکار می‌کند و خشمگین می‌شود! و در جای دیگر، شخصی دیگر که هیچ قصور و کوتاهی نداشته است، با روشی سنجیده برخورد می‌کند و مسائل را حل می‌کند!\n من و شما در زندگی‌مان و مسئولیت‌هایی که به عهده داریم، دنبالِ مقصرمی‌‌گردیم یا سعی می‌‌کنیم کاری را که به عهده‌‌ی ما است را درست انجام دهیم و به کسانی که به ما اعتماد کرده‌‌اند، کمک کنیم؟\n اگر در سیستمی اداری باشید که کارها درست پیش نرود، همکارانتان را متهم می‌کنید یا انگشتِ اشاره‌‌تان به سمت خودتان می‌‌رود و از خودتان می‌‌پرسید:\n\"من چه کار کنم که در کارمندان انگیزش و ایمان به پیشرفت ایجاد شود؟ چه کارکنم که آنها با عشق و علاقه کار کنند؟ چه کار کنم که راه‌حل‌ها و ایده‌هایشان را مطرح کنند؟\"\nاگر حتی همکارانِ ما کم‌کارند یا بد کار می‌‌کنند، از خودمان سوال کنیم:\n\"من چه کار می‌کنم که این‌ها به کارشان علاقه ندارند؟ چرا در کار تخریب ایجاد می‌‌کنند؟ چرا کار را عقب می‌‌اندازند و یک کار یکماهه را در دو ماه انجام می‌‌دهند؟\"\n شروعِ دوست‌‌داشتنِ کار هم این است که:\nسازمان و مدیریت کاری کند که منِ نیروی کار، از کار کردن در اینجا خوشحال باشم.\nوقتی توجه به نیروی انسانی مطرح می‌شود، معمولاً چرخِ ما لنگ می‌زند!\n توجه کنیم که:\nسوء مدیریت ما است که موجب زمین خوردنمان می‌شود.\nمسئولیت بپذیریم و بدانیم که مؤثریم.\nانتخاب با ماست که فرارکنیم یا مسئولیت بپذیریم.\n\n\n\n\n\n\n\n\n\nمدیرموفق\n\n\n\n\n\n\n\n\n\n\n\n\n\nپربیننده ترین مطالب\nسخنان رهبر درباره تهدید\nیه توصیه درخصوص کار تیمی\nخوبی وبدی های زندگی\nآموزش پایه تقویت هوش مالی-کارآفرینی\nاستاد\nشهدای مدافع حرم و شهدای مرزبان ازنگاه رهبر\nااقتصاد ایران و معضل «تورو حاد»\nتلنگر\nانسانیت\nطنز به سبک ایرانی\n\n\n\n\nمحبوب ترین مطالب\nانسانیت\nتسلیت ایران کرمانشاه\nتلنگر هوشمند\nتلنگری به سبک شمر\nقدرت کلمات\nیک شهروند معمولی\nدوستی یا عشق\nچانه زنی\nشیح بهایی میفرمایید:\nدردناک و مُسَکِن\n\n\n\n\nآخرین مطالب\nعقب نشینی\nمن دزدم؟\nثروتمندان را تحسین کنیم.\nراز ثروت\nمدیرموفق\nخودنا امیدی\nعشق\nالگوی دلقک\nدیوید راکفلر\nنارگیل\n\n\n\n\n\n\n\nساخت وبلاگ در بلاگ بیان، رسانه متخصصان و اهل قلم\n\n\n\n\n\n\n\n\n\n\n\n\n", "post_full_content_1": "\nعقب نشینی\n\n\n\n\nعقب نشین❗️\nاز آرزوت دست نکش، خودت رو نباز. تمرکز  کن، با برنامه کارکن. \nنادیدہ بگیر افرادی رو که باورت ندارند  یا به توانایی تو برای رسیدن به آرزوهات شک دارند.  \nبا هرچه که داری دست و پنجه نرم میکنی، اینو باور کن که تو  انرژی بیشتر، قدرت بیشتر،  شجاعت بیشتر، عزم بیشتر... برای عوض کردن زندگیت داری. \nادامه بدہ و یک قدم دیگه به سمت جلو رفتن بردار با وجود تمام موانعی که سر راهته.  \nعظمت در وجود توست.\n\n\n\n\n\n\n\n\n\n\n\nعقب نشینی\n\n\n\n\n\n\n\n\n\n\n\n\n\nپربیننده ترین مطالب\nسخنان رهبر درباره تهدید\nیه توصیه درخصوص کار تیمی\nخوبی وبدی های زندگی\nآموزش پایه تقویت هوش مالی-کارآفرینی\nاستاد\nشهدای مدافع حرم و شهدای مرزبان ازنگاه رهبر\nااقتصاد ایران و معضل «تورو حاد»\nتلنگر\nانسانیت\nطنز به سبک ایرانی\n\n\n\n\nمحبوب ترین مطالب\nانسانیت\nتسلیت ایران کرمانشاه\nتلنگر هوشمند\nتلنگری به سبک شمر\nقدرت کلمات\nیک شهروند معمولی\nدوستی یا عشق\nچانه زنی\nشیح بهایی میفرمایید:\nدردناک و مُسَکِن\n\n\n\n\nآخرین مطالب\nعقب نشینی\nمن دزدم؟\nثروتمندان را تحسین کنیم.\nراز ثروت\nمدیرموفق\nخودنا امیدی\nعشق\nالگوی دلقک\nدیوید راکفلر\nنارگیل\n\n\n\n\n\n\n\nساخت وبلاگ در بلاگ بیان، رسانه متخصصان و اهل قلم\n\n\n\n\n\n\n\n\n\n\n\n\n", "post_full_content_3": "\nثروتمندان را تحسین کنیم.\n\n\n\nثروتمندان را تحسین کنیم.\n ثروتمندان، ثروتمندان را تحسین می‌کنند.\nثروتمندان وقتی که ثروتمندی را می‌بینند، می‌گویند آه توپ داغونش نمی‌کند، حاج آقا فلانی را می‌بینی چقدر پول دارد و...  دائماً تعریف و تشویق می‌کنند.\n فقرا چه می‌کنند؟ غیظ دارند و خشم می‌ورزند.\nآن کسی که تفکر فقر دارد می‌گوید:\nکوفتشان شود، آن همه ثروت را می‌خواهند چه کار، سیری ندارند؟!\nفکر می‌کند اگر دیگری نداشته باشد، گیر خودش خواهد آمد!\nهر وقت یک آدم ثروتمند، هر وقت یک خانه قشنگ و ماشین زیبا می‌بینید، آن را تحسین کنید، به نفع شماست.\nحتماً می‌پرسید: چرا؟\nچرا من باید ثروتمند را دوست داشته باشم و او را دعا و تحسین کنم؟\nزیرا اگر من به یک ثروتمند بد و بیراه بگویم و به یک ماشین مدل بالا بد بگویم و حسادت کنم و به یک آدم ثروتمند بغض بورزم، خودم را هم (وقتی ثروتمند باشم) جای او مجسم می‌کنم که مردم دارند به من بد و بیراه می‌گویند و فحش می‌دهند. خب من ثروتمند نمی‌شوم و مغزِ من مرا به سوی ثروت نمی‌برد.\nبالعکس اگر فکر کنم که پشت یک ماشین مدل بالا باشم مردم به من احترام می‌گذارند و مرا دوست دارند، این تصویر و این تجسم، مرا به سمت ثروت می‌برد.\nهرگاه در خیابان یک ماشین قشنگ دیدید، دعایش کنید و بگویید خدا بیشتر به او بدهد. آفرین، احسنت، چه لیاقتی دارد، چه ماشین خوبی سوار شده است! خانه‌ای رفتید و دیدید که چه خانه زیبایی است، تعریف کنید بگویید به‌به! چه زیبا ساخته‌اید، چگونه آن را خریده‌اید و آن را ساخته‌اید، من اگر بخواهم خانه‌ای به این زیبایی بسازم چه باید کنم، می‌شود به من هم یاد بدهید؟\nآن وقت است که ثروتمند می‌شوید، زیرا مغزتان شما را جایی نمی‌برد که آسیب ببینید.\n وقتی ثروتمندی را دعا و تحسین کردید و دوستش داشتید و نزد او رفتید و از او چیز یاد گرفتید، آن وقت است که وقتی شما هم به اینجا برسید، دیگران هم برای شما این کار را انجام می‌دهند.\nبه همین جهت ثروتمندان را دعا کنید، تحسین کنید.\n\n\n\n\n\n\n\n\n\nثروتمندان را تحسین کنیم.\n\n\n\n\n\n\n\n\n\n\n\n\n\nپربیننده ترین مطالب\nسخنان رهبر درباره تهدید\nیه توصیه درخصوص کار تیمی\nخوبی وبدی های زندگی\nآموزش پایه تقویت هوش مالی-کارآفرینی\nاستاد\nشهدای مدافع حرم و شهدای مرزبان ازنگاه رهبر\nااقتصاد ایران و معضل «تورو حاد»\nتلنگر\nانسانیت\nطنز به سبک ایرانی\n\n\n\n\nمحبوب ترین مطالب\nانسانیت\nتسلیت ایران کرمانشاه\nتلنگر هوشمند\nتلنگری به سبک شمر\nقدرت کلمات\nیک شهروند معمولی\nدوستی یا عشق\nچانه زنی\nشیح بهایی میفرمایید:\nدردناک و مُسَکِن\n\n\n\n\nآخرین مطالب\nعقب نشینی\nمن دزدم؟\nثروتمندان را تحسین کنیم.\nراز ثروت\nمدیرموفق\nخودنا امیدی\nعشق\nالگوی دلقک\nدیوید راکفلر\nنارگیل\n\n\n\n\n\n\n\nساخت وبلاگ در بلاگ بیان، رسانه متخصصان و اهل قلم\n\n\n\n\n\n\n\n\n\n\n\n\n"}