{"type": "blog", "blog_name": "مسیر پـرواز", "blog_url": "http://masireparvaz.blog.ir/", "post_url_1": "http://masireparvaz.blog.ir/1396/04/23/%D8%AE%D8%A8%D8%B1-%D9%81%D9%88%D8%B1%DB%8C", "post_title_1": "خبر فوری", "post_content_1": "\n\n\nادامه مطلب", "post_url_2": "http://masireparvaz.blog.ir/1396/04/22/%D8%AA%D8%A7%D8%B8%D9%87%D9%88%D8%B1", "post_title_2": "تاظهور", "post_content_2": "\n\n\n\n\n\n\nادامه مطلب", "post_url_3": "http://masireparvaz.blog.ir/1396/04/22/%D8%AD%D8%AC%D8%A7%D8%A8", "post_title_3": "حجاب", "post_content_3": "\n\n\n \n\nادامه مطلب", "post_url_4": "http://masireparvaz.blog.ir/1396/04/21/%D8%AF%D8%A7%D8%B3%D8%AA%D8%A7%D9%86-%DA%A9%D9%88%D8%AA%D8%A7%D9%87", "post_title_4": "داستان کوتاه", "post_content_4": "\nادامه مطلب", "post_url_5": "http://masireparvaz.blog.ir/1396/04/20/%D8%B9%D8%A7%D8%B1%D9%81%D8%A7%D9%86%D9%87", "post_title_5": "عارفانه", "post_content_5": "\n\n\n\n\n\nادامه مطلب", "post_full_content_4": "\nداستان کوتاه\n\n\n\n#داستان_کوتاه👌 داستان کوتاه پند آموز💭 مرد بیسوادی قرآن میخواند ولی معنی قرآن را نمیفهمید. روزی پسرش از او پرسید: چه فایده ای دارد قرآن میخوانی، بدون اینکه معنی آن را بفهمی؟پدر گفت: پسرم!سبدی بگیر و از آب دریا پرکن و برایم بیاور.پسر گفت: غیر ممکن است که آب در سبد باقی بماند.💭 پدر گفت: امتحان کن پسرم.پسر سبدی که در آن زغال میگذاشتند گرفت و به طرف دریا رفت.سبد را زیر آب زد و به سرعت به طرف پدرش دوید ولی همه آبها از سبد ریخت و هیچ آبی در سبد باقی نماند.پسر به پدرش گفت؛ که هیچ فایده ای ندارد.پدرش گفت: دوباره امتحان کن پسرم.پسر دوباره امتحان کرد ولی موفق نشد که آب را برای پدر بیاورد. برای بار سوم و چهارم هم امتحان کرد تا اینکه خسته شد و به پدرش گفت؛ که غیر ممکن است...!💭 پدر با لبخند به پسرش گفت: سبد قبلا چطور بود؟ پسرک متوجه شد سبد که از باقیمانده های زغال، کثیف و سیاه بود، الان کاملاً پاک و تمیز شده است. پدر گفت: این حداقل کاری است که قرآن برای قلبت انجام میدهد.٭٭دنیا و کارهای آن، قلبت را ازسیاهی ها و کثافتها پرمیکند؛خواندن قرآن همچون دریا سینه ات را پاک میکند،حتی اگر معنی آنرا ندانی..\n\n", "post_full_content_5": "\nعارفانه\n\n\n\n\n\n\n\n\n\n\n\nعارفانه 1️⃣\n\n \n\n🌻وقتی شاگردان آیت الله حق شناس جایی جمع شوند، یعنی خبری خاص وجود دارد!\nمخصوصا وقتی هم که می شنوم، تشیع پیکر شهیدی است که ایت الله حق شناس به او علاقه وافری\nداشتند، لازم می دانم که بایستم و آنان را به رسم ادب همراهی کنم...\n\n \n\n🌷جالب بود که شهید را بدون غسل دفن کردند، و این بخاطر این بود که در میدان\nنبرد شهید شده است.. \n\n \n\nمحل دفن هم کمی بالاتر از مزار مبارک شهید\nچمران بود.\n\n \n\n🌴کم کم لابلای جمعیت خودم را جا کردم تا اینکه چهره زیبا و معصوم و آرام\nو با نشاط شهید را مشاهده کردم! \n\n \n\n✨عجیب بود.. او شش\nروز بود که شهید شده بود اما.. انگار نه انگار که روزها بر او گذشته با آن احوالی که\nمی دانید.. انگار تازه به خواب رفته بود.. \n\n \n\n🌸اما چرا دستش به سینه بود و حالت عرض ادب داشت؟ دوستانش می گفتند، وقتی\nتیر به پهلویش اصابت کرد از ما خواست تا بلندش کنیم، وقتی با کمک ما روی پایش ایستاد،\nدر مقابل کربلا قرار گرفت و دستش را به سینه گذاشت و گفت: \n\n❤️السلام علیک یا ابا عبدالله .. \n\nو با همین حال، پر کشید.. \n\n \n\n🌷در عجبم که چرا هر شهید باید ارثیه ای از مادر داشته باشد.. مثلا احمد\nعلی، با اصابت تیر به پهلو، نشانی از مادر داشت و یکی هم مثل #شهیدابراهیم_هادی، با\nقلبی مملو از محبت مادرمان زهرا سلام الله علیها، به آسمان راه یافت.. \n\n \n\n🌱شهید احمدعلی نیری شهیدی عجیب بود که در ایام زندگی کوتاهش، داستان های\nجالب و خواندنی دارد.. \n\n🍃بهترین صفتی که می تواند مزین وجود مبارکش باشد، عارف است و به همین دلیل\nنام عارفانه بر کتاب روزگار زمینی اش، نهاده شده تا تلنگری باشد برای ما که به دنبال\nمسیر شهداییم.. \n\n \n\n📌برگرفته از کتاب #عارفانه ، سرگذشت زندگی #شهیداحمدعلی_نیری\n\n", "post_full_content_3": "\nحجاب\n\n\n\n\n\n\n \n\n\n\n\n\nچـــــــــــــــــادر تو تلافی غروبی است...\n\nکه در آن روز به زور چادر ازسر زنان حرم\nپیامبر می کشیدند...\n\nچادر تو میراث خون دلهای خیمه نشینان ظهر\nعاشوراست ..\n\nو چادر سرکردنت به همین سادگی انتقام کربــــــــــــــــــلا\nست....\n\n", "post_full_content_2": "\nتاظهور\n\n\n\n\n\n\n\n\n\n\n\nتا ظهورت چقدر فاصله داریم آقا\nآه از جمعه ی بی تو گله داریم آقا\n \n زلف شب را به سراپای سحر می ریزم   \nتا خود صبح به راه تو قمر می ریزم\n \nساحل چشم من از شوق به دریا زده است\nچشم بسته به سرش موج تماشا زده است\n \n جمعه را سرمه کشیدم که مگر برگردی\nبا همان سیصد و دلتنگ نفر برگردی\n \n زندگی نیست ممات است، تو را کم دارد   \nدیدنت ارزش آواره شدن هم دارد\n \n خیر از جمعه ندیدیم به والعصر قسم\nبی تو ما طعنه شنیدیم به والعصر قسم\n \n از دل تنگ من آیا خبری هم داری؟\nآشنا، پشت سرت مختصری هم داری؟\n \n لذت درد تو شد مزد دعای پدرم  \nمن به این چشم کشم درد، به جای پدرم\n \n هیچ کس تاب و تب چشم تو را درک نکرد\nهیچکس اشک شب چشم تو را درک نکرد\n \n ما کجا درد کشیدیم به اندازه ی تو \nروز و شب گریه ندیدیم به اندازه ی تو\n \n منّتی بر سر ما هم بگذاری بد نیست \nآه کم چشم به راهم بگذاری، بد نیست\n \n نگرانم که پس از مردن من برگردی\nپای تابوت، سر بردن من برگردی\n\n\n نکند منتظر مردن مایی آقا ؟  \nمنتظرهات بمیرند میایی آقا ؟\n \n من به جز تو به کسی جان بدهم ممکن نیست\nبه اجل مهلت جولان بدهم ممکن نیست\n \n به نظر می رسد این فاصله ها کم شدنی ست\nغیر ممکن تر از این خواسته ها هم شدنی ست\n \n \nدارد از جاده صدای جرسی می آید  \nمژده ای دل که مسیحا نفسی می آید\n \n چون قرار همه با حضرت آقا جمعه است \nهمه ی دلخوشی هفته ی ما با جمعه است\n \n منجی ما به خداوند قسم آمدنی است\nیوسف گم شده، ای اهل حرم آمدنی است\n \n من شب جمعه قرار تو دلم میخواهد\nصبح فرداش کنار تو دلم میخواهد\n \n رفته بودی که بیایی چقدر طول کشید\n \nعرض کردیم که نبودی سحر طول کشید\n ما برای خودمان اینهمه گفتیم بیا\n \nنذر کردیم به پای تو بیافتیم بیا\n تا ببینیم تو را تا به کجا باید رفت\n \nشب جمعه نکند کرببلا باید رفت\n نذر کردیم به هر حال ببینم تو را\nکربلا یا دم گودال ببینیم تو را\n \nشعر از شاعر گرانقدر «صابر خراسانی»\nاللهم عجل لولیک الفرج\n \n\nجهت تعجیل در فرج امام زمان(عج) صلوات\n\n", "post_full_content_1": "\nخبر فوری\n\n\n\n\n\n\n\n\n💥خبر فوری📣 دختربچه ای معصوم توسط شیطانی پلید مورد تعرض قرار گرفت و سپس به صورت وحشیانه ای کشته شد ... 💥در ادامه:عده ای شروع کردند به وامصیبتا با انا لله که اگر آموزش ۲۰۳۰ و مسائل جنسی صورت گرفته بود این جنایت رخ نمیداد‼️💥سوال اینجاست که ۲۰۳۰ چه منافعی برای بعضی ها داشت که از مقابله با آن اینچنین برافروخته اند که حاضرند داغ خانواده و جامعه ای را اینچنین بازیچه بلهوسی سیاسیشان کنند؟؟؟💥بیشرفهای سیاسی !بفهمید! خانواده ای #داغدار شده آن هم از بدترین نوعش.بفهمید هیچ کودکی با آموزش مسائل #جنسی امکان و توان مقابله با قدرت مرد وحشی را نخواهد داشت.بفهمید هیچ نوع آموزشی، مغز مختل شده با تفکرات رواج یافته فرهنگ غربی توسط شما و مجسمه های نماد جنسی رنگ شده با ساپورت و لاک و غیره را زمان غلیان شهوت نخواهد گرفت. بی خود فرافکنی نکنید 📛آن کسی مقصر است که ادعای آزادی از قید قانون و عرف و فرهنگ را جار زد و نفهمید که آزادی از بند خدا اسارت در بند شیطان خواهد بود.وقتی دم از آزادی بی حد حصر میزدید حواستان نبود که هر کس بر اساس امیال و منفعتش به دنبال آن خواهد رفت ⁉️پس یقه آن ملبس به لباس دینی را بگیرید که فریاد برآورد مردم را به زور به بهشت نمیشود برد و شما طبق معمول جیغ و دست و هورا ...! بله دختر بچه را هم به زور از چنگال گرگ انسان نمایی که حس میکند در بدست آوردن خواسته حیوانیش باید آزاد باشد بیرون نمیتوان کشید ❌کمی بیندیشید👇چه فرقی است بین زنی که می خواهد آزاد باشد از قید قانون و حکم الهی درمورد حجاب با مردی که می خواهد آزاد باشد از قانون و حکم الهی درمورد زنا ⁉️⁉️هر دو میخواهند آزاد باشند و نمیخواهند به زور بهشت بروند❌\n\n"}