{"type": "blog", "blog_name": "نیلوفر آبی", "blog_url": "http://naiad.blog.ir/", "post_url_1": "http://naiad.blog.ir/1396/11/04/%D9%85%D8%A7%D9%87%DB%8C-%D8%AE%D8%B3%D8%AA%D9%87-%D9%85%D9%86", "post_title_1": "ماهی خسته من", "post_content_1": "چشای آبیِ تومثل یه دریا می مونهدل خسته ی منممثل یه ماهی می مونه\nماهیِ  خسته ی منمی خواد تو دریا بمونهماهیِ  خسته ی منمی خواد تو دریا بمونه\nماهی دوست داره خونه شهمیشه تو دریا باشهبوسه بر موج بزنهکنار ماهی ها باشه\nماهیِ خسته ی منبذار تو دریا بمونهماهیِ خسته ی منبذار تو دریا بمونه\nماهی اگه تنها باشهخسته و دلگیر میشهماهی تو دریا نباشهاسیر ماهیگیر میشه\nنکنه یکی بیادچشماتُ از من بگیرهماهیِ دل بمیرهدریاتُ ماتم بگیره\nماهیِ خسته ی مننذار که تنها بمونهماهیِ خسته ی مننذار که تنها بمونه\n\nماهی اگه تنها باشهخسته و دلگیر میشهماهی تو دریا نباشهاسیر ماهیگیر میشه\nنکنه یکی بیادچشماتُ از من بگیرهماهیِ دل بمیرهدریاتُ ماتم بگیره\nماهیِ خسته ی مننذار که تنها بمونهماهیِ خسته ی مننذار که تنها بمونه\nماهیِ خسته ی منبذار تو دریا بمونهماهیِ  خسته منمی خواد تو دریا بمونه", "post_url_2": "http://naiad.blog.ir/1396/11/03/%D8%B2%DB%8C%D9%86%D8%A8-%D8%AE%D8%A7%D9%86%D9%87-%D9%85%D9%87%D8%AA%D8%A7%D8%A8-%D8%A8%D9%87-%D8%AF%D9%86%DB%8C%D8%A7-%D8%A2%D9%85%D8%AF", "post_title_2": "زینب خانه مهتاب به دنیا آمد", "post_content_2": "عقیله، عارفه، عالمه، عابده، فهیمه، کامله و... اینها لقبهای بانویی است که 1377 سال پیش در چنین روزی چشم جهان به تولدش روشن شد. پدرش امیرالمومنین علی (ع) بود و مادرش هم فاطمه زهرا (س).به هر دو خیلی شبیه بود، از هر لحاظ وقتی به دنیا آمد، رسول خدا در سفر بود، در بازگشت، به محض شنیدن خبر تولد دختر علی(ع)، خودش را به آنها رساند، در آغوش گرفت و بوسیدش و نامش را زینب گذاشت. یعنی \"زینت پدر\". که شد واقعاً عقیله به بانوی خردمند و دور اندیش می گفتند. عارفه از معرفت بانو. عالمه از علم فراوانش، عابده از عبادتهای کم نظیرش، فهمیه از فهم و بصیرتش، کامله از کمالات اخلاقی اش حکایت دارد و... امام سجاد (ع) بخشی از عظمت بانو را با این کلام در تاریخ ثبت نمود وقتی به زینب(س) فرمود: «انت عالمه غیر معلمه وفهمه غیر مفهمه»؛ یعنی بحمداللّه ، عالمى هستى که نزد کسى تعلیم ندیدى و دانایى هستى که نزد کسى نیاموختى» که حکایت می کند از علم خدادادی زینب. «ذلِکَ فَضْلُ اللَّهِ یُؤْتیهِ مَنْ یَشاءُ وَ اللَّهُ واسِعٌ عَلیمٌ»این بخشایش خداست که به هر که شایسته بداند ارزانى مى ‏دارد بانو الگوی صبر و از خودگذشتگی بود و در کربلا سپر بلای کودکان و پرستار بیماران بود. به همین دلیل روز ولادت بانو را در تقویم روز پرستار نامیده اند. این روز بزرگ را به همه پرستاران فداکار و قهرمان کشورمان که با وجود سختی کار، صبر و مهربانیشان زبان زد است تبریک عرض می نماییم. ", "post_url_3": "http://naiad.blog.ir/1396/11/03/%D8%B2%D9%86%D8%AF%D9%88%D9%86-%D8%AF%D9%84", "post_title_3": "زندون دل", "post_content_3": "پشت این پنجره ها دل می گیرهغم و غصه ی دلُ تو می دونیوقتی از بختِ خودم حرف می زنمچشام اشک بارون میشه تو می دونی\nعمریه غم تو دلم زندونیهدل من زندون داره تو می دونیهر چی بهش میگم تو آزادی دیگهمیگه من دوسِت دارم تو می دونی\nمی خوام امشب با خدام شِکوه کنمشِکوه های دلمُ تو می دونیبگم ای خدا چرا بختم سیاه ستچرا بخت من سیاه ست تو می دونی\nپنجره بسته میشه شب می رسهچشام آروم نداره تو می دونیاگه امشب بگذره فردا میشهمگه فردا چی میشه تو می دونی\nعمریه غم تو دلم زندونیهدل من زندون داره تو می دونیهر چی بهش میگم تو آزادی دیگهمیگه من دوسِت دارم تو می دونی\n\nپشت این پنجره ها دل می گیرهغم و غصه ی دلُ تو می دونیوقتی از بختِ خودم حرف می زنمچشام اشک بارون میشه تو می دونی\nعمریه غم تو دلم زندونیهدل من زندون داره تو می دونیهر چی بهش میگم تو آزادی دیگهمیگه من دوسِت دارم تو می دونی", "post_url_4": "http://naiad.blog.ir/1396/10/30/%D8%BA%D9%85-%D8%AA%D9%86%D9%87%D8%A7%DB%8C%DB%8C", "post_title_4": "غم تنهایی", "post_content_4": "چرا وقتی که آدم تنها میشهغم و غصه ش قدِ یک دنیا میشهمیره یک گوشه ی پنهون می شینهاونجا رو مثل یه زندون می بینه\nغم تنهایی اسیرت می کنهتا بخوای بجنبی پیرت می کنهغم تنهایی اسیرت می کنهتا بخوای بجنبی پیرت می کنه\nوقتی که تنها میشم اشکتو چِشَم پر می زنهغم میاد یواش یواشخونه ی دل در می زنه\nیاد اون شب ها می افتمزیر مهتاب بهارتوی جنگل لب چشمهمی نشستیم من و یار\nغم تنهایی اسیرت می کنهتا بخوای بجنبی پیرت می کنهغم تنهایی اسیرت می کنهتا بخوای بجنبی پیرت می کنه\n\nمیگن این دنیا دیگهمثل قدیما نمیشهدل این آدما زشتهدیگه زیبا نمیشه\nاون بالا باد داره زاغِابرا رو چوب می زنهاشکِ این ابرا زیادهولی دریا نمیشه\nغم تنهایی اسیرت میکنهتا بخوای بجنبی پیرت می کنهغم تنهایی اسیرت می کنهتا بخوای بجنبی پیرت می کنه", "post_url_5": "http://naiad.blog.ir/1396/10/28/%D9%87%D9%85%DB%8C%D8%B4%D9%87-%D8%BA%D8%A7%DB%8C%D8%A8", "post_title_5": "همیشه غایب", "post_content_5": "یک نفر میاد که منمنتظرِ دیدنشمیک نفر میاد که منتشنه ی بوییدنشم\nمثل یک معجزه اسمش تو کتابا اومدهتن اون شعرای عاشقانه گفتن بلده\nخالیِ سفرمونُپر از شقایق میکنهواسه موجای سیاهدستا رو قایق می کنه\nمثل یک معجزه اسمش تو کتابا اومدهتن اون شعرای عاشقانه گفتن بلده\nهمیشه غایبِ منزخمامُ مرهم میذارههمیشه غایب منگریه هامُ دوست نداره\nنکنه یه وقت نیادصداش به دادم نرسهآینه ها سیا بشهکور بشه چشم ستاره\nمثل یک معجزه اسمش تو کتابا اومدهتن اون شعرای عاشقانه گفتن بلده\n\nخشمِ این حنجره ی خستههمیشه غایبهکلید صندوق در بستههمیشه غایبه\nنعره ی اسب سفیدِقصه ی مادر بزرگبهترین شعرای سر بستههمیشه غایبه\nمثل یک معجزه اسمش تو کتابا اومدهتن اون شعرای عاشقانه گفتن بلده\nمثل یک معجزه اسمش تو کتابا اومدهتن اون شعرای عاشقانه گفتن بلده\nمثل یک معجزه اسمش تو کتابا اومدهتن اون شعرای عاشقانه گفتن بلده", "post_full_content_4": "\nغم تنهایی\n\n\n\nچرا وقتی که آدم تنها میشهغم و غصه ش قدِ یک دنیا میشهمیره یک گوشه ی پنهون می شینهاونجا رو مثل یه زندون می بینه\nغم تنهایی اسیرت می کنهتا بخوای بجنبی پیرت می کنهغم تنهایی اسیرت می کنهتا بخوای بجنبی پیرت می کنه\nوقتی که تنها میشم اشکتو چِشَم پر می زنهغم میاد یواش یواشخونه ی دل در می زنه\nیاد اون شب ها می افتمزیر مهتاب بهارتوی جنگل لب چشمهمی نشستیم من و یار\nغم تنهایی اسیرت می کنهتا بخوای بجنبی پیرت می کنهغم تنهایی اسیرت می کنهتا بخوای بجنبی پیرت می کنه\n\nمیگن این دنیا دیگهمثل قدیما نمیشهدل این آدما زشتهدیگه زیبا نمیشه\nاون بالا باد داره زاغِابرا رو چوب می زنهاشکِ این ابرا زیادهولی دریا نمیشه\nغم تنهایی اسیرت میکنهتا بخوای بجنبی پیرت می کنهغم تنهایی اسیرت می کنهتا بخوای بجنبی پیرت می کنه\n\n", "post_full_content_3": "\nزندون دل\n\n\n\nپشت این پنجره ها دل می گیرهغم و غصه ی دلُ تو می دونیوقتی از بختِ خودم حرف می زنمچشام اشک بارون میشه تو می دونی\nعمریه غم تو دلم زندونیهدل من زندون داره تو می دونیهر چی بهش میگم تو آزادی دیگهمیگه من دوسِت دارم تو می دونی\nمی خوام امشب با خدام شِکوه کنمشِکوه های دلمُ تو می دونیبگم ای خدا چرا بختم سیاه ستچرا بخت من سیاه ست تو می دونی\nپنجره بسته میشه شب می رسهچشام آروم نداره تو می دونیاگه امشب بگذره فردا میشهمگه فردا چی میشه تو می دونی\nعمریه غم تو دلم زندونیهدل من زندون داره تو می دونیهر چی بهش میگم تو آزادی دیگهمیگه من دوسِت دارم تو می دونی\n\nپشت این پنجره ها دل می گیرهغم و غصه ی دلُ تو می دونیوقتی از بختِ خودم حرف می زنمچشام اشک بارون میشه تو می دونی\nعمریه غم تو دلم زندونیهدل من زندون داره تو می دونیهر چی بهش میگم تو آزادی دیگهمیگه من دوسِت دارم تو می دونی\n\n", "post_full_content_5": "\nهمیشه غایب\n\n\n\nیک نفر میاد که منمنتظرِ دیدنشمیک نفر میاد که منتشنه ی بوییدنشم\nمثل یک معجزه اسمش تو کتابا اومدهتن اون شعرای عاشقانه گفتن بلده\nخالیِ سفرمونُپر از شقایق میکنهواسه موجای سیاهدستا رو قایق می کنه\nمثل یک معجزه اسمش تو کتابا اومدهتن اون شعرای عاشقانه گفتن بلده\nهمیشه غایبِ منزخمامُ مرهم میذارههمیشه غایب منگریه هامُ دوست نداره\nنکنه یه وقت نیادصداش به دادم نرسهآینه ها سیا بشهکور بشه چشم ستاره\nمثل یک معجزه اسمش تو کتابا اومدهتن اون شعرای عاشقانه گفتن بلده\n\nخشمِ این حنجره ی خستههمیشه غایبهکلید صندوق در بستههمیشه غایبه\nنعره ی اسب سفیدِقصه ی مادر بزرگبهترین شعرای سر بستههمیشه غایبه\nمثل یک معجزه اسمش تو کتابا اومدهتن اون شعرای عاشقانه گفتن بلده\nمثل یک معجزه اسمش تو کتابا اومدهتن اون شعرای عاشقانه گفتن بلده\nمثل یک معجزه اسمش تو کتابا اومدهتن اون شعرای عاشقانه گفتن بلده\n\n", "post_full_content_2": "\nزینب خانه مهتاب به دنیا آمد\n\n\n\nعقیله، عارفه، عالمه، عابده، فهیمه، کامله و... اینها لقبهای بانویی است که 1377 سال پیش در چنین روزی چشم جهان به تولدش روشن شد. پدرش امیرالمومنین علی (ع) بود و مادرش هم فاطمه زهرا (س).به هر دو خیلی شبیه بود، از هر لحاظ وقتی به دنیا آمد، رسول خدا در سفر بود، در بازگشت، به محض شنیدن خبر تولد دختر علی(ع)، خودش را به آنها رساند، در آغوش گرفت و بوسیدش و نامش را زینب گذاشت. یعنی \"زینت پدر\". که شد واقعاً عقیله به بانوی خردمند و دور اندیش می گفتند. عارفه از معرفت بانو. عالمه از علم فراوانش، عابده از عبادتهای کم نظیرش، فهمیه از فهم و بصیرتش، کامله از کمالات اخلاقی اش حکایت دارد و... امام سجاد (ع) بخشی از عظمت بانو را با این کلام در تاریخ ثبت نمود وقتی به زینب(س) فرمود: «انت عالمه غیر معلمه وفهمه غیر مفهمه»؛ یعنی بحمداللّه ، عالمى هستى که نزد کسى تعلیم ندیدى و دانایى هستى که نزد کسى نیاموختى» که حکایت می کند از علم خدادادی زینب. «ذلِکَ فَضْلُ اللَّهِ یُؤْتیهِ مَنْ یَشاءُ وَ اللَّهُ واسِعٌ عَلیمٌ»این بخشایش خداست که به هر که شایسته بداند ارزانى مى ‏دارد بانو الگوی صبر و از خودگذشتگی بود و در کربلا سپر بلای کودکان و پرستار بیماران بود. به همین دلیل روز ولادت بانو را در تقویم روز پرستار نامیده اند. این روز بزرگ را به همه پرستاران فداکار و قهرمان کشورمان که با وجود سختی کار، صبر و مهربانیشان زبان زد است تبریک عرض می نماییم. \n\n", "post_full_content_1": "\nماهی خسته من\n\n\n\nچشای آبیِ تومثل یه دریا می مونهدل خسته ی منممثل یه ماهی می مونه\nماهیِ  خسته ی منمی خواد تو دریا بمونهماهیِ  خسته ی منمی خواد تو دریا بمونه\nماهی دوست داره خونه شهمیشه تو دریا باشهبوسه بر موج بزنهکنار ماهی ها باشه\nماهیِ خسته ی منبذار تو دریا بمونهماهیِ خسته ی منبذار تو دریا بمونه\nماهی اگه تنها باشهخسته و دلگیر میشهماهی تو دریا نباشهاسیر ماهیگیر میشه\nنکنه یکی بیادچشماتُ از من بگیرهماهیِ دل بمیرهدریاتُ ماتم بگیره\nماهیِ خسته ی مننذار که تنها بمونهماهیِ خسته ی مننذار که تنها بمونه\n\nماهی اگه تنها باشهخسته و دلگیر میشهماهی تو دریا نباشهاسیر ماهیگیر میشه\nنکنه یکی بیادچشماتُ از من بگیرهماهیِ دل بمیرهدریاتُ ماتم بگیره\nماهیِ خسته ی مننذار که تنها بمونهماهیِ خسته ی مننذار که تنها بمونه\nماهیِ خسته ی منبذار تو دریا بمونهماهیِ  خسته منمی خواد تو دریا بمونه\n\n"}