{"type": "blog", "blog_name": "♥تنهای مبهم♥", "blog_url": "http://dokhmalona.blog.ir/", "post_url_1": "http://dokhmalona.blog.ir/1396/10/29/%D9%BE%D8%A7%D8%B1%D8%AA-3", "post_title_1": "پارت ۳", "post_content_1": "یهو تارا گفت \n_چرا اومدی خاستگاریم\nاین ...اخه این چه سوال مسخره ایه\n_بنظرت چرا میرن خاستگاری\n_کسی که عاشق یه نفره میره خاستگاریش تو تازه دو روزه اومدی\nمنم ندیدی شایدم تو عکس دیده باشی.....\nنزاشتم حرفشو ادامه بده گفتم\n_تو که خیلی با عکست فرق داری \nبه من من کردن افتاد\n_مگه...خوب....اصلا مگه تو با عکست یکی هستی هرچند من عکستو \nندیدم ولی اصلا شبیه اونی نیستی که وجدان...ببخشید مامانم میگفت\n_حالا ....نظرتون چیه قسط ازدواج داری\n_خوب...خوب.بستگی داره کی باشه\n_نگاه بنظر من .....یعنی چطور بگم ..حاضری با من ازدواج کنی\n\nادامه مطلب", "post_url_2": "http://dokhmalona.blog.ir/1396/10/29/%D9%BE%D8%A7%D8%B1%D8%AA2", "post_title_2": "پارت2", "post_content_2": "وای وجدان الان همون دختری که مامان عکسشو نشون داد میاد \nاره\nمطمعنی\nنه\nواقعا مرسی\nبعد از احوال پرسی روی مبل نشستم ومنتظر بودم که ببینم چه کسی از اتاق وارد میشه\nخوب معلومه دختر\nخپل منظورم اینکه هلو واردمیشه یا لولو\nاها از این لحاظ \nبعله\n\nادامه مطلب", "post_url_3": "http://dokhmalona.blog.ir/1396/10/29/%D9%BE%D8%A7%D8%B1%D8%AA-1", "post_title_3": "پارت 1", "post_content_3": "وای الان این بهترین راه...شایدم نه\nدارم دیوونه میشم .....ولی اره اگه اون فقط منو بخاطر خوشگلیم بخواد چی{بابا اعتماد بنفس}\nولی ارزش امتحان کردنو داره \n-تارا بیاکه مهمونا اومدن\nوای هول کردم وای اگه مامان بیاد داخل اتاق چی زود گفتم\n-اومدم مامان اومدم\nصدای اف اف اومد{بابا مخفف ایفون}مثل اینکه اومدن\nوب اگه اونا دیر وارد خونه بشن ومامان منو بااین سرو وعض ببینه مجبورم میکنه لباسا مو عوض کنم پس بزار اونا که نشستن بعد برم\nو مشغول درست کردن این عینک ته استکانی شدم \nالبته این عینک ته استکانی نیست شبیه اونه ولی شیشست\nالان دوست دارین بدونید دارم چیکار میکنمخوب از اول ماجرا بشنوید\nمن وارد خونه میشم بهد مامان میاد سمتم و با کمال ارامش میگه\n-دخترم خانواده ی اذر جونو یادته \nمنم میگم\n-خوب اره\n-امشب واسه پسرشون که تازه از المان برگشته میخوان بیان خاستگاریت\nوبعد میره\n\nادامه مطلب", "post_url_4": "http://dokhmalona.blog.ir/1396/10/29/%E2%99%A5%D8%AD%D9%82%DB%8C%D9%82%D8%AA-%D8%A8%D9%88%D8%AF-%D8%AF%DB%8C%DA%AF%D9%87", "post_title_4": "♥حقیقت بود دیگه؟؟؟", "post_content_4": "تصمیم دارم رمان بنویسم شاید قشنگ باشه شایدم نه\nولی چون هر روز نیستم بیشتر 4شنبه ها واستون پست میزارم\nامید وارم خشتون بیاد\n\n\n\nنظرم بدین\nمبهم}}", "post_url_5": "http://dokhmalona.blog.ir/1396/10/29/%D8%B4%D8%AE%D8%B5%DB%8C%D8%AA-%D9%87%D8%A7%DB%8C-%D8%B1%D9%85%D8%A7%D9%86", "post_title_5": "شخصیت های رمان.....", "post_content_5": "\n\nپسر رمان ما اسمش ارمینه \nیه پسر که غرور داره ومی خواد همه فکر کنن سردو خشکه\nولی با این حال یه پسر باحاله\n\nدختر رمان ما اسمش تاراست\nکه دختر که اونم غرور داره ولی کلا واسه خودش زلزلس\n", "post_full_content_5": "", "post_full_content_4": "", "post_full_content_1": "", "post_full_content_2": "", "post_full_content_3": ""}