{"type": "blog", "blog_name": "سایت ثبت لینک", "blog_url": "http://linkbayan.blog.ir/", "post_url_1": "http://linkbayan.blog.ir/post/%D9%81%DB%8C%D9%84%D9%85-%D9%88-%D8%A2%D9%87%D9%86%DA%AF", "post_title_1": "دانلود فیلم و آهنگ", "post_content_1": "فـیلم و سـریال\n\n1music\n\n\n\n\n\n\n\n\n\n\n\n.", "post_url_2": "http://linkbayan.blog.ir/post/%D8%B7%D9%86%D8%B2-%D9%88-%D8%B3%D8%B1%DA%AF%D8%B1%D9%85%DB%8C", "post_title_2": "طنز و سرگرمی", "post_content_2": "سایت تفریحی چفچفک\n\nیک اردیبهشتی تووووپ\n\n\n\n\n\n\n.", "post_url_3": "http://linkbayan.blog.ir/post/%D8%B9%D9%84%D9%88%D9%85-%D9%BE%D8%A7%DB%8C%D9%87", "post_title_3": "علوم پایه", "post_content_3": "آموزش و پروژه نرم افزار سالیدورک", "post_url_4": "http://linkbayan.blog.ir/post/%D8%AF%D8%A7%D9%86%D8%B4-%D9%88-%D9%81%D9%86%D8%A7%D9%88%D8%B1%DB%8C", "post_title_4": "دانش و فناوری", "post_content_4": "دنیای کامپیوتر\n\nالکترونیک دیجیتال\n\nآموزش کامپیوتر محمدرسول \n\n\n\n\n.", "post_url_5": "http://linkbayan.blog.ir/post/%D8%B9%DA%A9%D8%B3-%D9%88-%D8%AE%D8%A7%D8%B7%D8%B1%D9%87", "post_title_5": "عکس و خاطره", "post_content_5": "روزنوشت ناشناس\n\nیک برگه ی خالی\n\nنـوـشتهـ بهـ ωـبڪـِ نـᓅــω\n\nفرشـღـتـه بـی بـال\n\n\n\n.", "post_full_content_5": "", "post_full_content_4": "", "post_full_content_2": "", "post_full_content_3": "", "post_full_content_1": ""}