{"type": "blog", "blog_name": "شاه سیاه", "blog_url": "http://shahsiah.blog.ir/", "post_url_1": "http://shahsiah.blog.ir/1396/11/04/%D8%B1%D9%81%DB%8C%D9%82-%D9%81%D8%A7%D8%A8%D8%B1%DB%8C%DA%A9-%D8%AA%D9%88%D9%84%D8%AF%D8%AA-%D9%85%D8%A8%D8%A7%D8%B1%DA%A9", "post_title_1": "رفیق فابریک (تولدت مبارک)", "post_content_1": "روم حساب میکردی \nروت حساب میکردم\nفقط با من خوب بودی ، فقط با تو خوب بودم\nهواتو داشتم ، هوامو داشتی .. \nراستشو بخوای هیچی مثل تو حالم رو خوب نمیکرد \nحرفات . کارات . رفتارت ...\nولش کن عشق رو .. من تو رفیق لعنتیمو میخواستم ...\nقرار بود هم دانشگاهی بشیم ... چه آرزوهایی داشتیم .. \nبهت کامپیوتر یاد دادم .. بهم ریاضی یاد دادی ... قرار بود با هم بالا باشیم ..\nاما نمیدونم چی شد .. نمیدونم چی شد ... تو سر یه قضات بی جا گذاشتی و رفتی\nمنتظر توضیح منم نموندی .. بگذریم..\nتولدت مبارک داداشی .. تولدت مبارک رفیق .. با اینکه پشت سرم کلی حرف زدی اما من احمق هنوز به یادتم :)\n\n\n\n\n\n\n\n\n\n\t\t\t\t\t\tمتاسفانه مرورگر شما، قابیلت پخش فایل های صوتی تصویری را در قالب HTML5 دارا نمی باشد.\n\t\t\t\t\t\tتوصیه ما به شما استفاده از مروگرهای رایج و بروزرسانی آن به آخرین نسخه می باشد\n\t\t\t\t\t\tبا این حال ممکن است مرورگرتان توسط پلاگین خود قابلیت پخش این فایل را برای تان فراهم آورد.\n\n\n\n\t\t\t\t\t\t\t\n\t\t\t\t\t\t\tparam name=\"AutoStart\" value=\"False\"\n\t\t\t\t\t\t\t\n\n\n\n\n\n\n\n\nسخن دیگه ایی نیست ...... ایشالله هر جایی هستی موفق باشی..\nامضا.شاه سیاه", "post_url_2": "http://shahsiah.blog.ir/1396/11/03/%D9%82%D8%B5%D9%87-%DA%AF%D8%B1%DA%AF-%D8%B4%D8%AF%D9%86", "post_title_2": "قصه گرگ شدن", "post_content_2": "روزی انسانی پیش گرگی رفت و گفت به من یاد بده یک گرگ باشم..\nگرگ او را برد سمت صخره ایی .. گفت بپر .. \nانسان گفت ای گرگ ! من اگر بپرم پایین نیست و نابود میشوم ! میمیرم که .. \nگرگ گفت نترس برو من هوایت را دارم .. میگیرمت .. \nانسان پرید \nگرگ هم مشغول تماشایش شد \nوقتی افتاد به ته دره \nوقتی نفس های آخرش را میکشید\nگرگ به سراغش رفت \nانسان گفت ای گرگ .. چه شد پس ! گفتی مرا میگیری که ...\nگرگ گفت این درس اول بود ! به هیچکس اعتماد نکن :)\n\n+به هیچکس اعتماد نکن .. هیچ چیز از هیچکس بعید نیست ....\n\nامضا.شاه سیاه", "post_url_3": "http://shahsiah.blog.ir/1396/11/03/%D9%BE%D8%B1%D9%88%DA%98%D9%87-%D8%A2%D8%B2%D9%85%D8%A7%DB%8C%D8%B4%DB%8C", "post_title_3": "پروژه آزمایشی", "post_content_3": "کسی چه میداند \nشاید همه این پیامبر ها و معجزه شان حقیقت بود \nشاید قرآن همانگونه که هست پر شده از حقیقت و راز .. \nکسی چه میداند شاید خدا میخواسته برای ما خدایی کند \nشاید خدا خیلی ما را دوست داشته \nشاید هم الان هم خیلی دوست دارد \nکسی چه میداند \nولی .. \nشاید ما همان پروژه های آزمایشی انسان ها بودیم که شکست خورد ..\nکه پر از مشکل بودیم \nپر بودیم از دو رویی .. از دروغ .. از کینه .. از نامهربانی .. \nپر بودیم از ادعا .. ادعای مسلمان بودن .. فقط ظاهر خوب داشتن ...\nشاید ما شکست خوردیم و خدا رفت سر پروژه بعدی .. انسان های آپدیت شده .. ارتقا یافته و بهتر ..\nوگرنه\nاین حجم از دلتنگی .. این حجم از تنهایی .. این حجم از بغض\nبا آیه ایی که گفته آیا خدا برای بنده اش کافی نیست ؟!؟ تناقض دارد ....\nشاید خدا برای ما کافی بود ..\nما برای خدا کافی نبودیم\nوگرنه خدا .. خدایی که پر از بخشش و مهربانیست \nاو که میگذرد از هر کثافت کاری که در این دنیا انجام میدهیم\nاو که رسوایمان نمیکند \nشاید اگر خوب بودیم و خوب میماندیم .. خدا وعده نمیداد جهنمش را پر کند از آدم ها بد \nشاید خدا چیزهایی که در این دنیا حرام کرده را در بهشتش حلال نمیکرد..\n\nشاید ما شکست خوردیم ... و خیلی زود هم منقرض میشویم ..\nو کسی ما را یادش نیست .. ما فراموش شده ایم...\n\n+چرت و پرت های یک مغز خاموش\n\nامضا.شاه سیاه", "post_url_4": "http://shahsiah.blog.ir/1396/11/03/%D9%86%DB%8C%D9%85%DA%A9%D8%AA-%D8%A2%D8%A8%DB%8C", "post_title_4": "نیمکت آبی", "post_content_4": "لعنت...\nلعنت به همه خاطره هایی که قرار بود بعد تو برام پخش بشه و من هیچی ازشون نمیدونستم..\nنمیدونستم قراره اینقدر دردناک و زجرآور باشه .. نمیدونستم توی تنهایی هام میان و گلوم رو فشار میدن ..\nنمیدونستم نبودنت رو بلد نیستم .. نمیدونستم که اینقدر بهت وابسته ام ..\nلعنت به تموم ساعتایی که با هم بودیم ، مثل همین هوای آبی ساعت 5 صبح \nچشمامون رو که میبستیم از تازگی هوا مست میشدیم .. صدای مرغای دریایی میومد .. \nما بودیم .. تو یه نیمکت آبی .. کنار دریایی آبی .. \nالان چشمامو که باز میکنم فقط خودمو میبینم .. و یه نیمکت دو نفره که جای نفر دومش رو برف پر کرده\nاینجا تنها بودن به شدت افسرده ات میکنه .. اینجا وقتی منطقی میشی میبینی فقط خودتی و خودت \nو هیچی از اون خاطره های خوب به جز چند تا عکس قدیمی نمونده .. \nلعنت .. لعنت به کسایی که باعث این جدایی شدن \nبه کسایی که چشم دیدن ما دو تا رو تو این ساعت از روز که همه خواب بودن و ما بیدار ... نداشتن\nدلم تنگ شده فقط ...\nبه قول شاعر :\nچه چیزا شنیدم از این آدما \nاز اینا که میگن به تو راه نیست\nبه من گفته بودن تو چاهی ولی \nآخه جای دریا ته چاه نیست\nچه چیزا شنیدم از این آدما \nاز اینا که از کینه من پرن\nاز اینا که هر جا دروغی بگن\nکنارش به اسمت قسم میخورن\nچه چیزا شنیدم از این آدما \nاز اینا که اسم تو رو میبرن\nاز اینا که با بردن آبروت\nواسه اسمشون آبرو میخرن \n...\nدلم تنگ شده فقط ....\nدلم تنگ شده ..\nدلم...................................\n:(\n\nامضا.شاه سیاه", "post_url_5": "http://shahsiah.blog.ir/1396/11/02/%D8%AF%D8%A7%D8%B4%D8%AA%D9%86-%D8%AA%D9%88", "post_title_5": "داشتن تو", "post_content_5": "فقط اونجایی که شاعر میگه :\n\nداشتن تو کوتاه بود\nاما همونم کم نبود \nگذشته بودم از همه\nهیچکس به غیر تو نبود..\n\n:)\n\n", "post_full_content_5": "\n\nداشتن تو\n\n\n\n دوشنبه ۲ بهمن ۹۶\n\n\n شاه سیاه\n\n\n\nفقط اونجایی که شاعر میگه :\n\nداشتن تو کوتاه بود\nاما همونم کم نبود \nگذشته بودم از همه\nهیچکس به غیر تو نبود..\n", "post_full_content_4": "", "post_full_content_3": "\n\nپروژه آزمایشی\n\n\n\n سه شنبه ۳ بهمن ۹۶\n\n\n شاه سیاه\n\n\n\nکسی چه میداند \nشاید همه این پیامبر ها و معجزه شان حقیقت بود \nشاید قرآن همانگونه که هست پر شده از حقیقت و راز .. \nکسی چه میداند شاید خدا میخواسته برای ما خدایی کند \nشاید خدا خیلی ما را دوست داشته \nشاید هم الان هم خیلی دوست دارد \nکسی چه میداند \nولی .. \nشاید ما همان پروژه های آزمایشی انسان ها بودیم که شکست خورد ..\nکه پر از مشکل بودیم \nپر بودیم از دو رویی .. از دروغ .. از کینه .. از نامهربانی .. \nپر بودیم از ادعا .. ادعای مسلمان بودن .. فقط ظاهر خوب داشتن ...\nشاید ما شکست خوردیم و خدا رفت سر پروژه بعدی .. انسان های آپدیت شده .. ارتقا یافته و بهتر ..\nوگرنه\nاین حجم از دلتنگی .. این حجم از تنهایی .. این حجم از بغض\nبا آیه ایی که گفته آیا خدا برای بنده اش کافی نیست ؟!؟ تناقض دارد ....\nشاید خدا برای ما کافی بود ..\nما برای خدا کافی نبودیم\nوگرنه خدا .. خدایی که پر از بخشش و مهربانیست \nاو که میگذرد از هر کثافت کاری که در این دنیا انجام میدهیم\nاو که رسوایمان نمیکند \nشاید اگر خوب بودیم و خوب میماندیم .. خدا وعده نمیداد جهنمش را پر کند از آدم ها بد \nشاید خدا چیزهایی که در این دنیا حرام کرده را در بهشتش حلال نمیکرد..\n", "post_full_content_2": "\n\nقصه گرگ شدن\n\n\n\n سه شنبه ۳ بهمن ۹۶\n\n\n شاه سیاه\n\n\n", "post_full_content_1": "\n\nرفیق فابریک (تولدت مبارک)\n\n\n\n چهارشنبه ۴ بهمن ۹۶\n\n\n شاه سیاه\n\n\n\nروم حساب میکردی \nروت حساب میکردم\nفقط با من خوب بودی ، فقط با تو خوب بودم\nهواتو داشتم ، هوامو داشتی .. \nراستشو بخوای هیچی مثل تو حالم رو خوب نمیکرد \nحرفات . کارات . رفتارت ...\nولش کن عشق رو .. من تو رفیق لعنتیمو میخواستم ...\nقرار بود هم دانشگاهی بشیم ... چه آرزوهایی داشتیم .. \nبهت کامپیوتر یاد دادم .. بهم ریاضی یاد دادی ... قرار بود با هم بالا باشیم ..\nاما نمیدونم چی شد .. نمیدونم چی شد ... تو سر یه قضات بی جا گذاشتی و رفتی\nمنتظر توضیح منم نموندی .. بگذریم..\nتولدت مبارک داداشی .. تولدت مبارک رفیق .. با اینکه پشت سرم کلی حرف زدی اما من احمق هنوز به یادتم :)\n\n\n\n\n\n\n\n\n\n\t\t\t\t\t\tمتاسفانه مرورگر شما، قابیلت پخش فایل های صوتی تصویری را در قالب HTML5 دارا نمی باشد.\n\t\t\t\t\t\tتوصیه ما به شما استفاده از مروگرهای رایج و بروزرسانی آن به آخرین نسخه می باشد"}