{"type": "blog", "blog_name": "(.♡ناشناخته", "blog_url": "http://khanomex.blog.ir/", "post_url_1": "http://khanomex.blog.ir/1396/11/03/%D8%A7%DA%AF%D9%87-%D8%A7%D8%B2-%D8%A7%D8%B3%D9%85%D8%A7%D8%AA-%DA%86%DB%8C%D8%B2%DB%8C-%D8%AC%D8%A7-%D8%A7%D9%81%D8%AA%D8%A7%D8%AF-%D8%A8%D8%A8%D8%AE%D8%B4%DB%8C%D8%AF-%D8%AF%DB%8C", "post_title_1": "اگه از اسمات چیزی جا افتاد ببخشید:دی)", "post_content_1": "عمو،خاله،قیژی ویژی،رعنا،کبری،فریبرز،اصغر،اکبر، آنه(اگه از اسمات چیزی جا افتاد ببخشید:دی)\nتولدت مبارک باد فرزندم ^^♡\nخیلی خوبه به دنیا اومدی تا با هم خونه ی بقیه چتر شیم و خودمونو به شب خوابیدن دعوت کنیم^^)\nموفق باشی بچه^^\nراستی چند سال به هم دوستیم؟10یا 11 یا 15 سال؟", "post_url_2": "http://khanomex.blog.ir/1396/11/03/%D9%81%D8%B9%D9%84%D9%86-%DA%A9%D9%87-%D8%AE%D9%88%D8%A8%D9%87", "post_title_2": "فعلن که خوبه^^", "post_content_2": "زنگ خورد مرضیه داشت میگفت الان ایرانفرد میاد میگه(اینجاشو با صدای جیغ جیغو و لحن مزخرف وی گفت)پاشید بربد پایین مگه زنگ نخورده و اینا\nبعد یهو سرمونو برگردوندیم دیدیم پشتمونه یعنی به جای گریز از محل حادثه ترجیح دادیم خیلی ساکن طور پاره شیم از خنده:/\n(ایران فرد ناظممونه)\nامروز دامنمو خیلی شیک و مجلسی دوختم اینقدری که خودم شک کردم به خودم بعد زنگ آخر به لطف  چرخ سر دوز خراب مدرسه پایین دامنم از خط منحنی به خطوط شکسته تبدیل شد\nدیروزم امتحان طراحی لباس داشتیم \nیعنی یه مانکن شیک و مجلسی ای کشیدم قشنگ تحولی بزرگ در صنعت مانکن کشی این مرزو بوم،خاور میانه و حتی خاور دور ایجاد گردید^^\nو خب اومدم خونه دیدم مامانم یه قابلمه ی گنده ازون آش رشته اردبیلیا درست کرده و مدیونید فکر کنید با سرعت شیش بشقاب در ساعت در حال شل و پل کردنشون نیستم+_+\nو خب روز پرستار بر مادر جان خودم و مادر جان ها و پدرجان های بقیه مبارک باد^^♡\n", "post_url_3": "http://khanomex.blog.ir/1396/11/01/%D8%A8%DB%8C%D8%AF%D8%A7%D8%B1%D8%B4%DB%8C%D9%85-%D8%A8%D8%A8%DB%8C%D9%86%DB%8C%D9%85-%D8%AA%D9%85%D8%A7%D9%85-%D8%A7%DB%8C%D9%86%D8%A7-%DB%8C%D9%87-%D8%AE%D9%88%D8%A7%D8%A8-%D8%A8%D8%AF-%D8%A8%D9%88%D8%AF-%D9%87%D9%85%DB%8C%D9%86", "post_title_3": "بیدارشیم ببینیم تمام اینا یه خواب بد بود همین-__-", "post_content_3": "تا حالا شده از سر جلسه که پاشدین بگید خب خوب دادم بالا نوزده میشم بعد برگه که میاد شدین زیر نوزده و حتی هیجده:|\nدقیقا همین اتفاق امروز 3 بار برا من تکرار شد و در اوج مزخرفی حتی برگه هامونم نمیدن نگا کنیم آخه وات د...؟) \nحتی بعضی از معلما نمره هارم نمیگن یعنی رسما برنامه ی بهم ریختن اعصاب راه انداختن\nبه هر حال منکه سال دیگه تو این مدرسه ی کذایی دیونه خونه نیستم\nآخه لعنتی نشون بده اون برگه رو من ببینم چجوری صحیح کردی که اون فضاحت بار اومده\nخب احتمالن این ترم بدترین کارنامه ی ترم عمرمو دارم\nالبته من به عقیده ی خودم خوب دادما ولی با وضع صحیح کردن اینا..-__-\nو خب میخوام بی تفاوت ترین واکنش رو نشون بدم قشنگ چون خیلی خیلی اعصابم خورده معلم نه درس میده نه برگه میده نه نمره میگه آخه یعنی چی\nقشنگ برای روز کارنامه آمادم هرکی میخواد هر واکنش وحشتناکی نشون بده بده دیگه اصلن برام مهم نی اصلن\nپ.ن:خیلی سوسکی اشاره شورد چند روز دیگه تولدشه^^", "post_url_4": "http://khanomex.blog.ir/1396/10/28/%DB%8C%DA%A9%D9%85-%D8%A7%D8%B2-%D8%AE%D9%81%D9%86%DB%8C%D8%AA-%D8%A7%DB%8C%D9%86%D9%88-%D8%AF%D8%A7%D8%B4%D8%AA%D9%87-%D8%A8%D8%A7%D8%B4%D9%85-%D8%AD%D9%84%D9%87", "post_title_4": "یکم از خفنیت اینو داشته باشم حله", "post_content_4": "یه دختره رو پیدا کردم 25 یا 26 سالشه\nمستقل زندگی میکنه\nو خب عاشق شهرستانیه که توش ساکنه(ازین نظر میگم بعضیا تهرانی نبودن رو بی کلاسی میدونن)\nو خب اینقدر تبلیغ شهرش\"رشت\"رو کرده که هوس کردم برم رشت زندگی کنم^^\nبا زحمت خودش مغازه زده و طراحی لباس انجام میده\nازیناست که با یه کوله مسافرت میره و خب میدونید این خیلی جذابه\nو اینکه شدیدا فکر میکنه برای آرایش کردن جوونه و بیزاره ازین کار\nخلاصه که آرزو داریم در آینده اینقدر موجود خفنی بشویم^^", "post_url_5": "http://khanomex.blog.ir/1396/10/26/%D9%85%D9%86-%D8%A8%D8%A7%D8%A8-26-%D8%AF%DB%8C", "post_title_5": "من باب 26 دی", "post_content_5": "سومین سال هم تموم شد\nیعنی کی باورش میشه سه سال پیش دقیقا از همین روز به بعد دیگه دایی رو نداشتیم:(\nحقیقت اینه من یکی هنوزم که هنوزه باور نکردم که دیگه نیست\n...\nپ.ن:بچه ها کسی تا حالا عروس هلندی تو خونه نگه داشته؟اگه نگه داشتین لطفا بگید", "post_full_content_5": "\nمن باب 26 دی\n\n\n\nسومین سال هم تموم شد\nیعنی کی باورش میشه سه سال پیش دقیقا از همین روز به بعد دیگه دایی رو نداشتیم:(\nحقیقت اینه من یکی هنوزم که هنوزه باور نکردم که دیگه نیست\n...\nپ.ن:بچه ها کسی تا حالا عروس هلندی تو خونه نگه داشته؟اگه نگه داشتین لطفا بگید\n\n", "post_full_content_3": "\nبیدارشیم ببینیم تمام اینا یه خواب بد بود همین-__-\n\n\n\nتا حالا شده از سر جلسه که پاشدین بگید خب خوب دادم بالا نوزده میشم بعد برگه که میاد شدین زیر نوزده و حتی هیجده:|\nدقیقا همین اتفاق امروز 3 بار برا من تکرار شد و در اوج مزخرفی حتی برگه هامونم نمیدن نگا کنیم آخه وات د...؟) \nحتی بعضی از معلما نمره هارم نمیگن یعنی رسما برنامه ی بهم ریختن اعصاب راه انداختن\nبه هر حال منکه سال دیگه تو این مدرسه ی کذایی دیونه خونه نیستم\nآخه لعنتی نشون بده اون برگه رو من ببینم چجوری صحیح کردی که اون فضاحت بار اومده\nخب احتمالن این ترم بدترین کارنامه ی ترم عمرمو دارم\nالبته من به عقیده ی خودم خوب دادما ولی با وضع صحیح کردن اینا..-__-\nو خب میخوام بی تفاوت ترین واکنش رو نشون بدم قشنگ چون خیلی خیلی اعصابم خورده معلم نه درس میده نه برگه میده نه نمره میگه آخه یعنی چی\nقشنگ برای روز کارنامه آمادم هرکی میخواد هر واکنش وحشتناکی نشون بده بده دیگه اصلن برام مهم نی اصلن\nپ.ن:خیلی سوسکی اشاره شورد چند روز دیگه تولدشه^^\n\n", "post_full_content_2": "\nفعلن که خوبه^^\n\n\n\nزنگ خورد مرضیه داشت میگفت الان ایرانفرد میاد میگه(اینجاشو با صدای جیغ جیغو و لحن مزخرف وی گفت)پاشید بربد پایین مگه زنگ نخورده و اینا\nبعد یهو سرمونو برگردوندیم دیدیم پشتمونه یعنی به جای گریز از محل حادثه ترجیح دادیم خیلی ساکن طور پاره شیم از خنده:/\n(ایران فرد ناظممونه)\nامروز دامنمو خیلی شیک و مجلسی دوختم اینقدری که خودم شک کردم به خودم بعد زنگ آخر به لطف  چرخ سر دوز خراب مدرسه پایین دامنم از خط منحنی به خطوط شکسته تبدیل شد😑\nدیروزم امتحان طراحی لباس داشتیم \nیعنی یه مانکن شیک و مجلسی ای کشیدم قشنگ تحولی بزرگ در صنعت مانکن کشی این مرزو بوم،خاور میانه و حتی خاور دور ایجاد گردید^^\nو خب اومدم خونه دیدم مامانم یه قابلمه ی گنده ازون آش رشته اردبیلیا درست کرده و مدیونید فکر کنید با سرعت شیش بشقاب در ساعت در حال شل و پل کردنشون نیستم+_+\nو خب روز پرستار بر مادر جان خودم و مادر جان ها و پدرجان های بقیه مبارک باد^^♡\n\n\n", "post_full_content_4": "\nیکم از خفنیت اینو داشته باشم حله\n\n\n\nیه دختره رو پیدا کردم 25 یا 26 سالشه\nمستقل زندگی میکنه\nو خب عاشق شهرستانیه که توش ساکنه(ازین نظر میگم بعضیا تهرانی نبودن رو بی کلاسی میدونن)\nو خب اینقدر تبلیغ شهرش\"رشت\"رو کرده که هوس کردم برم رشت زندگی کنم^^\nبا زحمت خودش مغازه زده و طراحی لباس انجام میده\nازیناست که با یه کوله مسافرت میره و خب میدونید این خیلی جذابه\nو اینکه شدیدا فکر میکنه برای آرایش کردن جوونه و بیزاره ازین کار\nخلاصه که آرزو داریم در آینده اینقدر موجود خفنی بشویم^^\n\n", "post_full_content_1": "\nاگه از اسمات چیزی جا افتاد ببخشید:دی)\n\n\n\nعمو،خاله،قیژی ویژی،رعنا،کبری،فریبرز،اصغر،اکبر، آنه(اگه از اسمات چیزی جا افتاد ببخشید:دی)\nتولدت مبارک باد فرزندم ^^♡\nخیلی خوبه به دنیا اومدی تا با هم خونه ی بقیه چتر شیم و خودمونو به شب خوابیدن دعوت کنیم^^)\nموفق باشی بچه^^\nراستی چند سال به هم دوستیم؟10یا 11 یا 15 سال؟\n\n"}