{"type": "blog", "blog_name": "خونه مادری", "blog_url": "http://ebtela.blog.ir/", "post_url_1": "http://ebtela.blog.ir/post/356/%D9%BE%D8%B3%D8%B1%D9%87-%D9%87%D8%B3%D8%AA", "post_title_1": "پسره هست؟!", "post_content_1": "تحت تعقیب بود ، او را در یکی از خیابان های تهران دیدم که به تنهایی و با کمال خونسردی در حرکت بود. سلام کردم و گفتم: عکس شما در روزنامه مناشر شده و همه شما را می شناسند.\n.\nگفت: مامورین باور نمیکنند کسی که تحت تعقیب است در خیابان ها و معابر عمومی ظاهر شود.\nهمین طور که مشغول راه رفتن در آن خیابان بودیم ، به یک سینما رسیدیم. عکس زن نیمه برهنه ای که بازیگر فیلم بود در تابلویی بزرگ جهت تبلیغ فیلم جلوی سینما دیده میشد.\n.\nنواب صفوی از دیدن آن عکس بسیار عصبانی شد و در همان حال وارد مغازه ای شد ، سلام کرد و گفت: اجازه میدهید تلفن کنم؟ صاحب مغازه که گویا نواب را میشناخت به او اجازه داد.\n.\nنواب شماره ای را گرفت و با کمال عصبانیت گفت: *پسره هست؟* من تعجب کردم که *پسره* کیست. نگو مقصودش شاه است و شماره دربار را گرفته است.\n.\nصدای ضعیف ولی خشن شنیدم که می گفت: پسره کیه؟ نواب گفت : * محمدرضا را میگم* همان کسی که بهش میگین شاه!\nهمان صدا با خشونت و تندی بیشتر گفت: شما کی هستید؟ گفت: من نواب صفوی هستم.\n.\nصدای آنطرف آرام شد (شاید از خوف) گفت: اعلیحضرت تشریف ندارن. نواب گفت: به او بگو این فیلم ( که اسمش را جلوی سینما خوانده بود) اگر تعطیل نشود هرچه دیدید از چشم خودتان خواهید دید. و سپس گوشی را گذاشت.\n.\nفردا روزنامه ها نوشتند فلان فیلم به دستور دولت تعطیل شد و چون علت را نمیدانستند بعضی روزنامه ها هم از دولت انتقاد کردند.\n\n", "post_url_2": "http://ebtela.blog.ir/post/355/%D8%A2%D8%B4%D9%BE%D8%B2%DB%8C", "post_title_2": "آشپزی", "post_content_2": "پیامک وارده:\nاز اول هفته به کسی احتیاج داریم که آشپزیش خوب باشه\nدر حالی که دولت تازه یادش افتاده برای زلزله زده ها کمپ بزنه، گروه های خودجوش مردمی ساخت خونه ها رو شروع کردن\nو هزار تومن هزار تومن جمع کردن\nپی نوشت: \nهمچنان که مشغول بازی سیاسی هستیم! سازندگی را فراموش نکنیم، خصوصا در سر پل ذهاب", "post_url_3": "http://ebtela.blog.ir/post/354/%DA%A9%D9%84%D9%85%D8%A7%D8%AA-%D8%AE%D8%A7%DA%A9%D8%B3%D8%AA%D8%B1%DB%8C", "post_title_3": "کلمات خاکستری", "post_content_3": "توی بلاگ کلمات خاکستری یه چالش راه انداخته که دلایل زندگیتون رو لیست کنید!\nتا اونجا که یادمه دلایل مردن و زندگیم یکی بود (با همان دلیلی که زندگی می کنم می تونم بمیرم) اما از اونجا که دلش نشکنه یه لیست تهیه می کنیم\n1- اولیش اینکه بنده خدا یی پیام داده،  «اگه خودم تو حکومت بعدی جونتو نجات ندم مطمئن باش کارت تمومه» یه فرصتی پیش بیاد که تو حکومت بعدی بهش بگم من همه چیز رو برای خودت می خواستم حالا خودت انتخاب کن زنده بمونی یا بمیری\n2- نوشته دوست دارم چند نفر رو از خودکشی نجات بدم، دوست دارم توی ایجاد فضایی که در اون کسی تصمیم به خودکشی نمیگیره موثر باشم تا این رویای اون بنده خدا نقش بر آب بشه :)\n3- سومیش اینکه گاهی برخی با کلماتی خطابم می کنن که دوست دارم واقعا مثل حسن ظن اونها بشم و باطنم بهتر از ظاهرم باشه\n4- به آرزوی سیزده سالگیِ هم درس هایم برسم\n5- یه  زمانی فکر می کردم می تونم مانع ظلم به واژه ها بشم(فکر کنم این آرزوی واژه ها باشه وبه دلایل زنده بودن من قد نده)\n6- اینکه لیست دلایل زنده بودنم همونی باقی بمونه که قبل از شمارش این لیست گفتم\nدیگه چیزی به ذهنم نمی آد :)", "post_url_4": "http://ebtela.blog.ir/post/351/%D8%A8%D8%B1-%D8%B1%D9%88%DB%8C-%D8%A7%D9%86%DA%AF%D8%B4%D8%AA%D8%B4-%DA%86%D8%B3%D8%A7%D9%86-%D8%B2%DB%8C%D8%A8%D8%A7%D8%B3%D8%AA-%D8%A7%D9%86%DA%AF%D8%B4%D8%AA%D8%B1", "post_title_4": "بر روی انگشتش چسان زیباست انگشتر", "post_content_4": "... گفت: «چند شب پیش خواب دیدم از دستت داره نوری بلند میشه. یقین دارم دستت مجروح شدی.». بعد تو بغض کردی و گفتی:«مجروح نشدم، چند روزی هست که انگشتر هدیه آقا دستم کردم.» و بچه ها بغض کردن و بعضی گریه کردن و هیچ دوربینی نبود اون لحظه رو فیلم بگیره... (متن کامل)\n\nاسم زینبیون رو شنیده بودم و از مظلومیتشون می دونستم اما خب شهادت ده یازده نفر از اونها توی اربعین حسینی ذهنم رو بیشتر به سمت اونها پرواز داد\nمدتی قبل تصاویر برخی از شهدا بدون ذکر نام منتشر شده بود اما اینبار قضیه فرق می کرد\nبخشی از اسم همه این شهدا حسین بود\n\nخاطره انگشتر که توی وبلاگ مهدی یاوران منتشر شده درباره ذوالفقار یا همون علیرضا جیلانه که وقتی برخی از رفقاش توی کرمانشاه مشغول امداد رسانی به زلزله زده ها بودند خبر شهید شدنش دلشون رو لرزوند\nیادمه یکی از رفقاش می گفت اینجا مشکلات زیاد اما دل ما مثل کوه های بازی دراز محکمه و تا می تونیم خدمت می کنیم \nاما بعد از خبر شهادتش انگار دلی نبود که استوار بودنش رو انتظار بکشیم...", "post_url_5": "http://ebtela.blog.ir/post/350/%DA%A9%D9%88%D8%B3%D9%87-%DB%8C-%D8%B1%DB%8C%D8%B4-%D9%BE%D9%87%D9%86", "post_title_5": "کوسه ی ریش پهن", "post_content_5": "سؤال 419: آیا کسی که در اثر بررسی و\nتحقیق، حق را در مسیحیت یافت، کافر است؟\nجواب: کافر نیست، مستضعف است خداوند می\nفرماید:\nالا المستضعفین من الرجال و النساء و\nالولدن لا یستطیعون حیله و لا یهتدون سبیلا(558)\nمگر مردان و زنان و کودکان فرودستی که\nچاره جویی نتوانند و راهی نیابند.\nسؤال 420: برخی می گویند مطلب فوق کوسه\nی ریش پهن و تناقض است.(559)\nجواب: این شخص وارونه فهمیده و کوسه ی\nریش پهن می بیند، ولی قرآن را منکر نیست. مقصودش آن است که حق را تثبیت کند، هر چه\nوارونه فهمیده باشد؛ تنها در صورتی که حق را بفهمد و آن را انکار کند، کافر است.\nحال سوال اینجاست \nکوسه ریش پهن چیه؟", "post_full_content_5": "\n\n\nکوسه ی ریش پهن\n\n\n\n\n\n\n سه شنبه ۲۸ آذر ۹۶\n\n\n\n ۱۷:۰۱\n\n\n\n\nسؤال 419: آیا کسی که در اثر بررسی و\nتحقیق، حق را در مسیحیت یافت، کافر است؟\nجواب: کافر نیست، مستضعف است خداوند می\nفرماید:\nالا المستضعفین من الرجال و النساء و\nالولدن لا یستطیعون حیله و لا یهتدون سبیلا(558)\nمگر مردان و زنان و کودکان فرودستی که\nچاره جویی نتوانند و راهی نیابند.\nسؤال 420: برخی می گویند مطلب فوق کوسه\nی ریش پهن و تناقض است.(559)\nجواب: این شخص وارونه فهمیده و کوسه ی\nریش پهن می بیند، ولی قرآن را منکر نیست. مقصودش آن است که حق را تثبیت کند، هر چه\nوارونه فهمیده باشد؛ تنها در صورتی که حق را بفهمد و آن را انکار کند، کافر است.\nحال سوال اینجاست \nکوسه ریش پهن چیه؟\n\n\n\n\n\n روزنوشت\n\n\n ۷۴\n\n\n\n\n\n\n\n\n۲ \n\n\n\n\n۵ \n\n\n\n\n", "post_full_content_4": "\n\n\nبر روی انگشتش چسان زیباست انگشتر\n\n\n\n\n\n\n پنجشنبه ۷ دی ۹۶\n\n\n\n ۰۲:۴۲\n\n\n\n", "post_full_content_1": "\n\n\nپسره هست؟!\n\n\n\n\n\n\n چهارشنبه ۲۷ دی ۹۶\n\n\n\n ۰۹:۴۷\n\n\n\n", "post_full_content_2": "\n\n\nآشپزی\n\n\n\n\n\n\n جمعه ۱۵ دی ۹۶\n\n\n\n ۰۹:۵۴\n\n\n\n\nپیامک وارده:\nاز اول هفته به کسی احتیاج داریم که آشپزیش خوب باشه\nدر حالی که دولت تازه یادش افتاده برای زلزله زده ها کمپ بزنه، گروه های خودجوش مردمی ساخت خونه ها رو شروع کردن\nو هزار تومن هزار تومن جمع کردن\nپی نوشت: \nهمچنان که مشغول بازی سیاسی هستیم! سازندگی را فراموش نکنیم، خصوصا در سر پل ذهاب\n\n\n\n\n\n روزنوشت\n\n\n ۹۴\n\n\n\n\n\n\n\n\n۱۰ \n\n\n\n\n۸ \n\n\n\n\n", "post_full_content_3": "\n\n\nکلمات خاکستری\n\n\n\n\n\n\n پنجشنبه ۱۴ دی ۹۶\n\n\n\n ۱۱:۵۸\n\n\n\n\nتوی بلاگ کلمات خاکستری یه چالش راه انداخته که دلایل زندگیتون رو لیست کنید!\nتا اونجا که یادمه دلایل مردن و زندگیم یکی بود (با همان دلیلی که زندگی می کنم می تونم بمیرم) اما از اونجا که دلش نشکنه یه لیست تهیه می کنیم\n1- اولیش اینکه بنده خدا یی پیام داده،  «اگه خودم تو حکومت بعدی جونتو نجات ندم مطمئن باش کارت تمومه» یه فرصتی پیش بیاد که تو حکومت بعدی بهش بگم من همه چیز رو برای خودت می خواستم حالا خودت انتخاب کن زنده بمونی یا بمیری\n2- نوشته دوست دارم چند نفر رو از خودکشی نجات بدم، دوست دارم توی ایجاد فضایی که در اون کسی تصمیم به خودکشی نمیگیره موثر باشم تا این رویای اون بنده خدا نقش بر آب بشه :)\n3- سومیش اینکه گاهی برخی با کلماتی خطابم می کنن که دوست دارم واقعا مثل حسن ظن اونها بشم و باطنم بهتر از ظاهرم باشه\n4- به آرزوی سیزده سالگیِ هم درس هایم برسم\n5- یه  زمانی فکر می کردم می تونم مانع ظلم به واژه ها بشم(فکر کنم این آرزوی واژه ها باشه وبه دلایل زنده بودن من قد نده)\n6- اینکه لیست دلایل زنده بودنم همونی باقی بمونه که قبل از شمارش این لیست گفتم\nدیگه چیزی به ذهنم نمی آد :)\n\n\n\n\n\n روزنوشت\n\n\n ۷۵\n\n\n\n\n\n\n\n\n۵ \n\n\n\n\n۱ \n\n\n\n\n"}