{"type": "blog", "blog_name": "نگاه من", "blog_url": "http://negaaah.blog.ir/", "post_url_1": "http://negaaah.blog.ir/1395/12/11/%D9%BE%D8%A7%DB%8C%D8%A7%D9%86", "post_title_1": "پایان:)", "post_content_1": "سلام:))مدتی نبودیم:|مدت زیادی .!امدیم تا برویم:)این وبلاگ تعطیل شد:\"|زین پس فصلی جدید در وبلوگ نویسی برای من اغاز میشه;-)در ادرس جدید\nava135.blog.ir\n^_^بدرود:)", "post_url_2": "http://negaaah.blog.ir/1395/10/20/%D8%AE%D8%AF%D8%A7%D8%AD%D8%A7%D9%81%D8%B8-%D8%AD%D8%A7%D8%AC-%D8%A7%D9%82%D8%A7", "post_title_2": "خداحافظ حاج اقا", "post_content_2": "\nقصه ی ما و شما به رسید...\nخداحافظ حاج اقا...\nدیشب شوکه شدیم..\nامروز سیاه پوشیدیم..\nفردا توی تشییع شرکت میکنیم...\nاحتمالا اشک هم بریزیم...\nکاش اینطور تموم نمیشد:(\nدلم خیلی سوخت...\nحاج اقا فردا کسایی و میبینی که هیچوقت دورتو شلوغ نکردن..\nولی فردا میان چون دلشون نمیخواد تابوتتو ناکثا بلند کنن...\nشیعه باید که این چنین باشدمرحمی روی زخم دین باشد \nمن نخواهم گذاشت که تابوتتروی دوش منافقین باشد", "post_url_3": "http://negaaah.blog.ir/1395/08/30/%DA%AF%D8%B0%D8%B1-%D8%A7%D8%B2-%D9%84%D8%B0%D8%AA-%DA%A9%D8%B4%D8%AA%D9%87-%D8%B4%D8%AF%D9%86", "post_title_3": "گذر از لذت کشته شدن .", "post_content_3": "\nهمیشه لازم نیست دنبال شهادت باشیم.میشود مثل زینب کبری(س) از شهادت بگذریم ایشان در یکی از حساس ترین صحنه ی های روزگار حضور مستقیم داشتند هبچ مانع ظاهری برای شهادت ایشان در کربلا نبود!شاید میشد مثل صدر اسلام که نسیبه برای پیامبر(ص) شمشیر میزد زنان و دختران بنی هاشم هم برای حسن(ع) شمشیر بزنند..................!\nامام خامنه ای: اینکه در کربلا، خون بر شمشیر پیروز شد عامل این پیروزی، حضرت زینب بود؛ والا خون در کربلا تمام شد. آنچه که موجب شد این شکست نظامی ظاهری، تبدیل به پیروزی قطعی دائمی شود، منش زینب کبری بود. ۸۹.۲.۱\nهمه دوست دارن مرد باشند!شاید این رو حلال مشکلات خودشون بدونن!من این ارزو را حتی در بین دختران مذهبی هم دیدم.گاهی در قطعه ی شهدای شهرمون از این حرف ها میشنیدم گاهی هم در فضای مجازی ، دخترانی که ارزوی شهادت مردانه و عزاداری مردانه را داشتند.\nاربعین هم گذشت... چهلم امام حسین هم تمام شد.داشتم به حضرت زینب (س) فکر میکردم ایشون هم مثل مادر گرامی خود الگو برای زنان و  دختران مسلمان هستن . چقدر خوب که از زندگی ایشون اطلاعات بیشتری به ما رسیده و میتونیم بیشتر از ایشون حرف بزنیم هرچند به نظر من حرف هایی که میزنیم اشتباه هستند\nاول اینکه چرا روی نسبت خواهری حضرت زینب با امام حسین_(ع) مانور بیشتری داده میشه تا اینکه بگوییم امام حسین (ع) ، امام و پیشوای حضرت زینب بودن.و اینطور میشه که ذهن ها از مسئله ی امامت و اطاعت از امام به سمت مسئله ی خانوادگی و عشق خواهر و برادری که البته ابدا نمیشود منکر ان شد سوق پیدا میکند.شاید یکی از نکات برجسته ی حادثه ی کربلا روضه های سر شار از عشق ان باشد ولی به هر حال هر چیز جای خودش..اولین نکته ی قابل توجه زندگی ایشان باید ولایت پذیری باشد\nدوم اینکه چرا وقتی سخن از حضرت زینب به میان می اید ما فقط باید به یک زن زجر کشیده و صبور فکر کنیم نه یک زن با تدبیر  با کیاست که اگر وجود با عظمت ایشان نبود کسی نمیتوانست کربلا برا برای قرن ها و نسل ها زنده نگه دارد.موقعیت شناسی ایشان سخنوری و زبان برنده ی ایشان که برای مبارزه با طاغوت زمان در خدمت اسلام قرار گرفت باعث شد حادثه ی قتل عام مردان و اسارت زنان بنی هاشم تبدیل به حماسه ی بنی هاشم و حماسه یحسینی شود.اری راست میگویند:\"زن ها زیاد حرف میزنند\"گاهی با این حرف ها و زبان ها طاغوتی مثل یزید را نابود میکنند\nزینب کبری(س) به اوج قله ی انسانیت رسید. اما هنوز برای ما در مقام الگو قرار نگرفته..پیروی از هوس این حالت را برای ما بوجود اورده!ما هوس مرگ و شهادت داریم نه شوق انجام بهترین جهاد ها در راه خدا \nبله عقیله ی بنی هاشم شهادتش کشته شدن توسط ظالمان نبود.#شهادت زینب کبری(ع) عمری مجاهدت برای خدا بود و هر که برای خدا مجاهدت کند و مقدرات خدارا به هوس خویش ترجیح دهد خدا او را به بهترین وجه از دنیا میبرد و به لقای خویش میرساند.", "post_url_4": "http://negaaah.blog.ir/1395/07/27/%D8%AE%D9%88%D8%A7%D8%A8%DA%AF%D8%A7%D9%871", "post_title_4": "خوابگاه1", "post_content_4": "اینو به درخواست محدثه جان نوشتم که گفته بود کمی درباره زندگی تو خوابگاه توضیح بدم.\n\n\n\nخب:|\nادامه مطلب", "post_url_5": "http://negaaah.blog.ir/1395/07/22/%D9%87%D9%85%D8%B3%D8%B1%D9%85", "post_title_5": "همسرم.....", "post_content_5": "\nزن ها همیشه مظلوم ترند...\nهمسران همیشه گم نام ترند...\nبه قدر تمام سال هایی که در روضه ها شرکت کردیم و روضه ی رباب نشنیدیم...\nبه قدر تمام دفعاتی که از ام وهب شنیدیم ولی از هانیه حرفی نزدیم...\nاگر زینب(س) میگفت برادرم...\nرباب هم اشک میریخت.. نه فقط برای علی...\nزیر لب داشت میگفت...\nهمسرم ..همسرم... حســـــــــــــــــــــــــــــــــــــــــــینم....\n\n\n+عکس از گل نرگس", "post_full_content_5": "\n\n۲۲مهر\n\nهمسرم.....\n\n\n\nزن ها همیشه مظلوم ترند...\nهمسران همیشه گم نام ترند...\nبه قدر تمام سال هایی که در روضه ها شرکت کردیم و روضه ی رباب نشنیدیم...\nبه قدر تمام دفعاتی که از ام وهب شنیدیم ولی از هانیه حرفی نزدیم...\nاگر زینب(س) میگفت برادرم...\nرباب هم اشک میریخت.. نه فقط برای علی...\nزیر لب داشت میگفت...\nهمسرم ..همسرم... حســـــــــــــــــــــــــــــــــــــــــــینم....\n\n\n+عکس از گل نرگس\n\n", "post_full_content_4": "\n\n۲۷مهر\n\nخوابگاه1\n\n\nاینو به درخواست محدثه جان نوشتم که گفته بود کمی درباره زندگی تو خوابگاه توضیح بدم.\n\n\n\nخب:|\nاولین مسئله اینه که شما باید با محیط سازگار بشی.هزاران نفر از قومیت ها و فرهنگ های مختلف میان و تو باید با چند نفر غریبه هم اتاق بشی!مثلا اگر توی شهر خودت یه قومیت و میتونستی مسخره کنی و دست بندازی اینجا باید حسابی مواظب زبونت باشی..\nدومین مورد اینه که باید با گذشت بشی.از تلوزیون بگذری از تخت پایین بگذری از شب بیداری بگذری تا بتونی اتاقتو تحمل کنی!\nباید خود کفا بشی.اگر مدارکت گم و گور شدن باید خودت دنبال کارتو بگیری باید سر ماه حساب کنی چقدر خرج کردی باید خریدتو خودت انجام بدی.غذای روز تعطیلتو خودت درست کنی.مسئولیت نظافت و بعضی وقتا به عهده بگیری ...\nاگر از چیزی ناراحت شدی باید با زبون نرم بیان کنی!\nباید همه چیز خور بشی:))من که توی خونمون تخرم مرغ و به چلو مرغ و فسنجون ترجیح میدادم اینجا مجبورم همه چیز بخورم:))چون گاهی از صبح تا عصر کلاس دارم و هیچ فرصتی واسه درست کردن غذا ندارم!\nبعضی چیزا مثل حمام و اجاق گاز و اتو همیشه مهیا نیستن مجبوری تو صف بمونی!\nاگر تو رشته ای قبول شدی که کارای میدانی میطلبه مثل جامعه شناسی بدون هیچ جا شهر خودت نمیشه!(از الان واسه دوره خبرنگاری استرس دارم به مسئولش گفتم من تهران و بلد نیستم و پامو از خوابگاه بیرون نمیذارم ولی...:|)\nاگر هم اتاقیات همفکرت نبودن یا باید تحمل کنی یا جایی رو واسه علافی پیدا کنی تا ازشون دور شی.مثلا ممکنه تو اتاقی باشی که هیچکی نماز نخونه!!!یا هم اتاقیت سگ باز باشه!!!\nباید زمان شناس باشی و به موقع به خوابگاه برگردی چون جر و بحث با نگهبان همیشه ناراحت کنندس!\nباید حق الناس و ادا کنی اگر رو گاز لک بندازی ممکنه صد ها نفر ازت ناراضی بشن!\nباید شهر میزبان و بشناسی روزای تعطیل بری مسیر های مورد نیاز و یاد بگیری(اولین مسیری که من یاد گرفتم میدون انقلاب بود!دومیش قراره حرم امام باشه:))\nباید خیلی مرتب باشی نذار هم اتاقیت از منظره تختت دچار چندش بشه!\nو مهم ترینش اینکه ...ممکنه گاهی جای ساکت واسه درس خوندن گیر نیاری:(\n.\n.\n.\n.\n.\nمحدثه جان اگر چیزی تو خوابگاه کشف کردم برات مینویسم.فعلا همینه:)\n\n", "post_full_content_2": "\n\n۲۰دی\n\nخداحافظ حاج اقا\n\n\n\nقصه ی ما و شما به رسید...\nخداحافظ حاج اقا...\nدیشب شوکه شدیم..\nامروز سیاه پوشیدیم..\nفردا توی تشییع شرکت میکنیم...\nاحتمالا اشک هم بریزیم...\nکاش اینطور تموم نمیشد:(\nدلم خیلی سوخت...\nحاج اقا فردا کسایی و میبینی که هیچوقت دورتو شلوغ نکردن..\nولی فردا میان چون دلشون نمیخواد تابوتتو ناکثا بلند کنن...\nشیعه باید که این چنین باشدمرحمی روی زخم دین باشد \nمن نخواهم گذاشت که تابوتتروی دوش منافقین باشد\n\n", "post_full_content_3": "\n\n۳۰آبان\n\nگذر از لذت کشته شدن .\n\n\n\nهمیشه لازم نیست دنبال شهادت باشیم.میشود مثل زینب کبری(س) از شهادت بگذریم ایشان در یکی از حساس ترین صحنه ی های روزگار حضور مستقیم داشتند هبچ مانع ظاهری برای شهادت ایشان در کربلا نبود!شاید میشد مثل صدر اسلام که نسیبه برای پیامبر(ص) شمشیر میزد زنان و دختران بنی هاشم هم برای حسن(ع) شمشیر بزنند..................!\nامام خامنه ای: اینکه در کربلا، خون بر شمشیر پیروز شد عامل این پیروزی، حضرت زینب بود؛ والا خون در کربلا تمام شد. آنچه که موجب شد این شکست نظامی ظاهری، تبدیل به پیروزی قطعی دائمی شود، منش زینب کبری بود. ۸۹.۲.۱\nهمه دوست دارن مرد باشند!شاید این رو حلال مشکلات خودشون بدونن!من این ارزو را حتی در بین دختران مذهبی هم دیدم.گاهی در قطعه ی شهدای شهرمون از این حرف ها میشنیدم گاهی هم در فضای مجازی ، دخترانی که ارزوی شهادت مردانه و عزاداری مردانه را داشتند.\nاربعین هم گذشت... چهلم امام حسین هم تمام شد.داشتم به حضرت زینب (س) فکر میکردم ایشون هم مثل مادر گرامی خود الگو برای زنان و  دختران مسلمان هستن . چقدر خوب که از زندگی ایشون اطلاعات بیشتری به ما رسیده و میتونیم بیشتر از ایشون حرف بزنیم هرچند به نظر من حرف هایی که میزنیم اشتباه هستند\nاول اینکه چرا روی نسبت خواهری حضرت زینب با امام حسین_(ع) مانور بیشتری داده میشه تا اینکه بگوییم امام حسین (ع) ، امام و پیشوای حضرت زینب بودن.و اینطور میشه که ذهن ها از مسئله ی امامت و اطاعت از امام به سمت مسئله ی خانوادگی و عشق خواهر و برادری که البته ابدا نمیشود منکر ان شد سوق پیدا میکند.شاید یکی از نکات برجسته ی حادثه ی کربلا روضه های سر شار از عشق ان باشد ولی به هر حال هر چیز جای خودش..اولین نکته ی قابل توجه زندگی ایشان باید ولایت پذیری باشد\nدوم اینکه چرا وقتی سخن از حضرت زینب به میان می اید ما فقط باید به یک زن زجر کشیده و صبور فکر کنیم نه یک زن با تدبیر  با کیاست که اگر وجود با عظمت ایشان نبود کسی نمیتوانست کربلا برا برای قرن ها و نسل ها زنده نگه دارد.موقعیت شناسی ایشان سخنوری و زبان برنده ی ایشان که برای مبارزه با طاغوت زمان در خدمت اسلام قرار گرفت باعث شد حادثه ی قتل عام مردان و اسارت زنان بنی هاشم تبدیل به حماسه ی بنی هاشم و حماسه یحسینی شود.اری راست میگویند:\"زن ها زیاد حرف میزنند\"گاهی با این حرف ها و زبان ها طاغوتی مثل یزید را نابود میکنند\nزینب کبری(س) به اوج قله ی انسانیت رسید. اما هنوز برای ما در مقام الگو قرار نگرفته..پیروی از هوس این حالت را برای ما بوجود اورده!ما هوس مرگ و شهادت داریم نه شوق انجام بهترین جهاد ها در راه خدا \nبله عقیله ی بنی هاشم شهادتش کشته شدن توسط ظالمان نبود.#شهادت زینب کبری(ع) عمری مجاهدت برای خدا بود و هر که برای خدا مجاهدت کند و مقدرات خدارا به هوس خویش ترجیح دهد خدا او را به بهترین وجه از دنیا میبرد و به لقای خویش میرساند.\n\n"}