{"type": "blog", "blog_name": "ســــجــــــنــــــــ", "blog_url": "http://pesareensan.blog.ir/", "post_url_1": "http://pesareensan.blog.ir/1396/10/12/%D9%82%D8%B5%D8%A7%D8%A8-%D9%87%D8%A7%DB%8C-%D9%BE%D8%B2%D8%B4%DA%A9-%D8%B4%D8%AF%D9%87", "post_title_1": "قصاب های پزشک شده", "post_content_1": "آدم هایی هستیم که می دونیم چی نمی خوایم اما نمی دونیم چی می خوایم!\nاختلاف فرهنگ و ارزش ها در کنار موج سواری یه سری خارج نشین\nاتفاقات این چند روزه رو ایجاد کرد و البته ما مردمی که تو ترافیک\nبرای یک دقیقه زودتر رسیدن لایی می کشیم و فحش و نور بابا\nنصیب جلویی می کنیم\nو اگه پلیس نباشه یه طرفه رو میزنیم تو گوش شهر\nو دنده عقب های خطرناک تو بزرگراه حواله قلب آدم خوب های شهر می کنیم\nهمین ما مردم نازنین بانک و سمند آتیش می زننیم\nو پرچم و بیرق حسینه پایین می کشیم\nو اسمش رو میذاریم اعتراض به وضع موجود\nو لمپنی چون پسر پهلوی رو فریاد می زنیم!\n\nاما یادمون نره که این اوضاع اقتصادی و معیشیتی  سیاستی!\nمرهون تکیه زدن قصاب ها به اریکه ی طبابته...\n\nپ . ن\nدرد های دوره غیبت برای این است که بفهمیم \nباید از هر که غیر اوست دل ببریم.\nاین فرجک القریب؟", "post_url_2": "http://pesareensan.blog.ir/1396/09/16/%D8%AC%D8%AF%D9%84-%D9%85%D8%AC%D8%A7%D8%B2%DB%8C", "post_title_2": "جدل مجازی!", "post_content_2": "یک دوره ای از زندگی که سرم کمتر شلوغ بود وقت زیادی برای مباحثه در فضای مجازی از فیسبوک تا بلاگفا و اینستا تلف می کردم! البته بر خلاف برخی برای ارائه مطلب مطالعات بسیاری هم می کردم و بیسواد وارد بحث نمیشدم از شازده کوچولو!! تا نظریات سروش و پلورالسم دینی و بعد مکاتب مختلف از اومانیسم تا کاپیتالیسم و بعد تر سراغ نظریات اتواع هافلر ها  و کینزی ها!!! در ادامه صحاح سته و اسرائیلیات اهل سنت و کتب حدیثی خودمان و حزب شهید دیالمه و مباحث عرفانی امام خمینی و سید علی قاضی !!و ...... رفتم و خواندم  و متاسفانه برکتی درونش ندیدم نه قانع شدم نه قانع شدند و عموما به جدل و مغالطه طرف مقابل می رسید و البته تنها حسن این مباحث علم اندوزی وافزایش معلومات خودم شدم اما فقط خودم !\nیادم می آید برای موضوعی استادم در تلگرام جوابم را فقط با کد میداد و منبع معرفی می کرد تا به من بفهماند که پسر جان هر بحثی جایی دارد و زمانی که تلگرام نه ظرف مکان است و نه ظرف زمان !\nیک استاد عالم و فاضل ثقلینی می گفتند:\nدر فضای مجازی ابدا مباحثه نکنید، هیچ چیز مانند دیدار حضوری جوابگو نیست، جهانی فکر کنید منطقه ای عمل کنید! بحث دارد بیاید حضوری فیس تو فیس و الا فلا...وقت ارزشمند خود را تلف جادوی مجازی نکنید...بروید سراغ مطالعه تخصصی ...\n\nپ ن اول:\nطرح مبحث در این فضا بی فایده است\nالبته دلنوشته، خاطره، تذکر و ... با مباحثه فرق دارد.\nتو این فضا دنبال قانع کردن کسی نباشیم\nچون ظرف زمان و مکانش اینجا نیست\n\nپ ن دوم:\nمدتی حضورم کمرنگ شده اما می خوانم...\n\n\n", "post_url_3": "http://pesareensan.blog.ir/1396/09/05/%D8%B1%DB%8C%DA%A9%D8%B3%3A%7C", "post_title_3": "ریکس:|", "post_content_3": "دارم میرم سمت و سوی یک تصمیم پر ریسک، اونم تو این شرایط سخت بازار و بیکاری !\nاما ظاهرا آدم ها با ریسک بزرگ می شن و پر میگیرن ! اینطور میگن !!\nآینده ی این ریسک من دو رو داره یا روشن و درخشان و یا مبهم و افتضاح !! \nاما حداقلش اینه که کاری رو می کنم که دوستش دارم و به آزادی می رسم !\nنه اینکه در یک خط ثابت قدم بزنم و بنده و اجیر جایی باشم که نه هم عقیده ام و نه علاقه مند !\n\nپ ن :\nحال هدایتی الانم رو مدیون زیارت الحسین هستم\nزیر قبه و دعای خاص هدایت و تغییر....", "post_url_4": "http://pesareensan.blog.ir/1396/08/30/%D8%B9%D8%A7%D9%82%D8%A7-%D8%AF%DA%A9%D9%85%D9%87-%D8%BA%D9%84%D8%B7-%DA%A9%D8%B1%D8%AF%D9%85-%DA%A9%D8%AF%D9%88%D9%85%D9%87-%D8%A7%D9%88%D9%86%D9%88-%D8%A8%D8%B2%D9%86%D9%85", "post_title_4": "عاقا دکمه غلط کردم کدومه اونو بزنم:)))", "post_content_4": "باز من اومدم یکم بیشتر تو فضای باشم، بیام دستی رو سر و روی وبلاگم بکشم،\nنا سلامتی قبلا تو بلاگفا برو و بیایی داشتم که دیروز یکی از عزیز ترین اساتیدم تو کلاس تبلیغ\nموضوعی رو طرح کردند مبنی بر معایب و محاسن حضور در فضای مجازی !\nبعد با دلیل و سند تضعیف کردند نحوه حضور ما مثلا بچه مذهبی ها رو در این فضا!\nو من به خودم گفتم احمد جان داداش باشه هر چی تو بگی، اشتباه کردم اوکی ؟:)))\nاما در کل خوب و حق فرمودند!\nاگر هستیم ببینیم برای چی اومدیم؟ هدف مون چیه؟\nقراره مبنای زندگی مون تو این فضا تعریف بشه یا نه اینجا صرفا یه ساعت و تایم محدودی از زندگی من رو به خودش اختصاص میده؟\nبرای یه هدف مشخص با بازه زمانی تعریف شده ای اومدم یا نه صرفا اهل گردش مجازی هستم ! کاملا بی هدف؟\nعضو هر گروه و کانال و پیجی شدم و یک سری اطلاعات بدون دسته بندی و بی هدف هر روز وارد ذهن من میشه که لزوما ممکنه اصلا احتیاجی بهشون نداشته باشم\nیا نه برای خودم فیلتر بندی تعریف کردم؟\nاین فضا ارتباط من با دنیای خارج رو قطع کرده و باعث شده مهارت های رفتاری من تحت تاثیر قرار داده بشه !\nاگه من برای تبلیغ دین اومدم پشتوانه حضورم چه مهارتیه ؟\nاومدم که فقط باشم یا نه اومدم که اثرگزار باشم؟ اصلا اثرگذاری یعنی چی؟ فوروارد چی هستم یا تولید کننده؟\nو در کل میزان اثر گزاری تو این فضا چقدره ؟ و ...\nاین شد که بگم عاقا دکمه اشتباه کردم غلط کردم کدومه من بزنم ؟:))\n\nپ ن :\nایام 28 صفر تا نهم ربیع، روز های سخت اهل بیت بوده !\nاز شهادت حضرت رسول صلی الله علیه و آله وسلم\nتا برسید به هجوم وحشیانه به خانه حضرت زهرا سلام الله علیها\nجسارت به آل الله و شهادت حضرت محسن علیه السلام!\nفرمودند در شادی ما شاد و در حزن ما محزون باشید.\nلباس سفید و قرمز و خوشگلیجات باشد در روز نهم ربیع ، یوم نزع السواد به فرموده امیرالمومنین علیه السلام...\n", "post_url_5": "http://pesareensan.blog.ir/1396/08/27/%D8%B4%D9%87%D8%A7%D8%AF%D8%AA-%DB%8C%D8%A7-%D8%B1%D8%AD%D9%84%D8%AA", "post_title_5": "شهادت یا رحلت ؟", "post_content_5": "اگر نمیان دوباره بگن که خلاف وحدت است و \"حقایق\" را نگویید، یه کم برای هم یادآوری کنیم اصل قضیه شهادت حضرت رسول صلی الله علیه و آله را ! نظرتون؟!\nچون این نظر رهبر، مراجع و فقهایی  است که در دوره غیبت امر شده ایم به رجوع آن ها،\nهمان فارجعوا فیها الی روات حدیثنا\nمضاف بر اینکه خود رهبر هم با بحث علمی و محترمانه مشکلی ندارند، یعنی بحثی که توهین و لعن \"علنی\" درونش نیست.\n\nبعد از طرح این مباحث در اینستاگرام شخصی و قفل و خصوصیم ! بعضی رفقای شیعه من رو متعجب کردند !\nمثلا گفتند ابوبکر مورد احترام بوده !\nابوبکر ؟ همونی که غصب کرد خلافت رو و با رفیقش مسیر هدایت رو منحرف کردند ؟\nابوبکری که مورد نفرین و لعن حضرت زهرا قرار گرفت ؟\nیادشون رفته قضیه سقیفه و ماجرای کوچه رو ؟\nاینقدر راحت ؟\nیا قبل تر هاااا گفتند و فرمودند که مساءل به تاریخ پیوسته رو رها کن برادر !\nبه تاریخ ؟\nو یا دوست دیگه ای گفت عایشه مورد احترام است چون همسر رسول الله بوده !!!\nعایشه ؟\nهمونی که حتی خود اهل سنت تو منابع شون تصریح کردند که حضرت قصد طلاقش رو داشتند و چه خون دل هایی که به پیغمبر نداده است!\nعایشه ای که به اقدامات شاذش صراحتا اشاره شده البته با لاپوشانی !\nاما خدارو شکر اینقدر عیان بوده که اصل اقدامات ایشون قابل کتمان نبوده یعنی نتوسنتند!\nاز افتخارات ایشون اینه که اسمش رو عنوان اولین تیر انداز به پیکر امام مجتبی ثبت کرد و اجازه دفن امام رو در مدینه نداد  !\nو بخونید بدعت های ایشون در دین و مفاسدش رو در منابع اهل سنت از رضاء کبیر !!!! تا فتاوای دیگه عیان و روشنه.\nبرای حفظ وحدت مصلحتی و سیاسی امروز که اتفاقا لازمه این روز هاست، نباید حقایق رو فراموش کنیم و یادمون بره!\nبه قول علما از توحید تا دیات ما با این ها اختلاف داریم.\nیادمون نره که وحدت ما سیاسی است نه اعتقادی و فقط به جهت دفع خطر دشمنان دین است و لاغیر.\nطرح مساله رحلت ناخواسته کمک به کم رنگ کردن و محو دشمنی کسانی است که برائت از آن ها از وظایف و رموز اصلی سعادت ما به حساب می آید.\n\nهی میام خودمونی بنویسم هی به خاطر جدیت بحث نمیشه ادبی میشه هی ادبی هی خودمنی ! اینم  یه نوعشه :)\n\nکمی فقط جهت یادآوری برای نمونه:\n.\n.\nنقش شیخین، عائشه و حفصه در خوراندن زهر و شهادت پیامبر (صلی الله علیه و آله)، به نقل از منابع اهل سنت:\nعایشه گفت؛ در زمان کسالت رسول الله (صلی الله علیه و آله)، به‌زور در دهان ایشان دوا ریختیم. با اینکه حضرت امر کرده بودند، ابداً چیزی به من نخورانید. ما گفتیم؛ اصولاً همه مریض‌ها از دوا خوردن بدشان می‌آید. پس پیامبر (صلی الله علیه و آله) با مشاهده این تبانی فرمودند؛ آیا من شما را از خوراندن هرگونه دوائی نهی نکردم؟ سپس امر کردند؛ باید هرکسی که در این خانه حاضر بوده، جلوی چشم من، از همین دارو بخورد و ما از خوردن إبا کردیم...منابع فقط از اهل سنت؛تاریخ طبری، ج ۲، ص ۴۳۷.صحیح البخاری، ج ۸، ص ۴۰.صحیح البخاری، ج ۷، ص ۱۷.صحیح البخاری، ج ۵، ص ۱۴۳.صحیح المسلم، ج ۷، ص ۲۴.طبقات الکبری، ج ۲، ص ۲۳۵.مسند امام حنبل، ج ۶، ص ۵۳.\n.\n.\nحضرت امام صادق علیه السلام فرمودند:همانا رسول خدا قبل از رفتن از دنیا مسموم شدند و عایشه و حفصه حضرتش رامسموم کردند.\n.\nمنابع:تفسیر عیاشی ج1ص200تفسیر الصافی ج1ص389تفسیر نورالثقلین ج1 ص401بحارالانوارج22ص516..مرحوم شیخ طوسی در کتاب تهذیب الأحکام می نویسد:محمد بن عبد الله... وقبض بالمدینة مسموما یوم الاثنین للیلتین بقیتا من صفر سنة عشرة من الهجرة.محمد بن عبد الله (صلی الله علیه وآله وسلم )... در روز دوشنبه 28 صفر سال دهم هجری در حالی از دنیا رفت که مسموم شده بود.\nتهذیب الأحکام، ج6 ص2، ..\n.و نیز مرحوم علامه حلی در تحریر الاحکام می گوید:محمد بن عبد الله... وقبض بالمدینة مسموما یوم الاثنین للیلتین بقینا من صفر سنة عشرین من الهجرة.\nتحریر الأحکام، ج2 ص118\n.\n.\nو قس علی هذا که بسیار است و رفقا و بزرگواران گرامی حتما جهت اطلاع بیشتر رجوع می کنند.\nانشالله در دریافت حقایق و وقایع دینی به اصل و سرچشمه رجوع کنیم...\nانشالله این درد ها با ظهور امام عصر علیه السلام تسکین می بایند...\n\n", "post_full_content_5": "\nشهادت یا رحلت ؟\n\n\n\nاگر نمیان دوباره بگن که خلاف وحدت است و \"حقایق\" را نگویید، یه کم برای هم یادآوری کنیم اصل قضیه شهادت حضرت رسول صلی الله علیه و آله را ! نظرتون؟!\nچون این نظر رهبر، مراجع و فقهایی  است که در دوره غیبت امر شده ایم به رجوع آن ها،\nهمان فارجعوا فیها الی روات حدیثنا\nمضاف بر اینکه خود رهبر هم با بحث علمی و محترمانه مشکلی ندارند، یعنی بحثی که توهین و لعن \"علنی\" درونش نیست.\n\nبعد از طرح این مباحث در اینستاگرام شخصی و قفل و خصوصیم ! بعضی رفقای شیعه من رو متعجب کردند !\nمثلا گفتند ابوبکر مورد احترام بوده !\nابوبکر ؟ همونی که غصب کرد خلافت رو و با رفیقش مسیر هدایت رو منحرف کردند ؟\nابوبکری که مورد نفرین و لعن حضرت زهرا قرار گرفت ؟\nیادشون رفته قضیه سقیفه و ماجرای کوچه رو ؟\nاینقدر راحت ؟\nیا قبل تر هاااا گفتند و فرمودند که مساءل به تاریخ پیوسته رو رها کن برادر !\nبه تاریخ ؟\nو یا دوست دیگه ای گفت عایشه مورد احترام است چون همسر رسول الله بوده !!!\nعایشه ؟\nهمونی که حتی خود اهل سنت تو منابع شون تصریح کردند که حضرت قصد طلاقش رو داشتند و چه خون دل هایی که به پیغمبر نداده است!\nعایشه ای که به اقدامات شاذش صراحتا اشاره شده البته با لاپوشانی !\nاما خدارو شکر اینقدر عیان بوده که اصل اقدامات ایشون قابل کتمان نبوده یعنی نتوسنتند!\nاز افتخارات ایشون اینه که اسمش رو عنوان اولین تیر انداز به پیکر امام مجتبی ثبت کرد و اجازه دفن امام رو در مدینه نداد  !\nو بخونید بدعت های ایشون در دین و مفاسدش رو در منابع اهل سنت از رضاء کبیر !!!! تا فتاوای دیگه عیان و روشنه.\nبرای حفظ وحدت مصلحتی و سیاسی امروز که اتفاقا لازمه این روز هاست، نباید حقایق رو فراموش کنیم و یادمون بره!\nبه قول علما از توحید تا دیات ما با این ها اختلاف داریم.\nیادمون نره که وحدت ما سیاسی است نه اعتقادی و فقط به جهت دفع خطر دشمنان دین است و لاغیر.\nطرح مساله رحلت ناخواسته کمک به کم رنگ کردن و محو دشمنی کسانی است که برائت از آن ها از وظایف و رموز اصلی سعادت ما به حساب می آید.\n\nهی میام خودمونی بنویسم هی به خاطر جدیت بحث نمیشه ادبی میشه هی ادبی هی خودمنی ! اینم  یه نوعشه :)\n\nکمی فقط جهت یادآوری برای نمونه:\n.\n.\nنقش شیخین، عائشه و حفصه در خوراندن زهر و شهادت پیامبر (صلی الله علیه و آله)، به نقل از منابع اهل سنت:\nعایشه گفت؛ در زمان کسالت رسول الله (صلی الله علیه و آله)، به‌زور در دهان ایشان دوا ریختیم. با اینکه حضرت امر کرده بودند، ابداً چیزی به من نخورانید. ما گفتیم؛ اصولاً همه مریض‌ها از دوا خوردن بدشان می‌آید. پس پیامبر (صلی الله علیه و آله) با مشاهده این تبانی فرمودند؛ آیا من شما را از خوراندن هرگونه دوائی نهی نکردم؟ سپس امر کردند؛ باید هرکسی که در این خانه حاضر بوده، جلوی چشم من، از همین دارو بخورد و ما از خوردن إبا کردیم...منابع فقط از اهل سنت؛تاریخ طبری، ج ۲، ص ۴۳۷.صحیح البخاری، ج ۸، ص ۴۰.صحیح البخاری، ج ۷، ص ۱۷.صحیح البخاری، ج ۵، ص ۱۴۳.صحیح المسلم، ج ۷، ص ۲۴.طبقات الکبری، ج ۲، ص ۲۳۵.مسند امام حنبل، ج ۶، ص ۵۳.\n.\n.\nحضرت امام صادق علیه السلام فرمودند:همانا رسول خدا قبل از رفتن از دنیا مسموم شدند و عایشه و حفصه حضرتش رامسموم کردند.\n.\nمنابع:تفسیر عیاشی ج1ص200تفسیر الصافی ج1ص389تفسیر نورالثقلین ج1 ص401بحارالانوارج22ص516..مرحوم شیخ طوسی در کتاب تهذیب الأحکام می نویسد:محمد بن عبد الله... وقبض بالمدینة مسموما یوم الاثنین للیلتین بقیتا من صفر سنة عشرة من الهجرة.محمد بن عبد الله (صلی الله علیه وآله وسلم )... در روز دوشنبه 28 صفر سال دهم هجری در حالی از دنیا رفت که مسموم شده بود.\nتهذیب الأحکام، ج6 ص2، ..\n.و نیز مرحوم علامه حلی در تحریر الاحکام می گوید:محمد بن عبد الله... وقبض بالمدینة مسموما یوم الاثنین للیلتین بقینا من صفر سنة عشرین من الهجرة.\nتحریر الأحکام، ج2 ص118\n.\n.\nو قس علی هذا که بسیار است و رفقا و بزرگواران گرامی حتما جهت اطلاع بیشتر رجوع می کنند.\nانشالله در دریافت حقایق و وقایع دینی به اصل و سرچشمه رجوع کنیم...\nانشالله این درد ها با ظهور امام عصر علیه السلام تسکین می بایند...\n\n\n\n", "post_full_content_4": "\nعاقا دکمه غلط کردم کدومه اونو بزنم:)))\n\n\n\nباز من اومدم یکم بیشتر تو فضای باشم، بیام دستی رو سر و روی وبلاگم بکشم،\nنا سلامتی قبلا تو بلاگفا برو و بیایی داشتم که دیروز یکی از عزیز ترین اساتیدم تو کلاس تبلیغ\nموضوعی رو طرح کردند مبنی بر معایب و محاسن حضور در فضای مجازی !\nبعد با دلیل و سند تضعیف کردند نحوه حضور ما مثلا بچه مذهبی ها رو در این فضا!\nو من به خودم گفتم احمد جان داداش باشه هر چی تو بگی، اشتباه کردم اوکی ؟:)))\nاما در کل خوب و حق فرمودند!\nاگر هستیم ببینیم برای چی اومدیم؟ هدف مون چیه؟\nقراره مبنای زندگی مون تو این فضا تعریف بشه یا نه اینجا صرفا یه ساعت و تایم محدودی از زندگی من رو به خودش اختصاص میده؟\nبرای یه هدف مشخص با بازه زمانی تعریف شده ای اومدم یا نه صرفا اهل گردش مجازی هستم ! کاملا بی هدف؟\nعضو هر گروه و کانال و پیجی شدم و یک سری اطلاعات بدون دسته بندی و بی هدف هر روز وارد ذهن من میشه که لزوما ممکنه اصلا احتیاجی بهشون نداشته باشم\nیا نه برای خودم فیلتر بندی تعریف کردم؟\nاین فضا ارتباط من با دنیای خارج رو قطع کرده و باعث شده مهارت های رفتاری من تحت تاثیر قرار داده بشه !\nاگه من برای تبلیغ دین اومدم پشتوانه حضورم چه مهارتیه ؟\nاومدم که فقط باشم یا نه اومدم که اثرگزار باشم؟ اصلا اثرگذاری یعنی چی؟ فوروارد چی هستم یا تولید کننده؟\nو در کل میزان اثر گزاری تو این فضا چقدره ؟ و ...\nاین شد که بگم عاقا دکمه اشتباه کردم غلط کردم کدومه من بزنم ؟:))\n\nپ ن :\nایام 28 صفر تا نهم ربیع، روز های سخت اهل بیت بوده !\nاز شهادت حضرت رسول صلی الله علیه و آله وسلم\nتا برسید به هجوم وحشیانه به خانه حضرت زهرا سلام الله علیها\nجسارت به آل الله و شهادت حضرت محسن علیه السلام!\nفرمودند در شادی ما شاد و در حزن ما محزون باشید.\nلباس سفید و قرمز و خوشگلیجات باشد در روز نهم ربیع ، یوم نزع السواد به فرموده امیرالمومنین علیه السلام...\n\n\n", "post_full_content_2": "\nجدل مجازی!\n\n\n\nیک دوره ای از زندگی که سرم کمتر شلوغ بود وقت زیادی برای مباحثه در فضای مجازی از فیسبوک تا بلاگفا و اینستا تلف می کردم! البته بر خلاف برخی برای ارائه مطلب مطالعات بسیاری هم می کردم و بیسواد وارد بحث نمیشدم از شازده کوچولو!! تا نظریات سروش و پلورالسم دینی و بعد مکاتب مختلف از اومانیسم تا کاپیتالیسم و بعد تر سراغ نظریات اتواع هافلر ها  و کینزی ها!!! در ادامه صحاح سته و اسرائیلیات اهل سنت و کتب حدیثی خودمان و حزب شهید دیالمه و مباحث عرفانی امام خمینی و سید علی قاضی !!و ...... رفتم و خواندم  و متاسفانه برکتی درونش ندیدم نه قانع شدم نه قانع شدند و عموما به جدل و مغالطه طرف مقابل می رسید و البته تنها حسن این مباحث علم اندوزی وافزایش معلومات خودم شدم اما فقط خودم !\nیادم می آید برای موضوعی استادم در تلگرام جوابم را فقط با کد میداد و منبع معرفی می کرد تا به من بفهماند که پسر جان هر بحثی جایی دارد و زمانی که تلگرام نه ظرف مکان است و نه ظرف زمان !\nیک استاد عالم و فاضل ثقلینی می گفتند:\nدر فضای مجازی ابدا مباحثه نکنید، هیچ چیز مانند دیدار حضوری جوابگو نیست، جهانی فکر کنید منطقه ای عمل کنید! بحث دارد بیاید حضوری فیس تو فیس و الا فلا...وقت ارزشمند خود را تلف جادوی مجازی نکنید...بروید سراغ مطالعه تخصصی ...\n\nپ ن اول:\nطرح مبحث در این فضا بی فایده است\nالبته دلنوشته، خاطره، تذکر و ... با مباحثه فرق دارد.\nتو این فضا دنبال قانع کردن کسی نباشیم\nچون ظرف زمان و مکانش اینجا نیست\n\nپ ن دوم:\nمدتی حضورم کمرنگ شده اما می خوانم...\n\n\n\n\n", "post_full_content_3": "\nریکس:|\n\n\n\nدارم میرم سمت و سوی یک تصمیم پر ریسک، اونم تو این شرایط سخت بازار و بیکاری !\nاما ظاهرا آدم ها با ریسک بزرگ می شن و پر میگیرن ! اینطور میگن !!\nآینده ی این ریسک من دو رو داره یا روشن و درخشان و یا مبهم و افتضاح !! \nاما حداقلش اینه که کاری رو می کنم که دوستش دارم و به آزادی می رسم !\nنه اینکه در یک خط ثابت قدم بزنم و بنده و اجیر جایی باشم که نه هم عقیده ام و نه علاقه مند !\n\nپ ن :\nحال هدایتی الانم رو مدیون زیارت الحسین هستم\nزیر قبه و دعای خاص هدایت و تغییر....\n\n", "post_full_content_1": "\nقصاب های پزشک شده\n\n\n\nآدم هایی هستیم که می دونیم چی نمی خوایم اما نمی دونیم چی می خوایم!\nاختلاف فرهنگ و ارزش ها در کنار موج سواری یه سری خارج نشین\nاتفاقات این چند روزه رو ایجاد کرد و البته ما مردمی که تو ترافیک\nبرای یک دقیقه زودتر رسیدن لایی می کشیم و فحش و نور بابا\nنصیب جلویی می کنیم\nو اگه پلیس نباشه یه طرفه رو میزنیم تو گوش شهر\nو دنده عقب های خطرناک تو بزرگراه حواله قلب آدم خوب های شهر می کنیم\nهمین ما مردم نازنین بانک و سمند آتیش می زننیم\nو پرچم و بیرق حسینه پایین می کشیم\nو اسمش رو میذاریم اعتراض به وضع موجود\nو لمپنی چون پسر پهلوی رو فریاد می زنیم!\n\nاما یادمون نره که این اوضاع اقتصادی و معیشیتی  سیاستی!\nمرهون تکیه زدن قصاب ها به اریکه ی طبابته...\n\nپ . ن\nدرد های دوره غیبت برای این است که بفهمیم \nباید از هر که غیر اوست دل ببریم.\nاین فرجک القریب؟\n\n"}