{"type": "blog", "blog_name": "میز کار", "blog_url": "http://mydesk.blog.ir/", "post_url_1": "http://mydesk.blog.ir/post/%D8%BA%D9%85%DB%8C-%DA%A9%D9%87-%D8%AA%D9%85%D8%A7%D9%85-%D9%86%D9%85%DB%8C-%D8%B4%D9%88%D8%AF", "post_title_1": "غمی که تمام نمی شود", "post_content_1": "بسم الله\nخدایا از تو شکایت نمی کنم که هنوز باور دارم که ارحم الراحمین هستی.\nخدایا از بندگانت شکایت دارم که دروغ می گویند، افترا می بندند، حقیقت را بر زبان جاری نمی کنند، هیچ کاری نمی کنند و عده ای عزادار و دلسوخته در آتش دروع آن ها می سوزند...\n\nچرا دروغ می گویند، چرا می گویند تحریم ها برداشته شد؟ اگر تحریم نیستیم، ملوانان ما در کشتی پانامایی چه می کنند؟\nچرا حرف های تو را باور نمی کنند، اما به حرف های جان کری اعتماد دارند؟\nبا مردم خودشان، متکبرانه برخورد می کنند و در برابر کمونیست ها، تواضع می کنند؟\nبه مردم خودشان اخم می کنند و در برابر نمایندگان اروپایی، ریسه می روند؟\n\nاین کشتی، این 32 عزیزدل، این 32 خانواده داغدار، در آتش بی تدبیری سوخنتد، در آتش دروغ، خیانت، کم کاری، تعلل...\nخدایا تقصیر ما هم هست، خودت گفتی: ان الله لایغیر ما بقوم حتی بغیروا ما بانفسهم\nما کم کار کردیم، کم با مردم حرف زدیم، کم روشنگری کردیم، نتوانستیم تبیین کنیم که این دولت، نه امید می دهد، نه تدبیر می کند!\nامید همه را دود کرد با بی تدبیری اش...\n\nخدایا\nببخشید\nعذر تقصیر...\n\nپ.ن: این عکس را روبرویم می گذارم، تا یادم نرود تاوان کم کاری هایمان، سوخته شدن 32 دریادلی بود که پاره تن مان بودند... برای ما می رفتند، برای ما کار می کردند، اقتصاد ما را می چرخاندند...", "post_url_2": "http://mydesk.blog.ir/post/%D8%B3%D8%B1%D9%88%D8%B4", "post_title_2": "سروش", "post_content_2": "بسم اللهاز دیشب یکی یکی پیام می‌آید که فلانی وارد سروش شد...تا الان نزدیک ده، دوازده نفر وارد شدند.ان شاءالله بقیه هم بیایند...عدو شود سبب خیر، گر خدا خواهد", "post_url_3": "http://mydesk.blog.ir/post/%D8%AF%D9%87%D8%A7%D9%86-%D9%85%D9%86%D8%AA%D9%82%D8%AF%D8%A7%D9%86", "post_title_3": "دهان منتقدان", "post_content_3": "اینکه حسین دهباشی، اقرار می‌کند، اعتراف می‌کند به نشر اکاذیب، در زمان حضور در انتخابات ۹۲ و حرف‌هایی خوبی که برای دولتمردان امروزی نوشت،اتفاق خوبی است.برایش دعا می‌کنم که خدا دلش را به نور ایمان روشن کند.به صراط مستقیمبه مسیر حق و انقلاب...", "post_url_4": "http://mydesk.blog.ir/post/%D8%AA%D8%B1%D9%88%D9%85%D9%86", "post_title_4": "ترومن", "post_content_4": "بسم الله\nکلا اهل فیلم دیدن، آن هم از نوع خارجی‌اش نیستم. اشاره حاج‌آقا پناهیان و تمجیدش از این فیلم، باعث شد کل فیلم را ببینم. البته با دوبله فارسی و احتمالاً حذف یکسری از صحنه‌ها.\nنگاه حاج‌آقا این بود که همه ما، ترومن شهر هستیم و همه چیز در اختیار ماست و برای ماست.\nاما این قضیه یک زاویه دید دیگری دارد. اینها تفکر یهود را دنبال می‌کنند. چقدر در طول فیلم، یاد کتاب دنیای سوفی افتادم. خیلی شبیه هم بودند.\nیهود معتقد است میوه‌ای که حضرت آدم و حوا از آن خوردند، میوه دانش بوده، یعنی خدا العیاذبالله نمی‌خواسته برخی از مسائل را آن‌ها بدانند. برای همین از بهشت رانده شدند. چون مخلوقات، می‌توانند از حیطه اختیار خالق‌شان بگریزند و به جاودانگی برسند.\nهمان کاری که سوفی کرد.\nهمان کاری که ترومن کرد...\nپس ما هم می‌توانیم.\n\n\nپ.ن۱: خوب است آدم فقط خوب‌ها را ببیند، مثل حاج‌آقا که بهترین زاویه دید را داشت.\nپ.ن۲: خوب است همه زاویه‌ها را ببینیم تا ناخوداگاه، چیزی روی نفس‌مان اثر نگذارد که بعدها نفهمیم که این اثر از کجا بوده است.\nپ.ن۳: به یک بار دیدنش، می‌ارزد.", "post_url_5": "http://mydesk.blog.ir/post/%D8%BA-%D9%85%D8%AB%D9%84-%D8%BA%D9%88%D8%A7%D8%B5", "post_title_5": "غ مثل غواص", "post_content_5": "بسم الله\nاِشنوگِل را ببینید...\nکمی داستانش خطی بود\nکمی شخصیت پردازی ها ضعیف بود، کمیِ بودجه هم دیده می شد\nاما\nارزش دیدن دارد. به قول حاج آقا ماندگاری، قربة‌الی‌الله ببینید.\n\n\nپ.ن۱: کاش در مدیوم سینما هم مثل تلویزیون، حجاب رعایت می شد، موها بیرون نمی اید، شال ها نازک نمی شد، دست ها برهنه نبود. چه اشکالی داشت که دو نقش فرعی خانم در فیلم، کمی پوشیده تر بازی می کردند، باور کنید حفظ دین خدا از همه چیز مهمتر است.\nپ.ن۲: تا توانسته اند اذیت کردند. از کمی سالن های اختصاصی تا بدترین فصل اکران، تا بدترین سانس های سینما.", "post_full_content_5": "\n\n\nغ مثل غواص\n\n\n", "post_full_content_3": "\n\n\nدهان منتقدان\n\n\n\n\n سنا بانو\n\n\n شنبه ۹ دی ۹۶\n\n\n\n ۰۷:۲۳\n\n\n\n\nاینکه حسین دهباشی، اقرار می‌کند، اعتراف می‌کند به نشر اکاذیب، در زمان حضور در انتخابات ۹۲ و حرف‌هایی خوبی که برای دولتمردان امروزی نوشت،", "post_full_content_4": "\n\n\nترومن\n\n\n", "post_full_content_1": "", "post_full_content_2": "\n\n\nسروش\n\n\n\n\n سنا بانو\n\n\n دوشنبه ۱۱ دی ۹۶\n\n\n\n ۰۶:۵۲\n\n\n\n\nبسم اللهاز دیشب یکی یکی پیام می‌آید که فلانی وارد سروش شد..."}