{"type": "blog", "blog_name": "در دیار نیلگون خواب", "blog_url": "http://gandomru.blog.ir/", "post_url_1": "http://gandomru.blog.ir/1396/11/04", "post_title_1": "۲۷۰. دیگه همسر گندم شدن همچین تبعاتی هم داره :)", "post_content_1": "آقا من دیروز، تریپ ادبی و علم بهتر است از ثروت و اینا برداشتم و رفتم کتابخونه‌ها رو زیر و رو کردم دنبال کتاب قلندر و قلعه!!!! هیشکی نداشت! :/ \nبعد کلی تلاش و پیگیری و اینا، بالاخره یه کتابخونه پیدا کردم که داشت... دو ثانیه قبل از اینکه پولشو بدم دیدم جلدش یه کم پاره شده!! به خانومه گفتم ببخشید میشه یه سالمشو بدید؟؟ میخوام هدیه بدم آخه! \nگفت فقط دو جلد داریم، اون یکی جلدش اونجاس... اون یکی جلدشم پاره بود :'( \nبه مامان اینا گفتم اون طرف خیابون لباس مردونه داره... بریم ببینیم.\nرفتیم.\nمامان گفت این تیشرته خوبه‌ها...\nگفتم آخه سایزشو نمیدونم!\nمامان گفت این صندلا هم خوبه...\nگفتم آخه سایزشو نمیدونم!! \nآبجی کوچیکه گفت: تو که سایز نمیدونی چرا اومدی اینجا؟!! :/ \nتو یکی از مغازه‌ها جوراب دیدم!! ^__^ \nگفتم وااای مامان جوراب بخرم براش!! سوپرایز باحالی میشه :دی\nآبجی کوچیکه نذاشت!!! \nگفت با کلی ذوق کادوشو باز میکنه ببینه جورابه حالش گرفته میشه!! \nهر چی براش توضیح دادم که بابا، کادویی که اغلب واسه مردا میخرن جورابه، تو کتش نرفت!!! نذاشت بخرم :( \nدیگه کاملا ناامید شده بودم و داشتیم برمیگشتیم خونه که چشمم خورد به یه اسباب‌بازی فروشی!!! \nیه پک بیست تایی بازی!! که دو تاش منچ و مارپله بود!! :))) \nهیچی دیگه... بالاخره کادومو خریدم ^__^ \nبه غرغرای آبجی کوچیکه هم توجه نکردم :)) \nخو یه ماه اونجا حوصله‌م سر میرفت :پی ", "post_url_2": "http://gandomru.blog.ir/1396/11/02", "post_title_2": "۲۶۹ . به جز جوراب(!!) چه پیشنهادایی دارین؟!!", "post_content_2": "وقتی آدرس اینجا رو به مستر جو میدادم اصلا به این فک نمیکردم که ممکنه یه روز دلم بخواد غافلگیرش کنم و نیاز به هم‌فکری داشته باشم!!! \nفک نمیکردم دلم بخواد واسش هدیه بخرم و ندونم چی!!! \nچندین مناسبت در راهه و من نمیدونم چیکار کنم!! ", "post_url_3": "http://gandomru.blog.ir/1396/11/01", "post_title_3": "۲۶۸. رویای صادقه!", "post_content_3": "آبجی کوچیکه خواب دیده معلمش یه ماه رفته مسافرت!\nمامان خانوم بهش گفته حواست هست تو یه معلم دیگه هم داری؟!! :)) \nحالا نشسته غصه میخوره که چرا همچین خوابی دیده :)) \n\n+ قراره برم پیش جو\nیه ماه پیشش میمونم، البته اگه خدا بخواد ", "post_url_4": "http://gandomru.blog.ir/1396/10/30", "post_title_4": "267", "post_content_4": "مامانم بهم گفت اگه بچه ت دختر شد از همون اول بذارش کلاس رقص!!!!!به نظرم کلا از من ناامید شده!!! :/+ این روزا جو خیلی کاراش زیاده!!بدجوری دلتنگش میشم و دسترسیم بهش کمه...حوصله هیچی رو ندارم... :(", "post_url_5": "http://gandomru.blog.ir/1396/10/29", "post_title_5": "۲۶۶. کوچولوی من، میخوره غصه، که نمیتونه \"نره\" مدرسه!!", "post_content_5": "آبجی کوچیکه: واااای باز فردا شنبه‌س باید برم مدرسه!! :(\nمن: میخوای ترک تحصیل کنی، بی سواد بمونی؟؟\nآبجی کوچیکه: من که از خدامه!! نمیذارن ولی!! \nمن:   :| ", "post_full_content_5": "\n۲۶۶. کوچولوی من، میخوره غصه، که نمیتونه \"نره\" مدرسه!!\n\n\n", "post_full_content_4": "\n267\n\n\n\nمامانم بهم گفت اگه بچه ت دختر شد از همون اول بذارش کلاس رقص!!!!!به نظرم کلا از من ناامید شده!!! :/", "post_full_content_3": "\n۲۶۸. رویای صادقه!\n\n\n\nآبجی کوچیکه خواب دیده معلمش یه ماه رفته مسافرت!\nمامان خانوم بهش گفته حواست هست تو یه معلم دیگه هم داری؟!! :)) \nحالا نشسته غصه میخوره که چرا همچین خوابی دیده :)) \n\n+ قراره برم پیش جو\nیه ماه پیشش میمونم، البته اگه خدا بخواد \n\n\n\n\n۹۶/۱۱/۰۱\n\n\n\n\n\n\n\n\n\n", "post_full_content_2": "\n۲۶۹ . به جز جوراب(!!) چه پیشنهادایی دارین؟!!\n\n\n", "post_full_content_1": "\n۲۷۰. دیگه همسر گندم شدن همچین تبعاتی هم داره :)\n\n\n\nآقا من دیروز، تریپ ادبی و علم بهتر است از ثروت و اینا برداشتم و رفتم کتابخونه‌ها رو زیر و رو کردم دنبال کتاب قلندر و قلعه!!!! هیشکی نداشت! :/ \nبعد کلی تلاش و پیگیری و اینا، بالاخره یه کتابخونه پیدا کردم که داشت... دو ثانیه قبل از اینکه پولشو بدم دیدم جلدش یه کم پاره شده!! به خانومه گفتم ببخشید میشه یه سالمشو بدید؟؟ میخوام هدیه بدم آخه! \nگفت فقط دو جلد داریم، اون یکی جلدش اونجاس... اون یکی جلدشم پاره بود :'( \nبه مامان اینا گفتم اون طرف خیابون لباس مردونه داره... بریم ببینیم.\nرفتیم.\nمامان گفت این تیشرته خوبه‌ها...\nگفتم آخه سایزشو نمیدونم!\nمامان گفت این صندلا هم خوبه...\nگفتم آخه سایزشو نمیدونم!! \nآبجی کوچیکه گفت: تو که سایز نمیدونی چرا اومدی اینجا؟!! :/ \nتو یکی از مغازه‌ها جوراب دیدم!! ^__^ \nگفتم وااای مامان جوراب بخرم براش!! سوپرایز باحالی میشه :دی\nآبجی کوچیکه نذاشت!!! \nگفت با کلی ذوق کادوشو باز میکنه ببینه جورابه حالش گرفته میشه!! \nهر چی براش توضیح دادم که بابا، کادویی که اغلب واسه مردا میخرن جورابه، تو کتش نرفت!!! نذاشت بخرم :( \nدیگه کاملا ناامید شده بودم و داشتیم برمیگشتیم خونه که چشمم خورد به یه اسباب‌بازی فروشی!!! \n"}