{"type": "blog", "blog_name": "خآنۀ من", "blog_url": "http://khaneyeman.blog.ir/", "post_url_1": "http://khaneyeman.blog.ir/post/%D8%AD%D9%85%DB%8C%D8%AF%20%D9%87%DB%8C%D8%B1%D8%A7%D8%AF%20%D8%AF%D9%84%20%DB%8C%DA%A9%DB%8C%20%DB%8C%D8%A7%D8%B1%20%DB%8C%DA%A9%DB%8C%20%D8%AF%D9%84%20%D8%AF%D9%84%20%DB%8C%DA%A9%DB%8C%20%D8%AF%D9%84%D8%AF%D8%A7%D8%B1%20%DB%8C%DA%A9%DB%8C", "post_title_1": "حمید هیراد دل یکی یار یکی دل دل یکی دلدار یکی", "post_content_1": "دل یکی یار یکی دل دل یکی دلدار یکی\nدل دیوونه ی من عاشق دیداره یکی\nوای وای یار من وای وای یارم ای\nمیرقصیدم میچرخیدم\nنگاه گیرای تورا میدزدیم\nمیچرخیدم هی میرقصیدم\nنفس نفس به دور تو میپیچیدم\nمینشینی به برم امانم ببری\n/// ♪ ♪ ♬ ♪ ♪ ///\nدانلود آهنگ دل یکی یار یکی از حمید هیراد\nنظر کنم به حال من زمانم ببری\nآمده ای دلبر من روانم ببری\nدل یکی یار یکی دل دل یکی دلدار یکی\nدل دیوونه ی من عاشق دیداره یکی\nآی دل دیوونه ی من عاشق دیداره یکی\nدل یکی یار یکی مونس غمخوار یکی\nدل یکی یار یکی حمید هیراد\n", "post_url_2": "http://khaneyeman.blog.ir/post/Babak%20Jahanbakhsh%20%E2%80%93%20Barf", "post_title_2": "Babak Jahanbakhsh – Barf", "post_content_2": "\nدانلود آهنگ برف از بابک جهانبخش\nBabak Jahanbakhsh – Barf\nمتن آهنگ برف از بابک جهانبخش\n\nبرف ، برف برف میباره قلب من امشب بی قراره\n♫♭♮♬\nبرف ، برف برف میباره خاطره هاتو یادم میاره\n♫♭♮♩♫\nتا دوباره صدامو دراره برف ، برف برف میباره\nآسمونم دلش قصه داره♫♭♮۴♭♬ حق داره هرچی امشب بباره\nجای برف باز میشینی کنارم مطمئنم دیگه شک ندارم\nشک ندارم تو فکرم هستی تنهایی تو اتاقت نشستی\n♫♭♮♩\n \n \nمنبع: دانلود آهنگ برف از بابک جهانبخش\n", "post_url_3": "http://khaneyeman.blog.ir/post/%D9%85%D8%AA%D9%86%20%D8%A2%D9%87%D9%86%DA%AF%20%D8%AE%D9%88%D8%A7%D8%A8%20%D8%A7%D8%B2%20%D9%81%D8%B1%D8%B2%D8%A7%D8%AF%20%D9%81%D8%B1%D8%AE", "post_title_3": "متن آهنگ خواب از فرزاد فرخ", "post_content_3": "دانلود آهنگ خواب با بهترین کیفیت\nترانه و آهنگ : فرزاد فرخ\nمتن آهنگ خواب از فرزاد فرخ\n \nدر خواب تو را دیدم\n \nدیدم که اینجایی\n \n♫♭♬\nعطرت مرا مست کرد\nگفتی که می مانی\n \n♫♭♬\nچشمم به نگاهت بود\nدستت نوازش کرد\n \n♫♭♬\nقلبی که تو را هر شب\nتا صبح ستایش کرد\n \n♫♭♬\nچشمان تو مرهم بود\nبر زخم من ویرانه\n \n♫♭♬\nعشقت مرا کور کرد\nدل شد ی دیوانه\n \n♫♭♬\nدیگر نبودی تو\nانگار که جانم رفت\n \n♫♭♬\nلعنت به آن کس که\nاز تو جدایم کرد\n \nبرای دانلود این آهنگ کلیک کنید: دانلود آهنگ خواب از فرزاد فرخ", "post_url_4": "http://khaneyeman.blog.ir/post/%D8%AF%D8%A7%D9%86%D9%84%D9%88%D8%AF%20%D8%A2%D9%87%D9%86%DA%AF%20%DA%A9%D8%A7%D9%81%D9%87%20%D8%A7%D8%B2%20%D9%81%D8%B1%D8%B2%D8%A7%D8%AF%20%D9%81%D8%B1%D8%AE", "post_title_4": "دانلود آهنگ کافه از فرزاد فرخ", "post_content_4": "دانلود آهنگ کافه از فرزاد فرخدانلود آهنگ کافه با بهترین کیفیت و متن آهنگ\nFarzad Farokh – Kafe\n \nFarzad Farokh Kafe دانلود آهنگ کافه از فرزاد فرخ\nتو را دیدمت بعد از چند سال\n♮♫♪\nمات مبهوت بی حال\n♮♫♪\nهوا سرد بود تو می لرزیدی\n♮♫♪\nفرزاد فرخ کافه\n♮♫♪\nاز نگاه مردم تو می ترسیدی\n♮♫♪\nبه تو نزدیک شدم یک آن\n♮♫♪\nبغل کردمت زیر باران\n♮♫♪\nبه تو نزدیک شدم یک آن\n♮♫♪\nبغل کردمت زیر باران\n♮♫♪\nچی به سرت امد گل نازم\n♮♫♪\nسرت رو بالا بگیر بازم\n♮♫♪\nکه بخشیدمت من دلواپس\n♮♫♪\nروی من حساب کن از این پس\n♮♫♪\nکه بخشیدمت من دلواپس\n♮♫♪\nروی من حساب کن از این پس\n♮♫♪", "post_url_5": "http://khaneyeman.blog.ir/post/%D8%AF%D8%A7%D9%86%D9%84%D9%88%D8%AF%20%D8%B1%DB%8C%D9%85%DB%8C%DA%A9%D8%B3%20%D8%A2%D9%87%D9%86%DA%AF%20%D8%B4%D9%88%D8%AE%DB%8C%D9%87%20%D9%85%DA%AF%D9%87%20%D8%A7%D8%B2%20%D8%AD%D9%85%DB%8C%D8%AF%20%D9%87%DB%8C%D8%B1%D8%A7%D8%AF", "post_title_5": "دانلود ریمیکس آهنگ شوخیه مگه از حمید هیراد", "post_content_5": "دانلود آهنگ جدید و بسیار زیبای شوخیه مگه\nHamid Hiraad Shookhie Mage Remix حمید هیراد شوخیه مگه\nمتن آهنگ شوخیه مگه از حمید هیراد\nشوخیه مگه شوخیه مگه♩♪♫گر جان به جان من کنی جان و جهان من تویی♩♪♫سیر نمیشوم ز تو تاب و توان من تویی♩♪♫\nدانلود ریمیکس آهنگ شوخیه مگه از حمید هیراد\n♩♪♫نظری به حال ما کن تا روم به سمت کویت♩♪♫دیوانه تر از دلم نیست تا شود اسیر رویت♩♪♫شوخیه مگه بذاری بری نمونی تو یار منی نشون به اون نشونی♩♪♫شوخیه مگه دلو بزنی به دریا عاشقی کنی پرسه نزنی تو شب ها♩♪♫شوخیه مگه بذاری بری نمونی تو یار منی نشون به اون نشونی♩♪♫شوخیه مگه دلو بزنی به دریا عاشقی کنی پرسه نزنی تو شب ها♩♪♫شوخیه مگه شوخیه مگه بذاری بری نمونی", "post_full_content_5": "", "post_full_content_4": "", "post_full_content_1": "", "post_full_content_2": "", "post_full_content_3": ""}