{"type": "blog", "blog_name": "دو تم-دانلود قالب و اسکریپت", "blog_url": "http://2theme.blog.ir/", "post_url_1": "http://2theme.blog.ir/1396/06/29/%DA%A9%D8%A7%D9%86%D8%A7%D9%84-%D8%AA%D9%84%DA%AF%D8%B1%D8%A7%D9%85%DB%8C-%D8%AF%D8%A7%D9%86%D9%84%D9%88%D8%AF-%D9%82%D8%A7%D9%84%D8%A8-%D9%87%D8%A7%DB%8C-%D8%A8%DB%8C%D8%A7%D9%86", "post_title_1": "کانال تلگرامی دانلود قالب های بیان", "post_content_1": "معرفی کانال تلگرامی دانلود قالب های بیان\nقالب های وردپرس و بیان بلاگ\nدر این کانال مجموعه ای از قالب های وردپرس و افزونه ها به همراه کد ها و ترفتد های بیان بلاگ  قرار میگیره\nایدی کانال\nhttps://telegram.me/hovodesign", "post_url_2": "http://2theme.blog.ir/1396/06/28/%D8%AF%D8%A7%D9%86%D9%84%D9%88%D8%AF-%D9%82%D8%A7%D9%84%D8%A8-%D8%A2%D8%A8%D8%A7%D9%86-%D9%85%D9%88%D8%B2%DB%8C%DA%A9-%D8%A8%D8%B1%D8%A7%DB%8C-%D8%A8%DB%8C%D8%A7%D9%86-%D8%A8%D9%84%D8%A7%DA%AF", "post_title_2": "دانلود قالب آبان موزیک برای بیان بلاگ", "post_content_2": "\nقالب زیبای آبان موزیک برای بیانترجمه توسط دو تمdownload new theme fo bayan blog\n\n\nادامه مطلب", "post_url_3": "http://2theme.blog.ir/1396/06/27/%D8%A7%D8%AF%D9%85%DB%8C%D9%86-%D8%AF%D9%88%D8%AA%D9%85-%D8%AF%D8%A7%D9%86%D9%84%D9%88%D8%AF-%D8%B1%D8%A7%DB%8C%DA%AF%D8%A7%D9%86-%D9%82%D8%A7%D9%84%D8%A8-%D8%A8%DB%8C%D8%A7%D9%86-%D8%A8%D9%84%D8%A7%DA%AF", "post_title_3": "ادمین دوتم (دانلود رایگان قالب بیان بلاگ)", "post_content_3": "سلام\nاول از همه خیلی شرمنده ام که کلی دوستان قالب برای ترجمه داده بودن که وقت نشد\nدوم درحال اماده سازی سایت هستیم که انشاالله در اون علاوه بر بیان بلاگ قالب های وردپرس و دیگر بلاگ ها هم ترجمه میکنیم\nچون سایت اماده نیست فلا قالب رایگان براتون میزارم\n\nمیزان درصد پیشرفت سایت ما : \n 0 درصد\n\nترحمه قالب آبان موزیک \n99 درصد", "post_url_4": "http://2theme.blog.ir/1396/03/18/%D8%AF%D8%A7%D9%86%D9%84%D9%88%D8%AF-%D9%82%D8%A7%D9%84%D8%A8-%D8%B2%DB%8C%D8%A8%D8%A7%DB%8C-%D9%87%D8%A7%D9%88%D9%88-1-%D8%A8%D8%B1%D8%A7%DB%8C-%D8%B3%D8%B1%D9%88%DB%8C%D8%B3-%D8%A8%DB%8C%D8%A7%D9%86-%D8%A8%D9%84%D8%A7%DA%AF", "post_title_4": "دانلود قالب زیبای هاوو 1 برای سرویس بیان بلاگ", "post_content_4": "دانلود قالب زیبای هاوو 1 برای سرویس بیان بلاگ\nقالب زیبای هاوو به اسپانسری .:: HOVOMUSIC ::..\n\n\nادامه مطلب", "post_url_5": "http://2theme.blog.ir/1396/02/27/%D8%AF%D8%A7%D9%86%D9%84%D9%88%D8%AF-%D9%82%D8%A7%D9%84%D8%A8-%D8%B1%D8%A7%DB%8C%DA%AF%D8%A7%D9%86-%D8%B1%D9%88%D8%B2%DA%A9%D8%B3-%D8%A8%D8%B1%D8%A7%DB%8C-%D8%A8%DB%8C%D8%A7%D9%86-%D8%A8%D9%84%D8%A7%DA%AF", "post_title_5": "دانلود قالب رایگان روزکس برای بیان بلاگ", "post_content_5": "دانلود قالب رایگان روزکس برای بیان بلاگ\n\nاین قالب یکی از زیبا ترین قالب های بیان هست\nقالب توسط این وب ترجمه شده\nدانلود در ادامه مطلب\n.....\nادامه مطلب", "post_full_content_4": "", "post_full_content_5": "", "post_full_content_2": "", "post_full_content_3": "", "post_full_content_1": ""}