{"type": "blog", "blog_name": "احتلال", "blog_url": "http://ehtelal.blog.ir/", "post_url_1": "http://ehtelal.blog.ir/1396/04/12/Ehtelal_shahid", "post_title_1": "هو الشهید", "post_content_1": "تشییع پیکر مطهر شهدای مدافع حرم\n۹۶/۴/۷_ بهشت معصومه قم\nچقدر بی سر و صدامثل اشک مادرانشان\n\n\nادامه مطلب", "post_url_2": "http://ehtelal.blog.ir/1395/10/29/Modafean_haram_shohada_Ehtelal", "post_title_2": "به یاد شهدای بحرینی...", "post_content_2": "‍ ڪُلّٰناٰ بِفِداٰڪِ یاٰ زَیْنَبُـــــ سَلامٌ الله علیها\nتشییع پیکر مطهر شهدای مدافع حــــــرم تیپ زیــــــــــــــــــــنبــیـــــــــــــــــــــــــون\nتشییع چهار شنبه ۹۵/۱۰/۲۹ ساعت ۱۴:۳۰از مسجد امام حسن عسکری بسمتــــــــــحــــــــــــرم مــــــــــــطـــــــــهــــــــــــــــــر\nتدفین در قطعه ۳۱ شهدای مدافع حـــــرم  بهشت معصومـــــــــــه سَلامٌ الله علیــــها", "post_url_3": "http://ehtelal.blog.ir/1395/10/07/Ehtelal_modafean_shohada_zeynabieh", "post_title_3": "لبیک یا خمینی لبیک یا حسین است", "post_content_3": "\nانا لله و انا الیه راجعون\n\nروح بلند و ملکوتی امام امت و رهبر آزادگان جهان به سوی محبوب شتاقت\n\nامام از خجالت خانواده ی شهدا و رنج کشیدگان جنگ درآمد ، حرفش که بر زمین ماند سرش را برزمین گذاشت\n\nرفت بر سینه سیاه تراب رخ در کشید تا مانند بسیجیانش که در بیابان ها و رمل ها جامانده بودند هم دم او هم خاک باشد\n\nرفت که بیش از این شرمنده ی شعار \"جنگ جنگ تا پیروزی \" نباشد\n\nرفت تا روسیاهی فقط برای آن دنیا پرستانی باشد که جوانانشان را فرستادند فرنگ تا گزندی نبینند و خودشان فرسنگ ها پشت جبهه ژست مجاهده گرفتند\n\nدنیا ارزانی همان ها که آهن و سیمان و خون مردم را انبار کردند تا در وقت مقتضی نوش جان کنند\n\nخمینی اهل این دنیا نبود ، روزهایی تابید تا ما را نجات دهد ، اکنون او نیست خدایش و راهش هست ، راهی که به سوی قدس ، به سوی \" مهدی \" تصویر کرد و ما کودکان همان گهواره ها هستیم که سربازخانه اش بود\n\nزبان باز کرده ایم\n\n\n   \" لبیک یا خمینی لبیک یا حسین است \"", "post_url_4": "http://ehtelal.blog.ir/1395/10/01/Modafe_haram_shohada_ehtelal", "post_title_4": "هوای حرم...", "post_content_4": "امام خامنه ای(مدظله العالی) :ما در روایاتمان مواردی داریم که به عده ای از شهدا اشاره کردند و گفتند این ها اجر دو شهید را دارند من در مورد شهدای شما ( مدافعان حرم) چنین تصوری دارم.\n \n \n \n \n تشییع پیکر مطهر شهدای مدافع حرم \nاز لشکر فاطمیون\nمراسم تشییع چهارشنبه ۹۵/۱۰/۱\nساعت ۱۴\nاز مدرسه علمیه حجتیه( چهار راه شهدا) بسمت حرم مطهر\nسپس تدفین در قطعه31 شهدای مدافع حرم _بهشت معصومه\n", "post_url_5": "http://ehtelal.blog.ir/1395/09/23/Ehtelal_shohada_modafe", "post_title_5": "حلب آزاد شد", "post_content_5": "در بهار آزادی جای شهدا خالی\n \n \nنثار ارواح طیبه ی شهدای مدافع حرم\nصلوات ", "post_full_content_5": "\n\n\nحلب آزاد شد\n\n\nدر بهار آزادی جای شهدا خالی\n \n \nنثار ارواح طیبه ی شهدای مدافع حرم\nصلوات \n\n", "post_full_content_3": "\n\n\nلبیک یا خمینی لبیک یا حسین است\n\n\n\nانا لله و انا الیه راجعون\n\nروح بلند و ملکوتی امام امت و رهبر آزادگان جهان به سوی محبوب شتاقت\n\nامام از خجالت خانواده ی شهدا و رنج کشیدگان جنگ درآمد ، حرفش که بر زمین ماند سرش را برزمین گذاشت\n\nرفت بر سینه سیاه تراب رخ در کشید تا مانند بسیجیانش که در بیابان ها و رمل ها جامانده بودند هم دم او هم خاک باشد\n\nرفت که بیش از این شرمنده ی شعار \"جنگ جنگ تا پیروزی \" نباشد\n\nرفت تا روسیاهی فقط برای آن دنیا پرستانی باشد که جوانانشان را فرستادند فرنگ تا گزندی نبینند و خودشان فرسنگ ها پشت جبهه ژست مجاهده گرفتند\n\nدنیا ارزانی همان ها که آهن و سیمان و خون مردم را انبار کردند تا در وقت مقتضی نوش جان کنند\n\nخمینی اهل این دنیا نبود ، روزهایی تابید تا ما را نجات دهد ، اکنون او نیست خدایش و راهش هست ، راهی که به سوی قدس ، به سوی \" مهدی \" تصویر کرد و ما کودکان همان گهواره ها هستیم که سربازخانه اش بود\n\nزبان باز کرده ایم\n\n\n   \" لبیک یا خمینی لبیک یا حسین است \"\n\n", "post_full_content_4": "\n\n\nهوای حرم...\n\n\nامام خامنه ای(مدظله العالی) :ما در روایاتمان مواردی داریم که به عده ای از شهدا اشاره کردند و گفتند این ها اجر دو شهید را دارند من در مورد شهدای شما ( مدافعان حرم) چنین تصوری دارم.\n \n \n \n \n تشییع پیکر مطهر شهدای مدافع حرم \nاز لشکر فاطمیون\nمراسم تشییع چهارشنبه ۹۵/۱۰/۱\nساعت ۱۴\nاز مدرسه علمیه حجتیه( چهار راه شهدا) بسمت حرم مطهر\nسپس تدفین در قطعه31 شهدای مدافع حرم _بهشت معصومه\n\n\n", "post_full_content_2": "\n\n\nبه یاد شهدای بحرینی...\n\n\n‍ ڪُلّٰناٰ بِفِداٰڪِ یاٰ زَیْنَبُـــــ سَلامٌ الله علیها\nتشییع پیکر مطهر شهدای مدافع حــــــرم تیپ زیــــــــــــــــــــنبــیـــــــــــــــــــــــــون\nتشییع چهار شنبه ۹۵/۱۰/۲۹ ساعت ۱۴:۳۰از مسجد امام حسن عسکری بسمتــــــــــحــــــــــــرم مــــــــــــطـــــــــهــــــــــــــــــر\nتدفین در قطعه ۳۱ شهدای مدافع حـــــرم  بهشت معصومـــــــــــه سَلامٌ الله علیــــها\n\n", "post_full_content_1": "\n\n\nهو الشهید\n\n\nتشییع پیکر مطهر شهدای مدافع حرم\n۹۶/۴/۷_ بهشت معصومه قم\nچقدر بی سر و صدامثل اشک مادرانشان\n\n\nچندتا چندتا می آیند و بی هیاهو قطعه ی ۳۱ را پر و پیمان میکنند\nانگار عادی شدهجان دادن و خون و تابوت و مادر و پدر دلشکستهشاید هم لطف خدا باشدترس همه ریختهسربازان خمینی جسور و قبراق ترحالا تا پشت گوش صهیونیست ها رسیده اند\nبعید میدانم دل ها از یتیمی دختری نلرزدآه مادر ها بی جواب باشدجگر سوخته ی پدرها آتش به قلب ما حواس پرت ها نزند\nگمان کنم برای ظهور آماده مان میکنندبرای جانفشانی\n  \n\n \n\n\n"}