{"type": "blog", "blog_name": "قالب رضا", "blog_url": "http://rezawd.blog.ir/", "post_url_1": "http://rezawd.blog.ir/post/%D8%AA%D9%88%D9%84%D8%AF-1-%D8%B3%D8%A7%D9%84%DA%AF%DB%8C-%D9%88%D8%A8%D9%84%D8%A7%DA%AF%D9%85", "post_title_1": "تولد 1 سالگی وبلاگم", "post_content_1": "دقیقا 10 روز دیگه تولد 1 سالگی وبلاگمه (قالب رضا)\n\nیه پست مفصل می نویسم برای تولد وبلاگم، فداتون که هنوز هم این وبلاگ حقیر رو دنبال می کنید.", "post_url_2": "http://rezawd.blog.ir/post/%D8%AA%D9%88%D9%84%D8%AF%D9%85", "post_title_2": "تولدم!", "post_content_2": "میگن امروز تولدم بوده هه\nدمتگرم همراه اول که تبریک گفتی!\n\nدمتگرم که حداقل یادم انداختی...!", "post_url_3": "http://rezawd.blog.ir/post/%D9%82%D8%A7%D9%84%D8%A848", "post_title_3": "قالب48", "post_content_3": "قالب48  با فونت ساحل\nCSS | HTML | پیش نمایش", "post_url_4": "http://rezawd.blog.ir/post/%D9%82%D8%A7%D9%84%D8%A847", "post_title_4": "قالب47", "post_content_4": "قالب47  با فونت صمیم          CSS | HTML | پیش نمایش", "post_url_5": "http://rezawd.blog.ir/post/%D9%82%D8%A7%D9%84%D8%A846", "post_title_5": "قالب46", "post_content_5": "قالب 46  با فونت ساحل          CSS | HTML | پیش نمایش", "post_full_content_3": "", "post_full_content_4": "", "post_full_content_5": "", "post_full_content_2": "", "post_full_content_1": ""}