{"type": "blog", "blog_name": "نوشته های یک سنجاق قفلی", "blog_url": "http://sanjagh-ghofli.blog.ir/", "post_url_1": "http://sanjagh-ghofli.blog.ir/1396/10/12/%D9%84%DB%8C%D9%86%DA%A9", "post_title_1": "لینک", "post_content_1": "http://up.filmoketab.ir/info/787208/Nemoone_Soal_Tarahi_Algorithm-Niazi-www.filmoketab.ir\n\n\n\nhttp://www.pnueb.com/courses/sq/332/604/%D8%A7%D9%84%DA%AF%D9%88%D8%B1%D9%8A%D8%AA%D9%85-%D9%87%D8%A7%D9%8A-%D9%BE%D9%8A%D8%B4%D8%B1%D9%81%D8%AA%D9%87\n\n\nhttp://bayanbox.ir/info/3834268805877218001/%D9%86%D9%85%D9%88%D9%86%D9%87-%D8%B3%D9%88%D8%A7%D9%84%D8%A7%D8%AA-%D8%B7%D8%B1%D8%A7%D8%AD%DB%8C-%D8%A7%D9%84%DA%AF%D9%88%D8%B1%DB%8C%D8%AA%D9%85-%D9%BE%DB%8C%D8%B4%D8%B1%D9%81%D8%AA%D9%87\n\n\nhttp://s5.picofile.com/file/8157342234/%D9%86%D9%85%D9%88%D9%86%D9%87_%D8%B3%D9%88%D8%A7%D9%84%D8%A7%D8%AA_%D8%A7%D9%84%DA%AF%D9%88%D8%B1%DB%8C%D8%AA%D9%85.pdf.html", "post_url_2": "http://sanjagh-ghofli.blog.ir/1396/05/05/%D8%A8%D9%87-%D9%85%D8%A7-%DA%AF%D9%88%D8%AF%D8%B2%DB%8C%D9%84%D8%A7-%D9%86%DA%AF%D9%88%DB%8C%DB%8C%D8%AF", "post_title_2": "#به-ما-گودزیلا-نگویید", "post_content_2": "یادمه یه مدت مسخره کردن اقوام لر، ترک و... به اسم جوک زیاد شده بود.با کلی فرهنگ سازی وضع بهتر شد و دیگه کمتر پیش اومد از این جور مثلا جوک ها را جایی ببینیم.ولی خب اصل قضیه هیچ وقت حل نشد. ما مسلمونیم.توی دین اسلام مسخره کردن دیگران گناه شمرده شده.و همونطور گذاشتن القاب ناپسند روی همدیگه.پس چرا متولدین دهه های مختلف رو مسخره میکنیم؟نمونه ش همین گذاشتن لقب*گودزیلا* روی ما دهه هشتادیا ست.کمتر کسیه که به این قضیه اینطوری نگاه کنه.به نظر ما این یه شوخی بامزه س، ولی خب جوکی که یه دهه هشتادی گودزیلا خونده شده و دهه هشتادیا رو یا اصلا متولدین هر دهه دیگه ای رو مورد تمسخر قرار داده، هیچ فرقی با اون جوک هایی که اقوام مختلف ترک زبان، لری، کردها و... رو مسخره کرده نداره.اینکه روی مسئله گودزیلا تاکید دارم ربطی به دهه هشتادی بودن خودم نداره. چون دهه هشتادیا بیشتر از متولدین دهه های دیگه مورد تمسخر قرار میگرن مثال زدم. خلاصه اینکه دهه هشتادیا هم آدمن، و اینکه *همه رو به یه چشم نباید دید*. اگه یه دهه هشتادی دور و برتون دارید که تنبله چمیدونم گودزیلاست و از این حرفا، اسم رو همه ی دهه هشتادیا نذارید.* به هم نخندیم، باهم بخندیم*#منتظر-آلزایمر-باشید", "post_url_3": "http://sanjagh-ghofli.blog.ir/1396/03/29/%D8%AC%D9%88%D8%A7%D8%A8-%D9%87%D8%B1-%D8%AA%D8%B1%D9%82%D9%87-%D8%A8%D8%A7%D8%B2%DB%8C", "post_title_3": "جواب هر ترقه بازی", "post_content_3": "از این به بعد جواب هر ترقه بازی موشک است...", "post_url_4": "http://sanjagh-ghofli.blog.ir/1396/03/27/%D9%BE%D8%AF%D8%B1", "post_title_4": "پدر", "post_content_4": "با نبودت شهر خالی شد\nپدر!\nمگر تو چند نفر بودی؟\n\n\nشهادت مولای متقیان، امیر الموننین حضرت علی (ع) تسلیت و تعزیت باد\n", "post_url_5": "http://sanjagh-ghofli.blog.ir/1396/03/16/%D8%A2%DB%8C%D9%87-%D9%87%D8%A7%DB%8C-%D9%82%D8%B1%D8%A2%D9%86-%D8%AF%D8%B1-%D9%87%DB%8C%DA%86-%D9%88%D9%82%D8%AA-%DA%A9%D9%87%D9%86%D9%87-%D9%86%D9%85%DB%8C%D8%B4%D9%86", "post_title_5": "آیه های قرآن در هیچ وقت کهنه نمیشن!", "post_content_5": "یا ایها الذین آمنو                      ای کسانی که ایمان آورده اید،\nلاتتخذوا بطانه من دونکم             از میان غیر هم دینانتان دوست صمیمی و همراز برای خود انتخاب نکنید،\nلا یالونکم خبالا                         آنها از هیچ فسادی نسبت به شما کوتاهی نمی کنند.\nودوا ما عنتم                           آنهادوست دارند شما در رنج و زحم باشید.\nقد بدت البغضاء من افواههم        دشمنی از گفتار و کلامشان آشکار است،\nوما تخفی صدوروهم اکبر            و آنچه در دل هایشان می پندارند بزرگتر است.\n\n\n\n\nسنجاقی نوشت:کسی که دشمن رو خیرخواه و دوست خودش میبینه، یقینا دوست و خیرخواه کشورش رو دشمن میبینه!\n\n \n \n\n\n", "post_full_content_1": "\n\nلینک\n\n\nhttp://up.filmoketab.ir/info/787208/Nemoone_Soal_Tarahi_Algorithm-Niazi-www.filmoketab.ir\n\n\n\nhttp://www.pnueb.com/courses/sq/332/604/%D8%A7%D9%84%DA%AF%D9%88%D8%B1%D9%8A%D8%AA%D9%85-%D9%87%D8%A7%D9%8A-%D9%BE%D9%8A%D8%B4%D8%B1%D9%81%D8%AA%D9%87\n\n\nhttp://bayanbox.ir/info/3834268805877218001/%D9%86%D9%85%D9%88%D9%86%D9%87-%D8%B3%D9%88%D8%A7%D9%84%D8%A7%D8%AA-%D8%B7%D8%B1%D8%A7%D8%AD%DB%8C-%D8%A7%D9%84%DA%AF%D9%88%D8%B1%DB%8C%D8%AA%D9%85-%D9%BE%DB%8C%D8%B4%D8%B1%D9%81%D8%AA%D9%87\n", "post_full_content_5": "\n\nآیه های قرآن در هیچ وقت کهنه نمیشن!\n\n\nیا ایها الذین آمنو                      ای کسانی که ایمان آورده اید،\nلاتتخذوا بطانه من دونکم             از میان غیر هم دینانتان دوست صمیمی و همراز برای خود انتخاب نکنید،\nلا یالونکم خبالا                         آنها از هیچ فسادی نسبت به شما کوتاهی نمی کنند.\nودوا ما عنتم                           آنهادوست دارند شما در رنج و زحم باشید.\nقد بدت البغضاء من افواههم        دشمنی از گفتار و کلامشان آشکار است،\nوما تخفی صدوروهم اکبر            و آنچه در دل هایشان می پندارند بزرگتر است.\n\n\n\n\n", "post_full_content_4": "\n\nپدر\n\n\nبا نبودت شهر خالی شد\nپدر!\nمگر تو چند نفر بودی؟\n\n", "post_full_content_2": "\n\n#به-ما-گودزیلا-نگویید\n\n\nیادمه یه مدت مسخره کردن اقوام لر، ترک و... به اسم جوک زیاد شده بود.با کلی فرهنگ سازی وضع بهتر شد و دیگه کمتر پیش اومد از این جور مثلا جوک ها را جایی ببینیم.ولی خب اصل قضیه هیچ وقت حل نشد. ما مسلمونیم.توی دین اسلام مسخره کردن دیگران گناه شمرده شده.و همونطور گذاشتن القاب ناپسند روی همدیگه.پس چرا متولدین دهه های مختلف رو مسخره میکنیم؟نمونه ش همین گذاشتن لقب*گودزیلا* روی ما دهه هشتادیا ست.کمتر کسیه که به این قضیه اینطوری نگاه کنه.به نظر ما این یه شوخی بامزه س، ولی خب جوکی که یه دهه هشتادی گودزیلا خونده شده و دهه هشتادیا رو یا اصلا متولدین هر دهه دیگه ای رو مورد تمسخر قرار داده، هیچ فرقی با اون جوک هایی که اقوام مختلف ترک زبان، لری، کردها و... رو مسخره کرده نداره.اینکه روی مسئله گودزیلا تاکید دارم ربطی به دهه هشتادی بودن خودم نداره. چون دهه هشتادیا بیشتر از متولدین دهه های دیگه مورد تمسخر قرار میگرن مثال زدم. خلاصه اینکه دهه هشتادیا هم آدمن، و اینکه *همه رو به یه چشم نباید دید*. اگه یه دهه هشتادی دور و برتون دارید که تنبله چمیدونم گودزیلاست و از این حرفا، اسم رو همه ی دهه هشتادیا نذارید.* به هم نخندیم، باهم بخندیم*", "post_full_content_3": "\n\nجواب هر ترقه بازی\n\n\nاز این به بعد جواب هر ترقه بازی موشک است..."}