{"type": "blog", "blog_name": "زندگیِ یه دانشجوی [ ۹۶ ] :))", "blog_url": "http://konkurism99.blog.ir/", "post_url_1": "http://konkurism99.blog.ir/post/%D9%81%D8%B1%D8%AC%D9%87-%D9%87%D8%A7%DB%8C-%D8%A7%D9%85%D8%AA%D8%AD%D8%A7%D9%86%DB%8C", "post_title_1": "فرجه‌های امتحانی :))", "post_content_1": "بعد چندماه اومدم باز پست بذارم :))\nخب درس‌ها تقریبا اوکیه ولی مشکلم با ۲درس مبانی‌ریاضی و ریاضی۱ عه :))\nکامل‌ترش رو بعد ترم۱ میام میگم و مخصوصا برای کنکوریا تعریف میکنم :))\nچراکه خودم پارسال دائم دنبال حرفای ترم۱عی‌ها و دانشجوها بودم و پیدا نمیکردم.\nآره خلاصه دعا کنید درسی رو نیفتم و نمره‌م اوکی بشه :))\nمرسی ^_^\nموفق باشید ^____^", "post_url_2": "http://konkurism99.blog.ir/post/%D9%88%D8%A7%D8%AA%D8%B3-%D8%A2%D9%BE-%D8%AF%DB%8C%DB%8C%DB%8C%DB%8C%DB%8C", "post_title_2": "واتس آپ؟ :دییییی", "post_content_2": "خب یه آماری بدیم از این چندوقت عدم فعالیت :دی\nببینید شروع دانشگاه همه چی رو متفاوت جلوه میده،\nشما میتونی روز قبل دانشگاه رو یجور سیو کنی،\nروز بعد دانشگاه رو هم یجور.\nبعد میبینی که چقدر تفاوته!!\nاینم صرفا برای جوّ دانشگاست و اینکه اونجا اکثر آدما هم‌رشته‌ای شماعن و ممکنه حس کنی گااااد! چقدر رقیب! چقدر هم‌عقیده و هم‌هدف!\nبعد اینکه توی دانشگاه و خوابگاه یه جوّ فعال و پویایی وجود داره؛\nبه این صورت که ممکنه اگه برای تعطیلات برگردی شهر خودت ببینی که فقط حس لش کردن داری!\nینی دو آدم متفاوتی.\n\nدیشب/پریشب که یادم نیست دقیق کِی بود! با دوستان قدیمی رفتم بیرون و خب قهقهه‌هایی سر دادیم که خیلی وقت بود خبری ازش نبود!\nتوی دانشگاه شدم یه آدم اوکی و سنگین که آهسته میره آهسته میاد و نهایتا میره پارک لاله و انقلاب با دوستش میچرخه!\nدرس هم میخونیم، کد هم میزنیم، تایپ هم میکنیم و راجع به ریاضی و فیزیک حرفای دوست‌داشتنی میزنیم!\nاینجوری میگذره زندگی دانشجویی من\nو من چقدر راضیم از این زندگی جدیدی که پیدا کردم!\n\nایام به کامتون.\nخوش باشید!", "post_url_3": "http://konkurism99.blog.ir/post/%D8%AF%D8%A7%D9%86%D8%B4%D8%AC%D9%88%DB%8C-%D8%B1%DB%8C%D8%A7%D8%B6%DB%8C-%D8%AF%D8%A7%D9%86%D8%B4%DA%AF%D8%A7%D9%87-%D8%AA%D9%87%D8%B1%D8%A7%D9%86", "post_title_3": "دانشجوی ریاضی دانشگاه تهران", "post_content_3": "عاره خلاصه،\nفکر میکردیم میریم سی‌اس امیرکبیر میخونیم.\nولی خب ای دل غافل!\nامسال سهمیه ۵درصدی که اضافه شد هیچ،\nظرفیتا که کم شد هیچ،\nعلاقه‌ی ملت به کامپیوتر زیاد شد.\nعلاقه که چه عرض کنم،\nفکر کردن برن کامپیوتر بخونن مثل چی پول درمیارن.\nرفتن!\nکامپیوتر جای برق و مکانیک رو گرفته الان!\nکامپیوتر واسه ریاضیا مثل پزشکی واسه تجربیاست!!!!\nعاره دیگه چندروزیه تهران مستقرم و سومین روز هست که رفتم دانشگاه.\nراضیم به رشته‌م،\nو خب به هدفایی که برای بعدش دارم هم راضیم.\n\nخوش میگذره دانشگاه\nخوش بگذرونید شماعم :دییییی", "post_url_4": "http://konkurism99.blog.ir/post/%D8%AF%D9%88%D8%B1%D8%A7%D9%87%DB%8C-%D8%A8%D8%AF%D8%AA%D8%B1-%D8%A7%D8%B2-%DA%86%D9%86%D8%AF%D8%B1%D8%A7%D9%87%DB%8C-%D8%B3%D8%AA", "post_title_4": "دوراهی بدتر از چندراهی ست ..", "post_content_4": "اینکه مدتی قبل از انتخاب رشته سریال بیگ بنگ رو ندیدم به دلیل اینکه یادم بره چقدر به فیزیک علاقه دارم نمیدونم کار منطقی ایه یا نه\nولی در هر صورت نمیشه بین کامپیوتر و فیزیک اولویت بندی کرد\nامیدوارم بتونم هر دو رو پیش ببرم\n..", "post_url_5": "http://konkurism99.blog.ir/post/%D8%AA%D8%A7%D8%A8%D8%B3%D8%AA%D8%A7%D9%86-%D8%AE%D9%88%D8%AF-%D8%B1%D8%A7-%DA%86%DA%AF%D9%88%D9%86%D9%87-%DA%AF%D8%B0%D8%B1%D8%A7%D9%86%D8%AF%DB%8C%D8%AF", "post_title_5": "تابستان خود را چگونه گذراندید؟ :))", "post_content_5": "تا 15 روز بعد از کنکور همه چیز روی برنامه بود ..\nو مرداد رسما رو هوا بود :))\nتوی مرداد چنتا کتاب خوندم و سریال دیدم و کد زدم\nو از امروز به طور جدی تری شروع به کد زدن کردم\nهمچنان منتظر نتیجه ها هم هستم :))\nآها رانندگی هم میرم :))\nدیگه کار خاصی انجام ندادم فعلا :-\"\n\nکنکوریا در چه حالن؟ :))", "post_full_content_5": "", "post_full_content_4": "\nدوراهی بدتر از چندراهی ست ..\n\n\n\nاینکه مدتی قبل از انتخاب رشته سریال بیگ بنگ رو ندیدم به دلیل اینکه یادم بره چقدر به فیزیک علاقه دارم نمیدونم کار منطقی ایه یا نه\nولی در هر صورت نمیشه بین کامپیوتر و فیزیک اولویت بندی کرد\nامیدوارم بتونم هر دو رو پیش ببرم\n..\n\n\n\n\n\n۹۶/۰۶/۱۱\n\n\n\n\nیه دانشجو\n\n\n\n\n", "post_full_content_2": "\nواتس آپ؟ :دییییی\n\n\n", "post_full_content_3": "", "post_full_content_1": "\nفرجه‌های امتحانی :))\n\n\n\nبعد چندماه اومدم باز پست بذارم :))\nخب درس‌ها تقریبا اوکیه ولی مشکلم با ۲درس مبانی‌ریاضی و ریاضی۱ عه :))\nکامل‌ترش رو بعد ترم۱ میام میگم و مخصوصا برای کنکوریا تعریف میکنم :))\nچراکه خودم پارسال دائم دنبال حرفای ترم۱عی‌ها و دانشجوها بودم و پیدا نمیکردم.\nآره خلاصه دعا کنید درسی رو نیفتم و نمره‌م اوکی بشه :))\nمرسی ^_^\nموفق باشید ^____^\n\n\n\n\n\n۹۶/۱۰/۲۰\n\n\n\n\nیه دانشجو\n\n\n\n\n"}