{"type": "blog", "blog_name": "...اینجا زیر باران", "blog_url": "http://here-under-rain.blog.ir/", "post_url_1": "http://here-under-rain.blog.ir/1396/11/05/%D8%A2%D9%BE%D9%88%D9%BE%D8%AA%D9%88%D8%B2", "post_title_1": "آپوپتوز !", "post_content_1": "بسم الله مهربون :)\n\nمیدونم سلول های مغزی و عصبیم ، در راستای پاتولوژی خوندن و حفظ کردن این حجم از مطالب سنگنین و غیرقابل فهم ، نهایتا دچار نکروز و اپوپتوز میشن ... تمام :|\n\n+ :)", "post_url_2": "http://here-under-rain.blog.ir/1396/11/04/%D8%B3%D9%86%DA%AF%DA%A9-%D8%AC%D8%A7%D9%86", "post_title_2": "سنگک جان :)", "post_content_2": "بسم الله مهربون :)\n\nیه چشمم باز ، یه چشمم بسته ، تند تند دارم گزینه های نمونه سوالا رو حفظ میکنم ... پیامش میاد بالای صفحه ، بدو بیا سنگک داغ کنجدی اوردم با کلپچ ...\nبا شوقی بدون وصف پرواز میکنم به سمت سنگک کنجدی عزیزم با چای شیرین و پنیر که بهترین صبحانه ی دنیاست =)) \nبه وقت 6:37 دیقه صبح !\nکلپچ هم برای خودش  -_-  اییی -_-\n\n+ :)", "post_url_3": "http://here-under-rain.blog.ir/1396/11/03/%D9%82%D9%88%D9%84-%D8%AF%D8%A7%D8%AF%D9%85-%D8%A8%D9%87-%D8%AE%D9%88%D8%AF%D9%85-%D8%A7%D8%B2-%D8%A7%D9%88%D9%86-%D9%82%D9%88%D9%84-%D9%87%D8%A7%DB%8C-%D8%AD%D8%AA%D9%85%DB%8C", "post_title_3": "قول دادم به خودم :) از اون قول های حتمی !", "post_content_3": "بسم الله مهربون :)\n\nبا دیدن این پیام کلی خوشحال شدم :) کلی ناراحت شدم :( کلی هم دلتنگ شدم :|\n\nحذف شد :)\nیه ترم دیگه هم تموم شد . یه قدم نزدیک تر شدم . انگار همین دیروز بود همچین پیامی برای ترم دوم نماینده نوشت :) وای که چقد زود میگذره ...\nقول دادم به خودم ، اگه به \"هر\" دلیلی نشد راه زندگیم رو عوض کنم ، و واقعا قرار شد پزشک بشم ، از همه ی توان و هوش و استعدادم در این راه استفاده کنم و به معنای واقعی کلمه \"پزشک\" بشم ... دلم نمیخواد شرمنده ی خودم بشم . ناگفته نمونه تمام تلاشم رو انجام میدم که این راه همین امسال تموم شه d; اگه نشد ، میپذیرمش با تمام وجود :) میرم دیگه برای تخصص و فوق تخصص و ...\n\n+ الهی که بخواین و بشه :)", "post_url_4": "http://here-under-rain.blog.ir/1396/11/03/%D8%AC%D9%84%D9%84-%D8%A7%D9%84%D8%B9%D8%AC%D8%A7%DB%8C%D8%A8", "post_title_4": "جلل العجایب :|", "post_content_4": "بسم الله مهربون :)\n\nبه استاد فیزیو گوارش پیام دادم برای تحقیق ، موضوع رو \"بیماری ارثی کانال قلبی\" تعیین کرده :| قلب چه ربطی داره به گوارش اخه :|\n\n+ :)", "post_url_5": "http://here-under-rain.blog.ir/1396/11/03/%D9%85%DA%A9%D8%AA%D8%A8-%D9%85%D9%86%DA%AF%D9%88%D9%84%DB%8C%D8%B3%D9%85-%D8%8C-%D8%A7%D8%B3%DA%A9%D9%84%DB%8C%D8%B3%D9%85", "post_title_5": "مکتب منگولیسم ، اسکلیسم :|", "post_content_5": "بسم الله مهربون :)\n\n+چقد این امتحان های لعنتی از من انرژی گرفتن ... چند وقته درست و حسابی نخوابیدم ؟ خاله میگه بیا تعطیلات بین ترم بریم مسافرت ... خیلی دوست دارم برم ، از طرفی میگم بمونم یه ذره برای کنکور بخونم . خلاصه که نه دلم میاد نرم ، نه میتونم از درس هام بگذرم و برم -_- حالا شاید برم :)\n\n+ واقعا ذوق کردم اینا رو برام خریده بود :)) انقد دوسشون دارم دلم نمیاد بخورمشون d;\n\n\n+همش داشت درمورد این \"ایسم\" ها حرف میزد . کلافه شده بودم دیگه ... چقدم خشک و حوصله سربر تعریف میکرد :| دیگه میخواستم بزنم تو سر و صورت خودم بگم اقا اصن مکتب منگولیسم ، اسکولیسم ، هرچی تو میگی ... بیخیال فقط (گریه ی حضار!)\n\n+چیه بعضی ادما مث دیوارن ! نازنین داشت تعریف میکرد از جریانات گروه بندی ها ، با اینکه بار هزارم بود داشت ادای منو درمیاورد ، ولی بازم داشتم غش میکردم بس که بانمک تعریف میکرد ... بعد اون خیلی بی روح زل زده بود به ما ، یه ذره گوشه لبش کج شده بود :// بازم الحمدلله که شکر خدا وگرنه والا به خدا :|| افسرده _\n\n+سه تا امتحان مونده فقط ... سه تا ، تا رهایی :)) البته بهتره بگم سه تا ، تا تجربه ی مشروطی D;\n\n+ :)", "post_full_content_5": "\n\nمکتب منگولیسم ، اسکلیسم :|\n\n\n\nسه شنبه ۳ بهمن ۹۶\n\n\n\nبسم الله مهربون :)\n\n+چقد این امتحان های لعنتی از من انرژی گرفتن ... چند وقته درست و حسابی نخوابیدم ؟ خاله میگه بیا تعطیلات بین ترم بریم مسافرت ... خیلی دوست دارم برم ، از طرفی میگم بمونم یه ذره برای کنکور بخونم . خلاصه که نه دلم میاد نرم ، نه میتونم از درس هام بگذرم و برم -_- حالا شاید برم :)\n\n+ واقعا ذوق کردم اینا رو برام خریده بود :)) انقد دوسشون دارم دلم نمیاد بخورمشون d;\n\n\n+همش داشت درمورد این \"ایسم\" ها حرف میزد . کلافه شده بودم دیگه ... چقدم خشک و حوصله سربر تعریف میکرد :| دیگه میخواستم بزنم تو سر و صورت خودم بگم اقا اصن مکتب منگولیسم ، اسکولیسم ، هرچی تو میگی ... بیخیال فقط (گریه ی حضار!)\n\n+چیه بعضی ادما مث دیوارن ! نازنین داشت تعریف میکرد از جریانات گروه بندی ها ، با اینکه بار هزارم بود داشت ادای منو درمیاورد ، ولی بازم داشتم غش میکردم بس که بانمک تعریف میکرد ... بعد اون خیلی بی روح زل زده بود به ما ، یه ذره گوشه لبش کج شده بود :// بازم الحمدلله که شکر خدا وگرنه والا به خدا :|| افسرده _\n\n+سه تا امتحان مونده فقط ... سه تا ، تا رهایی :)) البته بهتره بگم سه تا ، تا تجربه ی مشروطی D;\n\n+ :)\n\n\n\nپرواز ...\n\n\n\n۸ موافق\n\n\n۰ مخالف\n\n\n\n\n\n\n\n\n\n\n\nدرباره من\n\n\n\nخداوند برای هرکس همون قدر وجود داره که او به خداوند ایمان داره، این یک رابطه‌ی دو طرفه است :)مصطفی_مستور\n\n\n\n\n\n\n\n\nخلاصه آمار\n\n\n\n\n\n\n\n\n\n\n\n\n\n\n\n\n\n\n\n\n\n\n\n\n\n\n\n\n\n\n\n\n\n\n\n\n\n\n\n\n\n\n\n\n\n\n\n\n\n\n\n\n\n\nآخرین مطالب\n\n\n\n\n\nآپوپتوز !\n\n\nسنگک جان :)\n\n\nقول دادم به خودم :) از اون قول های حتمی !\n\n\nجلل العجایب :|\n\n\nمکتب منگولیسم ، اسکلیسم :|\n\n\nخب واقعیت اینه ازش میترسم :)\n\n\nیعنی میشه من بعد امتحان هارو ببینم ؟\n\n\nتموم شهر خوابیدن ، من از فکر امتحان فردا بیدارم -_-\n\n\nهمچنان یه دسته نرگس وحشی !\n\n\nناخودآگاه مثل پازل ، ذهنم همه ی مسائل و حرف هارو میچینه کنار هم !\n\n\n\n\n\n\n\n\n\nآرشیو مطالب\n\n\n\n\n\n\nبهمن ۱۳۹۶ ( ۶ )\n\n\nدی ۱۳۹۶ ( ۲۳ )\n\n\n\n\n\n\n\n\n\n\nپیوندها\n\n\n\n\n\nفروردین دخت عزیزم :)♡\n\n\nهفت سال تلاش مقدس\n\n\nپرتقال دیوانه :)\n\n\nدختریم شهریوری در پرچین مجازی\n\n\nمترسک\n\n\nحقیقت زندگی\n\n\nشباهنگ\n\n\nساخت وبلاگ جدید در blog.ir\n\n\nنرم افزار مهاجرت به blog.ir\n\n\nوبلاگ رسمی شرکت بیان\n\n\nصندوق بیان\n\n\n\n\n\n\n\n\n\nپیوندهای روزانه\n\n\n\n\n\nپاسخ به سوالات وبلاگ نویسان\n\n\nآخرین وبلاگ های به روز شده\n\n\nزندگی به سبک بیان!\n\n\n\n\n\n\nطراح قالب : عرفـــ ـــان\n\nقدرت گرفته از\nبلاگ\nبیان\n\n\n\n", "post_full_content_4": "\n\nجلل العجایب :|\n\n\n\nسه شنبه ۳ بهمن ۹۶\n\n\n\nبسم الله مهربون :)\n\nبه استاد فیزیو گوارش پیام دادم برای تحقیق ، موضوع رو \"بیماری ارثی کانال قلبی\" تعیین کرده :| قلب چه ربطی داره به گوارش اخه :|\n\n+ :)\n\n\n\nپرواز ...\n\n\n\n۱ نظر\n\n\n\n\n۶ موافق\n\n\n۰ مخالف\n\n\n\n\n", "post_full_content_3": "\n\nقول دادم به خودم :) از اون قول های حتمی !\n\n\n\nسه شنبه ۳ بهمن ۹۶\n\n\n\nبسم الله مهربون :)\n\nبا دیدن این پیام کلی خوشحال شدم :) کلی ناراحت شدم :( کلی هم دلتنگ شدم :|\n\nحذف شد :)\nیه ترم دیگه هم تموم شد . یه قدم نزدیک تر شدم . انگار همین دیروز بود همچین پیامی برای ترم دوم نماینده نوشت :) وای که چقد زود میگذره ...\nقول دادم به خودم ، اگه به \"هر\" دلیلی نشد راه زندگیم رو عوض کنم ، و واقعا قرار شد پزشک بشم ، از همه ی توان و هوش و استعدادم در این راه استفاده کنم و به معنای واقعی کلمه \"پزشک\" بشم ... دلم نمیخواد شرمنده ی خودم بشم . ناگفته نمونه تمام تلاشم رو انجام میدم که این راه همین امسال تموم شه d; اگه نشد ، میپذیرمش با تمام وجود :) میرم دیگه برای تخصص و فوق تخصص و ...\n\n+ الهی که بخواین و بشه :)\n\n\n\nپرواز ...\n\n\n\n۸ نظر\n\n\n\n\n۱۰ موافق\n\n\n۰ مخالف\n\n\n\n\n", "post_full_content_2": "\n\nسنگک جان :)\n\n\n\nچهارشنبه ۴ بهمن ۹۶\n\n\n\nبسم الله مهربون :)\n\nیه چشمم باز ، یه چشمم بسته ، تند تند دارم گزینه های نمونه سوالا رو حفظ میکنم ... پیامش میاد بالای صفحه ، بدو بیا سنگک داغ کنجدی اوردم با کلپچ ...\nبا شوقی بدون وصف پرواز میکنم به سمت سنگک کنجدی عزیزم با چای شیرین و پنیر که بهترین صبحانه ی دنیاست =)) \nبه وقت 6:37 دیقه صبح !\nکلپچ هم برای خودش  -_-  اییی -_-\n\n+ :)\n\n\n\nپرواز ...\n\n\n\n۱۰ نظر\n\n\n\n\n۱۲ موافق\n\n\n۱ مخالف\n\n\n\n\n", "post_full_content_1": "\n\nآپوپتوز !\n\n\n\nپنجشنبه ۵ بهمن ۹۶\n\n\n\nبسم الله مهربون :)\n\nمیدونم سلول های مغزی و عصبیم ، در راستای پاتولوژی خوندن و حفظ کردن این حجم از مطالب سنگنین و غیرقابل فهم ، نهایتا دچار نکروز و اپوپتوز میشن ... تمام :|\n\n+ :)\n\n\n\nپرواز ...\n\n\n\n۱۰ موافق\n\n\n۰ مخالف\n\n\n\n\n\n\n\n\n\n\n\nدرباره من\n\n\n\nخداوند برای هرکس همون قدر وجود داره که او به خداوند ایمان داره، این یک رابطه‌ی دو طرفه است :)مصطفی_مستور\n\n\n\n\n\n\n\n\nخلاصه آمار\n\n\n\n\n\n\n\n\n\n\n\n\n\n\n\n\n\n\n\n\n\n\n\n\n\n\n\n\n\n\n\n\n\n\n\n\n\n\n\n\n\n\n\n\n\n\n\n\n\n\n\n\n\n\nآخرین مطالب\n\n\n\n\n\nآپوپتوز !\n\n\nسنگک جان :)\n\n\nقول دادم به خودم :) از اون قول های حتمی !\n\n\nجلل العجایب :|\n\n\nمکتب منگولیسم ، اسکلیسم :|\n\n\nخب واقعیت اینه ازش میترسم :)\n\n\nیعنی میشه من بعد امتحان هارو ببینم ؟\n\n\nتموم شهر خوابیدن ، من از فکر امتحان فردا بیدارم -_-\n\n\nهمچنان یه دسته نرگس وحشی !\n\n\nناخودآگاه مثل پازل ، ذهنم همه ی مسائل و حرف هارو میچینه کنار هم !\n\n\n\n\n\n\n\n\n\nآرشیو مطالب\n\n\n\n\n\n\nبهمن ۱۳۹۶ ( ۶ )\n\n\nدی ۱۳۹۶ ( ۲۳ )\n\n\n\n\n\n\n\n\n\n\nپیوندها\n\n\n\n\n\nفروردین دخت عزیزم :)♡\n\n\nهفت سال تلاش مقدس\n\n\nپرتقال دیوانه :)\n\n\nدختریم شهریوری در پرچین مجازی\n\n\nمترسک\n\n\nحقیقت زندگی\n\n\nشباهنگ\n\n\nساخت وبلاگ جدید در blog.ir\n\n\nنرم افزار مهاجرت به blog.ir\n\n\nوبلاگ رسمی شرکت بیان\n\n\nصندوق بیان\n\n\n\n\n\n\n\n\n\nپیوندهای روزانه\n\n\n\n\n\nپاسخ به سوالات وبلاگ نویسان\n\n\nآخرین وبلاگ های به روز شده\n\n\nزندگی به سبک بیان!\n\n\n\n\n\n\nطراح قالب : عرفـــ ـــان\n\nقدرت گرفته از\nبلاگ\nبیان\n\n\n\n"}