{"type": "blog", "blog_name": "Fairytale", "blog_url": "http://bluefairy.blog.ir/", "post_url_1": "http://bluefairy.blog.ir/1396/11/04/%D9%84%D8%A7%D8%B2%D9%85%D9%87-%D8%AA%D8%A7%DA%A9%DB%8C%D8%AF-%DA%A9%D9%86%D9%85-%D8%A7%DB%8C%D9%86-%D9%BE%D8%B3%D8%AA-%D8%A8%D9%87-%DA%A9%D9%84-%D9%85%D8%B3%D8%AA%D9%82%D9%84-%D8%A7%D8%B2-%DA%A9%D9%86%DA%A9%D9%88%D8%B1%D9%87", "post_title_1": "لازمه تاکید کنم این پست به کل مستقل از کنکوره", "post_content_1": "شبیه رایلی اینساید اوت شدم - این تنها شخصیتیه که اسمش یادم مونده، شگفت انگیزه. \nجزیره های زندگیم دارن یکی یکی یخ می زنن و فرو می ریزن.روابطم آشفته کننده تر از همیشه ان. کتابام دیگه نیستن و دیگه نمی تونم بنویسم. یا حداقل مثه قبل نمی تونم بنویسم. هیچ جایی از زندگیم نیس که بتونم بهش پناه ببرم. مونا و فاطمه و نازنین تو زنگ های متوالی می پرسن چرا انقدر مغموم و خسته ام و منم فک می کنم دوس دارم بغل بشم و دوس دارم حرف بزنم تا این جزیره های یخ زده ی نیمه ویرانه یکم دیرتر فرو بریزن. ولی بعدش؟ میگم کوچکترین مشکلی نیس. آقای شین می پرسه آیا مشکلی دارم ، و من فک می کنم کاش می تونستم حرف بزنم و بگم که چقدر می ترسم از ترک شدن و بعدش می گم «اگه بشه برامون کلاس خصوصی زیست بزارن» \nبا فاطمه حرف می زنم و بهش میگم اهمیتی نداره اگه کم خونده ، همه ی اینا تو عید جبران میشه. تو نباید ناراحت باشی. نباید روحیه ات رو از دست بدی. بعدش فک می کنم شاید بهتر باشه این نصیحت ها رو از زبون فرد شادتری بشنوه. نه از زبون کسی که کل مدرسه می دونن در وضعیت جالبی نیس.\nاون جزایر با هر نسیمی تلو تلو می خورن و من نمی فهمم چی کار کنم تا حداقل غمم به حدی برسه که بتونم گریه کنم.", "post_url_2": "http://bluefairy.blog.ir/1396/10/17/%D8%AF%D8%A7%D8%B1%D9%85-%D8%A7%D8%B2-%D8%AF%D8%B1%DA%A9-%D9%85%D8%AA%D9%82%D8%A7%D8%A8%D9%84-%D8%AD%D8%B1%D9%81-%D9%85%DB%8C-%D8%B2%D9%86%D9%85", "post_title_2": "دارم از درک متقابل حرف می زنم", "post_content_2": "در نهایت عزیزانم ، دفعه ی بعدی که خواستیم رییس جمهوری ای چیزی انتخاب کنیم ، باید حواسمون باشه به جای دستبند و بنفش و سبز و این حرفا ، بشینیم بحث کنیم. نه مثه آدمایی که جوری رفتار می کنن که انگار حزبشون جزیی از ژنتیکشونه. بلکه مثه کسایی که می خوان بهترین راه رو برای آینده انتخاب کنن.\nمثلا افراد زندگی من و کسایی که باهاشون یه ارتباطی چیزی داشتم توی اون دوره اصلاح طلب بودند و اکثرا طوری با طرفداران رییسی برخورد می کردند انگار که خودشون شاهزاده ی انگلستان هستند و طرفدارای رییسی رعیت. من مطلقا بحث سازنده ای یادم نمیاد یا طرفدارای یه نفر با هم بحث می کردند و به این نتیجه می رسیدند چقدر خوبند یا اگه بحثی بین طرفدارای دو طرف بود نیمه تموم می موند یا به دعوا ختم می شد.\nمن اون موقع تعصبی نداشتم. فک می کردم روحانی خوبه و رییسی افتضاحه ولی به خاطر همون بی اطلاعیم و مهم تر از همه ، شناخت روحیه ی ایرانی نظری نمی دادم.\nولی مثلا الان با فاطمه - که اصولگراعه و درسته که همسن منه ولی جزو معدود افرادیه که جدی جدی میره تحقیق می کنه و منطقیه - میشینم بحث می کنم و اون واسم خیلی از چیزا رو دربارشون تحقیق کرده می گه و منم خیلی از چیزایی که به نظرم کاملا احمقانه اس می گم. و تا الان هر دوتامون خیلی از چیزایی که قبلا نمی دونستیم ، می دونیم. \nاین به نظر شیوه ی بهتری میاد ، نمیاد؟", "post_url_3": "http://bluefairy.blog.ir/1396/10/14/34-seven", "post_title_3": "347", "post_content_3": "در نهایت، بعد از دیدن تک تک تحلیل های سیاسی تحلیلگران سراسر دنیا (بله ، کنکور همچین بلایی سر آدم میاره) به این نتیجه رسیدم که بدبختی ما از جمعیت عمدتا تجربی خون ماست. چون یکی از سازگاری هایی که تجربیا پیدا می کنن اعتراض نکردنه. مثلا من شخصا شش ماه قبل فهمیدم مهم نیس که هر چار گزینه ی سوال درستند و سوال گزینه ی غلط رو خواسته و مهم نیس که تو کتاب قیدای متناقض نوشته ، این منم که باید \"ذهن طراح رو بخونم\" و گزینه ی درست رو پیدا کنم. هر چی غلط بزنم تقصیر خودمه و نه سوالای سلیقه ای و طراح های خنگ که یادشون نمی مونه گلبولای قرمز هسته ندارند و تو یوکاریوت ها هم تقسیم دوتایی داریم و برای تراژنی شدن باید DNA ی یک گونه ی دیگه باشه و فلان و بیسار. چرا اینطوری ایم؟ چون کافیه که اعتراض کنی و رتبه ات از یه رقمی به چار رقمی نزول پیدا کنه. پس در نهایت همه چیز رو می پذیری و هر بدبختی ای رو دووم میاری صرفا چون می ترسی.", "post_url_4": "http://bluefairy.blog.ir/1396/10/11/%D9%85%D9%86-%D8%AE%D9%88%D8%A8%D9%85-%D8%8C-%D8%B4%D9%85%D8%A7-%DA%86%D8%B7%D9%88%D8%B1%DB%8C", "post_title_4": "من خوبم ، شما چطوری؟", "post_content_4": "امید است حالا که تلگرام و اینستاگرام و فلان و بیسار قطع شده ، تقوای الهی پیشه کنید و برگردید سر وبلاگاتون.", "post_url_5": "http://bluefairy.blog.ir/1396/03/26/Apocalypse", "post_title_5": "Apocalypse", "post_content_5": "در نهایت فهمیدم که از اینجا خوشم نمیاد و دیگه تحملشو ندارم.\nحدودا هزاران بار درباره ی این سیستم دنبال کننده ها غر زدم و به عنوان حسن ختام باید بگم اون لحظاتی که کسی آنفالو می کنه و تو فک می کنی که «نکنه خیلی بد می نویسم؟!» و یه ریویویی از پستای اخیرت درست می کنی تو ذهنت ، لحظات مزخرفی هستند که من دیگه بر نمی تابم.\nحالا نمی دونم می خوام آدرس بعدیمو بزارم یا نه ولی شما به هر حال اگه دوس دارین بخونین یه نشونه ای از خودتون بزارین.\nو اگه دوس دارین می تونین هر حسی که به اینجا داشتین/دارین بگین.خوشحال می شم از شنیدنش.نظرات تایید نمی شن.\nپایان :)", "post_full_content_2": "\n\n\n\nدارم از درک متقابل حرف می زنم\n\n\n\n\n\n\n\n\n\n\nدر نهایت عزیزانم ، دفعه ی بعدی که خواستیم رییس جمهوری ای چیزی انتخاب کنیم ، باید حواسمون باشه به جای دستبند و بنفش و سبز و این حرفا ، بشینیم بحث کنیم. نه مثه آدمایی که جوری رفتار می کنن که انگار حزبشون جزیی از ژنتیکشونه. بلکه مثه کسایی که می خوان بهترین راه رو برای آینده انتخاب کنن.\nمثلا افراد زندگی من و کسایی که باهاشون یه ارتباطی چیزی داشتم توی اون دوره اصلاح طلب بودند و اکثرا طوری با طرفداران رییسی برخورد می کردند انگار که خودشون شاهزاده ی انگلستان هستند و طرفدارای رییسی رعیت. من مطلقا بحث سازنده ای یادم نمیاد یا طرفدارای یه نفر با هم بحث می کردند و به این نتیجه می رسیدند چقدر خوبند یا اگه بحثی بین طرفدارای دو طرف بود نیمه تموم می موند یا به دعوا ختم می شد.\nمن اون موقع تعصبی نداشتم. فک می کردم روحانی خوبه و رییسی افتضاحه ولی به خاطر همون بی اطلاعیم و مهم تر از همه ، شناخت روحیه ی ایرانی نظری نمی دادم.\nولی مثلا الان با فاطمه - که اصولگراعه و درسته که همسن منه ولی جزو معدود افرادیه که جدی جدی میره تحقیق می کنه و منطقیه - میشینم بحث می کنم و اون واسم خیلی از چیزا رو دربارشون تحقیق کرده می گه و منم خیلی از چیزایی که به نظرم کاملا احمقانه اس می گم. و تا الان هر دوتامون خیلی از چیزایی که قبلا نمی دونستیم ، می دونیم. \nاین به نظر شیوه ی بهتری میاد ، نمیاد؟\n\n\n\n\n\n۰ \n\n\n\n\n\n\n ۲۷\n\n\n\n\n", "post_full_content_5": "\n\n\n\nApocalypse\n\n\n\n\n\n\n\n\n\n\nدر نهایت فهمیدم که از اینجا خوشم نمیاد و دیگه تحملشو ندارم.\nحدودا هزاران بار درباره ی این سیستم دنبال کننده ها غر زدم و به عنوان حسن ختام باید بگم اون لحظاتی که کسی آنفالو می کنه و تو فک می کنی که «نکنه خیلی بد می نویسم؟!» و یه ریویویی از پستای اخیرت درست می کنی تو ذهنت ، لحظات مزخرفی هستند که من دیگه بر نمی تابم.\nحالا نمی دونم می خوام آدرس بعدیمو بزارم یا نه ولی شما به هر حال اگه دوس دارین بخونین یه نشونه ای از خودتون بزارین.\nو اگه دوس دارین می تونین هر حسی که به اینجا داشتین/دارین بگین.خوشحال می شم از شنیدنش.نظرات تایید نمی شن.\nپایان :)\n\n\n\n\n\n۰ \n\n\n\n\n\n\n ۷۷\n\n\n\n\n", "post_full_content_4": "\n\n\n\nمن خوبم ، شما چطوری؟\n\n\n\n\n\n\n\n\n\n\nامید است حالا که تلگرام و اینستاگرام و فلان و بیسار قطع شده ، تقوای الهی پیشه کنید و برگردید سر وبلاگاتون.\n\n\n\n\n\n۱۱ \n\n\n\n\n\n\n ۴۰\n\n\n\n\n", "post_full_content_3": "\n\n\n\n347\n\n\n\n\n\n\n\n\n\n\nدر نهایت، بعد از دیدن تک تک تحلیل های سیاسی تحلیلگران سراسر دنیا (بله ، کنکور همچین بلایی سر آدم میاره) به این نتیجه رسیدم که بدبختی ما از جمعیت عمدتا تجربی خون ماست. چون یکی از سازگاری هایی که تجربیا پیدا می کنن اعتراض نکردنه. مثلا من شخصا شش ماه قبل فهمیدم مهم نیس که هر چار گزینه ی سوال درستند و سوال گزینه ی غلط رو خواسته و مهم نیس که تو کتاب قیدای متناقض نوشته ، این منم که باید \"ذهن طراح رو بخونم\" و گزینه ی درست رو پیدا کنم. هر چی غلط بزنم تقصیر خودمه و نه سوالای سلیقه ای و طراح های خنگ که یادشون نمی مونه گلبولای قرمز هسته ندارند و تو یوکاریوت ها هم تقسیم دوتایی داریم و برای تراژنی شدن باید DNA ی یک گونه ی دیگه باشه و فلان و بیسار. چرا اینطوری ایم؟ چون کافیه که اعتراض کنی و رتبه ات از یه رقمی به چار رقمی نزول پیدا کنه. پس در نهایت همه چیز رو می پذیری و هر بدبختی ای رو دووم میاری صرفا چون می ترسی.\n\n\n\n\n\n۰ \n\n\n\n\n\n\n ۲۱\n\n\n\n\n", "post_full_content_1": "\n\n\n\nلازمه تاکید کنم این پست به کل مستقل از کنکوره\n\n\n\n\n\n\n\n\n\n\nشبیه رایلی اینساید اوت شدم - این تنها شخصیتیه که اسمش یادم مونده، شگفت انگیزه. \nجزیره های زندگیم دارن یکی یکی یخ می زنن و فرو می ریزن.روابطم آشفته کننده تر از همیشه ان. کتابام دیگه نیستن و دیگه نمی تونم بنویسم. یا حداقل مثه قبل نمی تونم بنویسم. هیچ جایی از زندگیم نیس که بتونم بهش پناه ببرم. مونا و فاطمه و نازنین تو زنگ های متوالی می پرسن چرا انقدر مغموم و خسته ام و منم فک می کنم دوس دارم بغل بشم و دوس دارم حرف بزنم تا این جزیره های یخ زده ی نیمه ویرانه یکم دیرتر فرو بریزن. ولی بعدش؟ میگم کوچکترین مشکلی نیس. آقای شین می پرسه آیا مشکلی دارم ، و من فک می کنم کاش می تونستم حرف بزنم و بگم که چقدر می ترسم از ترک شدن و بعدش می گم «اگه بشه برامون کلاس خصوصی زیست بزارن» \nبا فاطمه حرف می زنم و بهش میگم اهمیتی نداره اگه کم خونده ، همه ی اینا تو عید جبران میشه. تو نباید ناراحت باشی. نباید روحیه ات رو از دست بدی. بعدش فک می کنم شاید بهتر باشه این نصیحت ها رو از زبون فرد شادتری بشنوه. نه از زبون کسی که کل مدرسه می دونن در وضعیت جالبی نیس.\nاون جزایر با هر نسیمی تلو تلو می خورن و من نمی فهمم چی کار کنم تا حداقل غمم به حدی برسه که بتونم گریه کنم.\n\n\n\n\n\n۳ \n\n\n\n\n\n\n ۱۷\n\n\n\n\n"}