{"type": "blog", "blog_name": "خرید بک لینک", "blog_url": "http://vessels.blog.ir/", "post_url_1": "http://vessels.blog.ir/1396/05/17/%D8%A7%D9%87%D8%AF%D8%A7%D9%81%20%D9%88%20%D8%B1%D9%88%DB%8C%DA%A9%D8%B1%D8%AF%20%D9%87%D8%A7%DB%8C%20%D8%AF%D8%A7%D9%86%D8%B4%DA%AF%D8%A7%D9%87%20%D9%85%D8%B0%D8%A7%D9%87%D8%A8%20%D8%A7%D8%B3%D9%84%D8%A7%D9%85%DB%8C", "post_title_1": "اهداف و رویکرد های دانشگاه مذاهب اسلامی", "post_content_1": "حجت الاسلام والمسلمین دکتر محمد حسین مختاری رئیس دانشگاه مذاهب اسلامی در شبکه خبر از اهداف و رویکرد های این دانشگاه گفت.", "post_url_2": "http://vessels.blog.ir/1396/05/17/%D9%88%D8%B1%D9%88%D8%AF%20%D9%86%D8%AE%D8%B3%D8%AA%DB%8C%D9%86%20%DA%A9%D8%A7%D8%B1%D9%88%D8%A7%D9%86%20%D8%AC%D8%A7%D9%86%D8%A8%D8%A7%D8%B2%D8%A7%D9%86%20%D8%A8%D9%87%20%D9%85%D8%AF%DB%8C%D9%86%D9%87", "post_title_2": "ورود نخستین کاروان جانبازان به مدینه", "post_content_2": "نخستین کاروان جانبازان با 123 زائر، وارد مدینه منوره شد و مورد استقبال مسئولان بعثه و سازمان حج و زیارت قرار گرفت.", "post_url_3": "http://vessels.blog.ir/1396/05/17/%D9%85%D8%B1%D8%A7%D8%B3%D9%85%20%D9%82%D8%AF%D8%B1%D8%AF%D8%A7%D9%86%DB%8C%20%D8%A7%D8%B2%20%D8%AE%D8%A8%D8%B1%D9%86%DA%AF%D8%A7%D8%B1%D8%A7%D9%86%20%D8%B1%D8%B3%D8%A7%D9%86%D9%87%20%D9%85%D9%84%DB%8C", "post_title_3": "مراسم قدردانی از خبرنگاران رسانه ملی", "post_content_3": "مراسم گرامیداشت روز خبرنگار با حضور جمعی از مسئولان و اصحاب رسانه در مرکز همایش های صدا و سیما آغاز شد.", "post_url_4": "http://vessels.blog.ir/1396/05/17/%D8%B3%D9%87%D9%85%20%D9%87%D8%B1%20%DB%8C%DA%A9%20%D8%A7%D8%B2%20%D9%85%D9%82%D8%A7%D9%85%D8%A7%D8%AA%20%D8%A7%D8%B2%20%D8%AF%DB%8C%D8%AF%D8%A7%D8%B1%D9%87%D8%A7%DB%8C%20%D8%AE%D8%A7%D8%B1%D8%AC%DB%8C%20%D8%AA%D8%AD%D9%84%DB%8C%D9%81", "post_title_4": "سهم هر یک از مقامات از دیدارهای خارجی تحلیف", "post_content_4": "رئیس‌جمهور حدود ۲۳ ملاقات در چند روز اخیر با برخی هیات‌های عالیرتبه  شرکت‌کننده  در این مراسم داشته‌اند و ملاقات‌های رئیس مجلس، معاون اول و وزیر خارجه به ترتیب ۳۰، ۷ و ۲۷ مورد بوده است", "post_url_5": "http://vessels.blog.ir/1396/05/17/%D8%B4%D8%A7%D9%87%20%D9%85%D8%B1%DB%8C%D8%B6%20%D9%88%20%D9%85%D8%B4%D8%B1%D9%88%D8%B7%D9%87", "post_title_5": "شاه مریض و مشروطه", "post_content_5": "یکصدویازده سال از صدور فرمان مشروطیت گذشت.", "post_full_content_5": "\n\n\nشاه مریض و مشروطه\n\nتعداد نظرات :۰\n\n\n\n\n\n\n\n\nیکصدویازده سال از صدور فرمان مشروطیت گذشت.\n\n\n۹۶/۰۵/۱۷\n\nاحمد خالقی\n\n\nبازدید:۴۳ بار\n\n\nادامه مطلب\n\n\n", "post_full_content_2": "\n\n\nورود نخستین کاروان جانبازان به مدینه\n\nتعداد نظرات :۰\n\n\n\n\n\n\n\n\nنخستین کاروان جانبازان با 123 زائر، وارد مدینه منوره شد و مورد استقبال مسئولان بعثه و سازمان حج و زیارت قرار گرفت.\n\n\n۹۶/۰۵/۱۷\n\nاحمد خالقی\n\n\nبازدید:۴۴ بار\n\n\nادامه مطلب\n\n\n", "post_full_content_3": "\n\n\nمراسم قدردانی از خبرنگاران رسانه ملی\n\nتعداد نظرات :۰\n\n\n\n\n\n\n\n\nمراسم گرامیداشت روز خبرنگار با حضور جمعی از مسئولان و اصحاب رسانه در مرکز همایش های صدا و سیما آغاز شد.\n\n\n۹۶/۰۵/۱۷\n\nاحمد خالقی\n\n\nبازدید:۴۵ بار\n\n\nادامه مطلب\n\n\n", "post_full_content_1": "\n\n\nاهداف و رویکرد های دانشگاه مذاهب اسلامی\n\nتعداد نظرات :۰\n\n\n\n\n\n\n\n\nحجت الاسلام والمسلمین دکتر محمد حسین مختاری رئیس دانشگاه مذاهب اسلامی در شبکه خبر از اهداف و رویکرد های این دانشگاه گفت.\n\n\n۹۶/۰۵/۱۷\n\nاحمد خالقی\n\n\nبازدید:۵۱ بار\n\n\nادامه مطلب\n\n\n", "post_full_content_4": "\n\n\nسهم هر یک از مقامات از دیدارهای خارجی تحلیف\n\nتعداد نظرات :۰\n\n\n\n\n\n\n\n\nرئیس‌جمهور حدود ۲۳ ملاقات در چند روز اخیر با برخی هیات‌های عالیرتبه  شرکت‌کننده  در این مراسم داشته‌اند و ملاقات‌های رئیس مجلس، معاون اول و وزیر خارجه به ترتیب ۳۰، ۷ و ۲۷ مورد بوده است\n\n\n۹۶/۰۵/۱۷\n\nاحمد خالقی\n\n\nبازدید:۴۴ بار\n\n\nادامه مطلب\n\n\n"}